P,Key.cmd,1654475496741595000
P,Key.tab,1654475496949515000
R,Key.tab,1654475497140657000
R,Key.cmd,1654475497157130000
P,'t',1654475503693063000
R,'t',1654475503781834000
P,'w',1654475503997047000
R,'w',1654475504165035000
P,'i',1654475504221029000
R,'i',1654475504349063000
P,Key.enter,1654475506204499000
R,Key.enter,1654475506324113000
P,'f',1654475513790652000
R,'f',1654475513892525000
P,'d',1654475514132417000
R,'d',1654475514252460000
P,Key.backspace,1654475517692232000
R,Key.backspace,1654475517796119000
P,'p',1654475518779529000
R,'p',1654475518891469000
P,'d',1654475519012272000
R,'d',1654475519108184000
P,'1',1654475520060108000
R,'1',1654475520188224000
P,'s',1654475521220179000
R,'s',1654475521316264000
P,'o',1654475522299942000
R,'o',1654475522380050000
P,'c',1654475522428060000
R,'c',1654475522548138000
P,'i',1654475523052017000
R,'i',1654475523139849000
P,'a',1654475523220089000
R,'a',1654475523347831000
P,'l',1654475523380051000
R,'l',1654475523484025000
P,Key.shift,1654475524396075000
P,'@',1654475524579450000
R,'@',1654475524667452000
R,Key.shift,1654475524691157000
P,'g',1654475525147272000
R,'g',1654475525235872000
P,'m',1654475525483886000
R,'m',1654475525509442000
P,'a',1654475526267933000
R,'a',1654475526379772000
P,'i',1654475526755779000
R,'i',1654475526835808000
P,'l',1654475526987801000
R,'l',1654475527059793000
P,'.',1654475527171473000
R,'.',1654475527267859000
P,'c',1654475527283749000
R,'c',1654475527379862000
P,'o',1654475527699674000
R,'o',1654475527763757000
P,'m',1654475527867905000
R,'m',1654475527963700000
P,Key.tab,1654475528523757000
R,Key.tab,1654475528715907000
P,Key.shift,1654475532059662000
R,Key.shift,1654475532347787000
P,Key.shift,1654475535595573000
R,Key.shift,1654475536115444000
P,Key.shift,1654475544650790000
P,'C',1654475549290601000
R,Key.shift,1654475549363584000
R,'c',1654475549370481000
P,'o',1654475549746563000
R,'o',1654475549834774000
P,'a',1654475549890744000
R,'a',1654475549959060000
P,'c',1654475550122274000
R,'c',1654475550234484000
P,'h',1654475550339354000
R,'h',1654475550450475000
P,Key.space,1654475550530601000
R,Key.space,1654475550634574000
P,Key.shift,1654475551602516000
R,Key.shift,1654475551794616000
P,Key.shift,1654475552371774000
P,'C',1654475552554218000
R,'C',1654475552642294000
R,Key.shift,1654475552658551000
P,'a',1654475553018496000
R,'a',1654475553138577000
P,'r',1654475553339003000
R,'r',1654475553410648000
P,'t',1654475553507034000
R,'t',1654475553586849000
P,'e',1654475553634235000
P,'r',1654475553722381000
R,'e',1654475553746041000
R,'r',1654475553802687000
P,Key.space,1654475553954867000
R,Key.space,1654475554050409000
P,'t',1654475554521765000
R,'t',1654475554610360000
P,'e',1654475554946909000
R,'e',1654475555098202000
P,'a',1654475556379892000
R,'a',1654475556490293000
P,'c',1654475556634480000
R,'c',1654475556722700000
P,'h',1654475556769803000
R,'h',1654475556858369000
P,'e',1654475556890626000
R,'e',1654475556969542000
P,'s',1654475557090992000
R,'s',1654475557233890000
P,Key.space,1654475557258841000
R,Key.space,1654475557338789000
P,'l',1654475559434537000
R,'l',1654475559554581000
P,'i',1654475559682159000
R,'i',1654475559769745000
P,'f',1654475559826111000
R,'f',1654475559923401000
P,'e',1654475560097968000
R,'e',1654475560177454000
P,Key.space,1654475560233572000
R,Key.space,1654475560338076000
P,'l',1654475560946185000
R,'l',1654475561058595000
P,'e',1654475561106719000
R,'e',1654475561193989000
P,'s',1654475561347244000
R,'s',1654475561417982000
P,'s',1654475561489722000
R,'s',1654475561585931000
P,'o',1654475561626102000
R,'o',1654475561706050000
P,'n',1654475561833326000
R,'n',1654475561938476000
P,'s',1654475561954007000
R,'s',1654475562033591000
P,Key.space,1654475562050212000
R,Key.space,1654475562146074000
P,'a',1654475562513772000
P,'b',1654475562681958000
R,'a',1654475562689637000
R,'b',1654475562770137000
P,'o',1654475562890715000
R,'o',1654475563001290000
P,'u',1654475563114230000
R,'u',1654475563178063000
P,'t',1654475563353928000
R,'t',1654475563435141000
P,Key.space,1654475563537901000
R,Key.space,1654475563642394000
P,'i',1654475564106387000
R,'i',1654475564209995000
P,'n',1654475564329926000
R,'n',1654475564417727000
P,'a',1654475564851569000
R,'a',1654475564970623000
P,'d',1654475565145959000
R,'d',1654475565210301000
P,'e',1654475565313660000
R,'e',1654475565401414000
P,'q',1654475565785487000
R,'q',1654475565906158000
P,'u',1654475566331014000
R,'u',1654475566425841000
P,'a',1654475566449646000
R,'a',1654475566553793000
P,'c',1654475566697660000
R,'c',1654475566793919000
P,'y',1654475566873792000
R,'y',1654475566969591000
P,Key.space,1654475567074407000
R,Key.space,1654475567194031000
P,'b',1654475568618844000
R,'b',1654475568713745000
P,'e',1654475568753187000
R,'e',1654475568841525000
P,'i',1654475568865662000
R,'i',1654475568961806000
P,'n',1654475569041885000
R,'n',1654475569137029000
P,'g',1654475569169315000
R,'g',1654475569274244000
P,Key.space,1654475569305624000
R,Key.space,1654475569385503000
P,'w',1654475577569806000
R,'w',1654475577672552000
P,'e',1654475577865767000
R,'e',1654475577985693000
P,'i',1654475577992626000
R,'i',1654475578097267000
P,'g',1654475578168843000
R,'g',1654475578289531000
P,'t',1654475578417107000
R,'t',1654475578545224000
P,Key.backspace,1654475579201056000
R,Key.backspace,1654475579328956000
P,'t',1654475581544415000
R,'t',1654475581728369000
P,'h',1654475582289117000
R,'h',1654475582401317000
P,Key.backspace,1654475582888842000
R,Key.backspace,1654475582977015000
P,Key.backspace,1654475583064268000
R,Key.backspace,1654475583161394000
P,'h',1654475583640941000
R,'h',1654475583745612000
P,'t',1654475583752407000
R,'t',1654475583880515000
P,Key.space,1654475584016892000
R,Key.space,1654475584168608000
P,Key.backspace,1654475585528787000
R,Key.backspace,1654475585657010000
P,'l',1654475585888452000
R,'l',1654475585993491000
P,'e',1654475586064791000
R,'e',1654475586184666000
P,'s',1654475586617008000
R,'s',1654475586768894000
P,'s',1654475586848973000
R,'s',1654475586993403000
P,Key.space,1654475587425374000
R,Key.space,1654475587552921000
P,'t',1654475591024583000
R,'t',1654475591144514000
P,'o',1654475591232725000
R,'o',1654475591328473000
P,Key.space,1654475591496528000
R,Key.space,1654475591608169000
P,'t',1654475591761203000
R,'t',1654475591864595000
P,'h',1654475591888169000
R,'h',1654475591984413000
P,'e',1654475592033865000
P,Key.space,1654475592152523000
R,'e',1654475592184888000
R,Key.space,1654475592232587000
P,'p',1654475592560496000
R,'p',1654475592648696000
P,'o',1654475592720368000
R,'o',1654475592816592000
P,'w',1654475592848494000
R,'w',1654475592976465000
P,'e',1654475593072765000
R,'e',1654475593192408000
P,'r',1654475593288389000
R,'r',1654475593424517000
P,Key.space,1654475593511855000
R,Key.space,1654475593616809000
P,'o',1654475593975956000
R,'o',1654475594072387000
P,'f',1654475594103883000
R,'f',1654475594192393000
P,Key.space,1654475594240379000
R,Key.space,1654475594312364000
P,'o',1654475594424125000
R,'o',1654475594512914000
P,'u',1654475594680463000
R,'u',1654475594776437000
P,'r',1654475594793259000
R,'r',1654475594872873000
P,Key.space,1654475594944314000
R,Key.space,1654475595056401000
P,'i',1654475595232240000
R,'i',1654475595344867000
P,'n',1654475595464341000
R,'n',1654475595544980000
P,'n',1654475595608348000
R,'n',1654475595720270000
P,'w',1654475595856221000
R,'w',1654475595952645000
P,'e',1654475596104758000
R,'e',1654475596208327000
P,Key.backspace,1654475596568263000
R,Key.backspace,1654475596656154000
P,Key.backspace,1654475596752237000
R,Key.backspace,1654475596832324000
P,'e',1654475597424439000
R,'e',1654475597520031000
P,'r',1654475597960234000
R,'r',1654475598063918000
P,Key.space,1654475598352118000
R,Key.space,1654475598472297000
P,'t',1654475598728629000
R,'t',1654475598824126000
P,'r',1654475598848248000
R,'r',1654475598920718000
P,'u',1654475599136642000
R,'u',1654475599216129000
P,'e',1654475599328002000
R,'e',1654475599424294000
P,Key.space,1654475599784131000
R,Key.space,1654475599920401000
P,'s',1654475600048083000
R,'s',1654475600152196000
P,'e',1654475600264434000
R,'e',1654475600360105000
P,'l',1654475600367783000
R,'l',1654475600464095000
P,'v',1654475600584834000
R,'v',1654475600663581000
P,'e',1654475600784166000
R,'e',1654475600848832000
P,'s',1654475601008240000
R,'s',1654475601160071000
P,'.',1654475602512043000
R,'.',1654475602599417000
P,Key.cmd,1654475611336432000
P,Key.tab,1654475611551496000
R,Key.cmd,1654475611720452000
R,Key.tab,1654475611726972000
P,Key.cmd,1654475614951345000
P,'c',1654475615191521000
R,'c',1654475615287343000
R,Key.cmd,1654475615375518000
P,Key.ctrl,1654475616983342000
P,'v',1654475617191347000
R,'v',1654475617254860000
P,'c',1654475617790620000
R,'c',1654475617870593000
R,Key.ctrl,1654475618238698000
P,Key.backspace,1654475618966986000
R,Key.backspace,1654475619038656000
P,Key.backspace,1654475619135122000
R,Key.backspace,1654475619214905000
P,Key.ctrl,1654475619719041000
P,'c',1654475620071119000
P,Key.cmd,1654475902800484000
P,Key.tab,1654475902816210000
R,Key.cmd,1654475902968390000
R,Key.tab,1654475903009982000
P,Key.shift,1654475913103798000
P,'C',1654475916511567000
R,'C',1654475916583434000
R,Key.shift,1654475916599474000
P,'h',1654475916887496000
R,'h',1654475916959401000
P,'r',1654475917215466000
R,'r',1654475917287304000
P,'i',1654475917657550000
R,'i',1654475917742720000
P,'s',1654475917774716000
R,'s',1654475917887021000
P,Key.space,1654475917921584000
R,Key.space,1654475918000408000
P,Key.shift,1654475918911408000
P,'R',1654475919047392000
R,'R',1654475919134714000
R,Key.shift,1654475919153832000
P,'o',1654475920287330000
R,'o',1654475920382768000
P,'c',1654475920487076000
R,'c',1654475920615281000
P,'k',1654475920679074000
R,'k',1654475920799388000
P,Key.space,1654475921007154000
R,Key.space,1654475921127146000
P,'i',1654475923295254000
R,'i',1654475923415054000
P,'s',1654475923495049000
R,'s',1654475923582872000
P,Key.space,1654475923671065000
R,Key.space,1654475923767083000
P,'h',1654475944390072000
R,'h',1654475944485687000
P,'a',1654475944501234000
R,'a',1654475944645923000
P,'n',1654475944653759000
R,'n',1654475944774021000
P,'d',1654475944981093000
R,'d',1654475945125838000
P,'l',1654475945253745000
R,'l',1654475945365888000
P,'e',1654475945373837000
R,'e',1654475945493816000
P,Key.space,1654475945581890000
R,Key.space,1654475945677657000
P,Key.backspace,1654475948373347000
R,Key.backspace,1654475948469586000
P,Key.backspace,1654475948549692000
R,Key.backspace,1654475948621564000
P,Key.backspace,1654475948725701000
R,Key.backspace,1654475948773440000
P,Key.backspace,1654475948837661000
R,Key.backspace,1654475948933661000
P,Key.backspace,1654475949013578000
R,Key.backspace,1654475949085699000
P,Key.backspace,1654475949157619000
R,Key.backspace,1654475949245359000
P,Key.backspace,1654475949317608000
R,Key.backspace,1654475949381631000
P,Key.backspace,1654475949445356000
R,Key.backspace,1654475949525512000
P,Key.backspace,1654475949605623000
R,Key.backspace,1654475949693627000
P,Key.backspace,1654475950021603000
R,Key.backspace,1654475950149598000
P,'w',1654475951093591000
R,'w',1654475951197570000
P,'a',1654475951325579000
R,'a',1654475951453548000
P,'s',1654475951549547000
R,'s',1654475951661459000
P,Key.space,1654475951677392000
R,Key.space,1654475951773215000
P,'n',1654475951909534000
R,'n',1654475952005549000
P,'o',1654475952149923000
R,'o',1654475952253512000
P,'t',1654475952517543000
R,'t',1654475952636978000
P,Key.space,1654475952709356000
R,Key.space,1654475952805370000
P,'w',1654475953405469000
R,'w',1654475953509365000
P,'r',1654475953837448000
R,'r',1654475953973505000
P,'o',1654475954013380000
R,'o',1654475954109333000
P,'n',1654475954261426000
R,'n',1654475954357313000
P,'g',1654475955549267000
R,'g',1654475955685302000
P,"','",1654475956389284000
R,"','",1654475956501319000
P,Key.space,1654475957085102000
R,Key.space,1654475957205008000
P,'-',1654475958389196000
R,'-',1654475958501083000
P,'s',1654475958876952000
R,'s',1654475958989133000
P,'t',1654475959149097000
R,'t',1654475959229047000
P,'i',1654475959636925000
P,'c',1654475959733232000
R,'i',1654475959733842000
R,'c',1654475959805076000
P,'k',1654475959848364000
R,'k',1654475959933078000
P,'s',1654475960061083000
R,'s',1654475960164990000
P,Key.space,1654475960172785000
R,Key.space,1654475960276959000
P,'a',1654475960349075000
P,'n',1654475960452949000
R,'a',1654475960460390000
R,'n',1654475960524205000
P,'d',1654475960613042000
R,'d',1654475960724995000
P,Key.space,1654475960725764000
R,Key.space,1654475960812999000
P,'s',1654475960853049000
R,'s',1654475960964944000
P,'t',1654475961109049000
R,'t',1654475961188831000
P,'o',1654475961516715000
R,'o',1654475961581013000
P,'n',1654475961772968000
R,'n',1654475961852973000
P,'e',1654475961876849000
R,'e',1654475961980640000
P,'s',1654475962476877000
R,'s',1654475962596957000
P,'.',1654475964348895000
R,'.',1654475964468830000
P,Key.cmd,1654475976548039000
P,Key.tab,1654475976756103000
R,Key.tab,1654475976923724000
R,Key.cmd,1654475976939368000
P,Key.ctrl,1654475980724020000
P,'c',1654475981099942000
P,Key.shift,1654476470448458000
R,Key.shift,1654476470616479000
P,Key.shift,1654476479736198000
P,'J',1654476479959950000
R,Key.shift,1654476480023788000
R,'j',1654476480039918000
P,Key.backspace,1654476567411241000
R,Key.backspace,1654476567499075000
P,Key.shift,1654476571362857000
P,'J',1654476571530811000
R,Key.shift,1654476571627041000
R,'j',1654476571627696000
P,'o',1654476571770846000
R,'o',1654476571890851000
P,'e',1654476572050860000
R,'e',1654476572202843000
P,Key.space,1654476572682796000
R,Key.space,1654476572810692000
P,'n',1654476573716838000
R,'n',1654476573818629000
P,'e',1654476573930689000
R,'e',1654476573986711000
P,'e',1654476574010669000
R,'e',1654476574074609000
P,'e',1654476574210710000
R,'e',1654476574346803000
P,'d',1654476574514619000
R,'d',1654476574634240000
P,Key.backspace,1654476575114651000
R,Key.backspace,1654476575218443000
P,Key.backspace,1654476575306444000
R,Key.backspace,1654476575442714000
P,'d',1654476576130532000
R,'d',1654476576226615000
P,'s',1654476576362718000
R,'s',1654476576498574000
P,Key.space,1654476576506515000
R,Key.space,1654476576618334000
P,'t',1654476576874578000
R,'t',1654476577010242000
P,'o',1654476577034496000
R,'o',1654476577162482000
P,Key.space,1654476577442435000
R,Key.space,1654476577562500000
P,'r',1654476578154324000
R,'r',1654476578250406000
P,'e',1654476578362300000
R,'e',1654476578442496000
P,'a',1654476578850508000
R,'a',1654476578994443000
P,'l',1654476579050444000
R,'l',1654476579130368000
P,'l',1654476579218371000
R,'l',1654476579306455000
P,'y',1654476579402311000
R,'y',1654476579482447000
P,Key.space,1654476579578336000
R,Key.space,1654476579682296000
P,Key.backspace,1654476583906175000
P,Key.backspace,1654476584407503000
P,Key.backspace,1654476584491678000
P,Key.backspace,1654476584576099000
P,Key.backspace,1654476584660272000
P,Key.backspace,1654476584744604000
P,Key.backspace,1654476584828544000
P,Key.backspace,1654476584912300000
P,Key.backspace,1654476584996419000
P,Key.backspace,1654476585080891000
P,Key.backspace,1654476585165166000
P,Key.backspace,1654476585249450000
P,Key.backspace,1654476585333073000
P,Key.backspace,1654476585417145000
P,Key.backspace,1654476585501267000
P,Key.backspace,1654476585585712000
P,Key.backspace,1654476585669713000
P,Key.backspace,1654476585753218000
P,Key.backspace,1654476585836498000
P,Key.backspace,1654476585919591000
P,Key.backspace,1654476586003627000
R,Key.backspace,1654476586049938000
P,Key.shift,1654476586602608000
P,'I',1654476586890040000
R,'I',1654476586969930000
R,Key.shift,1654476586977709000
P,Key.space,1654476587113895000
R,Key.space,1654476587225659000
P,'h',1654476587409163000
R,'h',1654476587481885000
P,'o',1654476588049967000
R,'o',1654476588153931000
P,'p',1654476588257948000
R,'p',1654476588353849000
P,'e',1654476588377577000
R,'e',1654476588457903000
P,Key.space,1654476588593887000
R,Key.space,1654476588713907000
P,Key.shift,1654476589489955000
P,'J',1654476589689864000
R,Key.shift,1654476589753736000
R,'j',1654476589801639000
P,'o',1654476590993789000
P,'e',1654476591097675000
R,'o',1654476591105164000
R,'e',1654476591225682000
P,Key.space,1654476591425672000
R,Key.space,1654476591553717000
P,'c',1654476591873608000
R,'c',1654476591969727000
P,'a',1654476592177732000
R,'a',1654476592305382000
P,'n',1654476592353651000
R,'n',1654476592473696000
P,Key.space,1654476592689671000
R,Key.space,1654476592801567000
P,'s',1654476599889279000
R,'s',1654476599993088000
P,'t',1654476600025225000
R,'t',1654476600137145000
P,'a',1654476600144916000
R,'a',1654476600256871000
P,'r',1654476600313291000
R,'r',1654476600369261000
P,'t',1654476600449274000
R,'t',1654476600553248000
P,Key.space,1654476600745105000
R,Key.space,1654476600881244000
P,'d',1654476603496987000
R,'d',1654476603577056000
P,'e',1654476603705070000
R,'e',1654476603801204000
P,'l',1654476603816991000
R,'l',1654476603905060000
P,'i',1654476604016751000
R,'i',1654476604097061000
P,'v',1654476604176769000
R,'v',1654476604265071000
P,'e',1654476604480861000
R,'e',1654476604576445000
P,'r',1654476604729046000
R,'r',1654476604824986000
P,'i',1654476605280919000
R,'i',1654476605345073000
P,'n',1654476605504957000
R,'n',1654476605616955000
P,'g',1654476605664964000
R,'g',1654476605752979000
P,'-',1654476606904922000
R,'-',1654476607008883000
P,Key.space,1654476607032865000
R,Key.space,1654476607152546000
P,'i',1654476607488869000
R,'i',1654476607568958000
P,Key.space,1654476607736853000
R,Key.space,1654476607848680000
P,'n',1654476607953012000
R,'n',1654476608040806000
P,'e',1654476608088827000
R,'e',1654476608136732000
P,'e',1654476608232818000
R,'e',1654476608328807000
P,'d',1654476608464818000
R,'d',1654476608561192000
P,Key.space,1654476608680804000
R,Key.space,1654476608792664000
P,'t',1654476609168773000
R,'t',1654476609312761000
P,'o',1654476609336681000
R,'o',1654476609448452000
P,Key.space,1654476609648653000
R,Key.space,1654476609744718000
P,'s',1654476609816647000
R,'s',1654476609936707000
P,'e',1654476610064610000
R,'e',1654476610144603000
P,'e',1654476610240701000
R,'e',1654476610328684000
P,Key.space,1654476610448473000
R,Key.space,1654476610552658000
P,'m',1654476611368348000
R,'m',1654476611480632000
P,'y',1654476611816630000
R,'y',1654476611904615000
P,Key.space,1654476612288560000
R,Key.space,1654476612400475000
P,'r',1654476615064353000
R,'r',1654476615184419000
P,'e',1654476615344434000
R,'e',1654476615456333000
P,'a',1654476616328387000
R,'a',1654476616496351000
P,'p',1654476617136314000
R,'p',1654476617224223000
P,'i',1654476617400425000
R,'i',1654476617520070000
P,'n',1654476617696216000
R,'n',1654476617808201000
P,'g',1654476617848197000
R,'g',1654476617944262000
P,Key.space,1654476618008023000
R,Key.space,1654476618096175000
P,'s',1654476618360251000
R,'s',1654476618472158000
P,'t',1654476618808166000
R,'t',1654476618904213000
P,'a',1654476618912135000
R,'a',1654476619040232000
P,'r',1654476619104202000
R,'r',1654476619191902000
P,']',1654476619768186000
P,']',1654476620269360000
P,']',1654476620353699000
P,']',1654476620437173000
R,']',1654476620488034000
P,Key.backspace,1654476620712087000
P,Key.backspace,1654476621212938000
P,Key.backspace,1654476621297273000
P,Key.backspace,1654476621381561000
P,Key.backspace,1654476621465888000
P,Key.backspace,1654476621549905000
P,Key.backspace,1654476621634308000
P,Key.backspace,1654476621718453000
P,Key.backspace,1654476621802777000
P,Key.backspace,1654476621887073000
P,Key.backspace,1654476621970333000
P,Key.backspace,1654476622053607000
P,Key.backspace,1654476622137707000
R,Key.backspace,1654476622176229000
P,Key.backspace,1654476622511889000
R,Key.backspace,1654476622583893000
P,Key.backspace,1654476622680014000
R,Key.backspace,1654476622767970000
P,Key.backspace,1654476622864023000
R,Key.backspace,1654476622959973000
P,Key.backspace,1654476623671843000
R,Key.backspace,1654476623759912000
P,Key.backspace,1654476623855712000
R,Key.backspace,1654476623919929000
P,Key.backspace,1654476624015743000
R,Key.backspace,1654476624119570000
P,'w',1654476624671819000
R,'w',1654476624783716000
P,'h',1654476624863832000
R,'h',1654476624952283000
P,'a',1654476625031869000
R,'a',1654476625207646000
P,'t',1654476625215809000
R,'t',1654476625311775000
P,Key.space,1654476625639592000
R,Key.space,1654476625751740000
P,'i',1654476626177853000
R,'i',1654476626279725000
P,Key.space,1654476626519791000
R,Key.space,1654476626615644000
P,'c',1654476626815807000
R,'c',1654476626911699000
P,'o',1654476627255248000
R,'o',1654476627351765000
P,'n',1654476627495796000
R,'n',1654476627607614000
P,'t',1654476627639533000
R,'t',1654476627735606000
P,'r',1654476627855752000
R,'r',1654476627935709000
P,'i',1654476627951605000
R,'i',1654476628063408000
P,'b',1654476628215725000
R,'b',1654476628303616000
P,'u',1654476628479723000
R,'u',1654476628567458000
P,'t',1654476628575631000
R,'t',1654476628671556000
P,'e',1654476628863519000
R,'e',1654476628983660000
P,'d',1654476629127549000
R,'d',1654476629215633000
P,Key.space,1654476629295545000
R,Key.space,1654476629399546000
P,'i',1654476629975532000
R,'i',1654476630079552000
P,'s',1654476630247591000
R,'s',1654476630359508000
P,Key.space,1654476630455581000
R,Key.space,1654476630551458000
P,'g',1654476631167548000
R,'g',1654476631271424000
P,'o',1654476631319505000
R,'o',1654476631399541000
P,'i',1654476631511412000
R,'i',1654476631591507000
P,'n',1654476631703460000
R,'n',1654476631799412000
P,'g',1654476631823502000
R,'g',1654476631967256000
P,Key.space,1654476631975394000
R,Key.space,1654476632047455000
P,'t',1654476632087529000
R,'t',1654476632214894000
P,'o',1654476632519361000
R,'o',1654476632615436000
P,Key.space,1654476632847341000
R,Key.space,1654476632959321000
P,'g',1654476633199359000
R,'g',1654476633279361000
P,'r',1654476633415337000
R,'r',1654476633527321000
P,'o',1654476633543244000
R,'o',1654476633631397000
P,'w',1654476633831381000
R,'w',1654476633927423000
P,'.',1654476634039402000
R,'.',1654476634159355000
P,Key.cmd,1654476639735185000
P,Key.tab,1654476640231042000
R,Key.cmd,1654476640390960000
R,Key.tab,1654476640406350000
P,Key.ctrl,1654476642070974000
P,'c',1654476642846853000
P,Key.shift,1654476892744917000
P,'C',1654476892872877000
R,'C',1654476892936856000
R,Key.shift,1654476892944912000
P,'o',1654476893368980000
P,'a',1654476893464973000
R,'o',1654476893472187000
R,'a',1654476893560963000
P,'c',1654476893744940000
R,'c',1654476893880850000
P,'h',1654476894000827000
R,'h',1654476894064761000
P,Key.space,1654476894288737000
R,Key.space,1654476894384547000
P,Key.shift,1654476895048971000
P,'C',1654476895256806000
R,'C',1654476895344750000
R,Key.shift,1654476895352750000
P,'a',1654476895448845000
P,'r',1654476895568785000
R,'a',1654476895616507000
R,'r',1654476895664607000
P,'t',1654476895808593000
R,'t',1654476895896735000
P,'e',1654476895960665000
R,'e',1654476896104752000
P,'r',1654476897392581000
R,'r',1654476897528648000
P,Key.space,1654476897704618000
R,Key.space,1654476897824632000
P,'k',1654476898344725000
R,'k',1654476898359941000
P,'n',1654476899624349000
R,'n',1654476899712978000
P,'o',1654476899816529000
R,'o',1654476899912429000
P,'c',1654476899936480000
R,'c',1654476900040490000
P,'k',1654476900136449000
R,'k',1654476900224499000
P,'s',1654476900304299000
R,'s',1654476900416277000
P,Key.space,1654476900440442000
R,Key.space,1654476900576426000
P,'i',1654476900736475000
R,'i',1654476900848399000
P,'t',1654476900872467000
R,'t',1654476900967586000
P,Key.space,1654476901022177000
R,Key.space,1654476901072009000
P,'o',1654476901199606000
R,'o',1654476901296451000
P,'u',1654476901504333000
R,'u',1654476901608484000
P,'t',1654476901624240000
R,'t',1654476901728416000
P,Key.space,1654476902264313000
R,Key.space,1654476902360217000
P,'o',1654476902568350000
R,'o',1654476902656267000
P,'f',1654476902744357000
P,Key.space,1654476902824329000
R,'f',1654476902831830000
R,Key.space,1654476902904188000
P,'t',1654476902984225000
P,'h',1654476903112276000
R,'t',1654476903127568000
R,'h',1654476903192209000
P,Key.space,1654476903408278000
R,Key.space,1654476903495653000
P,Key.backspace,1654476903848347000
R,Key.backspace,1654476903968237000
P,'e',1654476904400131000
R,'e',1654476904512008000
P,Key.space,1654476904544245000
R,Key.space,1654476904624026000
P,'p',1654476904792126000
R,'p',1654476904880199000
P,'a',1654476904896151000
R,'a',1654476905040201000
P,'r',1654476905263767000
P,'k',1654476905367459000
R,'r',1654476905399426000
R,'k',1654476905480285000
P,Key.space,1654476905592103000
R,Key.space,1654476905672005000
P,'o',1654476905792252000
R,'o',1654476905896173000
P,'n',1654476906040177000
R,'n',1654476906096160000
P,Key.space,1654476906328120000
R,Key.space,1654476906424120000
P,'h',1654476907055605000
R,'h',1654476907152049000
P,'o',1654476907288102000
R,'o',1654476907392127000
P,'w',1654476907408008000
R,'w',1654476907512001000
P,Key.space,1654476907623886000
R,Key.space,1654476907735961000
P,'y',1654476924287329000
R,'y',1654476924383010000
P,'o',1654476924622926000
R,'o',1654476924751168000
P,'u',1654476924871042000
R,'u',1654476924967092000
P,'n',1654476925071181000
R,'n',1654476925159020000
P,'g',1654476925207057000
R,'g',1654476925335070000
P,Key.space,1654476925359057000
R,Key.space,1654476925431064000
P,'b',1654476925607071000
R,'b',1654476925687035000
P,'l',1654476925862974000
R,'l',1654476925958917000
P,'a',1654476925982967000
R,'a',1654476926094938000
P,'c',1654476926239001000
R,'c',1654476926326930000
P,'k',1654476926342936000
R,'k',1654476926430809000
P,Key.space,1654476926518996000
R,Key.space,1654476926606978000
P,'m',1654476926678982000
P,'e',1654476926782991000
R,'m',1654476926790382000
R,'e',1654476926870958000
P,'n',1654476926934935000
R,'n',1654476926998788000
P,Key.space,1654476927110943000
R,Key.space,1654476927206932000
P,'a',1654476927390970000
R,'a',1654476927494994000
P,'r',1654476927662968000
R,'r',1654476927774844000
P,'e',1654476927886856000
R,'e',1654476928015023000
P,Key.space,1654476928022814000
R,Key.space,1654476928110886000
P,'p',1654476928686768000
R,'p',1654476928790798000
P,'o',1654476928910899000
R,'o',1654476928990819000
P,'r',1654476929006787000
R,'r',1654476929078859000
P,'t',1654476929574862000
R,'t',1654476929670908000
P,'r',1654476929830829000
R,'r',1654476929894728000
P,'a',1654476930110721000
R,'a',1654476930278561000
P,'y',1654476930286715000
R,'y',1654476930382785000
P,'e',1654476930438792000
R,'e',1654476930510764000
P,'d',1654476930630747000
R,'d',1654476930718776000
P,'.',1654476930854699000
R,'.',1654476930942736000
P,Key.space,1654476930990661000
R,Key.space,1654476931071095000
P,Key.shift,1654476931622607000
P,'T',1654476931830669000
R,'T',1654476931902689000
R,Key.shift,1654476931910678000
P,'h',1654476932038608000
R,'h',1654476932158582000
P,'e',1654476932166633000
R,'e',1654476932262692000
P,'y',1654476932446697000
R,'y',1654476932526692000
P,Key.space,1654476932598577000
R,Key.space,1654476932694629000
P,'a',1654476933374672000
R,'a',1654476933478464000
P,'r',1654476933806610000
R,'r',1654476933886672000
P,'e',1654476933974625000
R,'e',1654476934070373000
P,Key.space,1654476934094554000
R,Key.space,1654476934198549000
P,'p',1654476934302498000
R,'p',1654476934390310000
P,'o',1654476934518330000
R,'o',1654476934605845000
P,'r',1654476934653793000
R,'r',1654476934766541000
P,'t',1654476934910537000
R,'t',1654476934990461000
P,'r',1654476935270282000
R,'r',1654476935302367000
P,'a',1654476935614378000
R,'a',1654476935726403000
P,'y',1654476936174501000
R,'y',1654476936294451000
P,'e',1654476936318459000
R,'e',1654476936422448000
P,'d',1654476936566432000
R,'d',1654476936678365000
P,Key.space,1654476936782186000
R,Key.space,1654476936918362000
P,'s',1654476939750243000
R,'s',1654476939838058000
P,'c',1654476939982177000
R,'c',1654476940070238000
P,'a',1654476940222140000
R,'a',1654476940414230000
P,'r',1654476940542134000
R,'r',1654476940654038000
P,'y',1654476940798208000
R,'y',1654476940886163000
P,"','",1654476941230152000
R,"','",1654476941326170000
P,Key.space,1654476941446079000
R,Key.space,1654476941558077000
P,'b',1654476942646153000
R,'b',1654476942717875000
P,'o',1654476942894102000
R,'o',1654476943030176000
P,'y',1654476943189964000
R,'y',1654476943286060000
P,'s',1654476943326049000
R,'s',1654476943430109000
P,Key.space,1654476943470022000
R,Key.space,1654476943549927000
P,'i',1654476943789270000
R,'i',1654476943902023000
P,'n',1654476943973905000
R,'n',1654476944062012000
P,Key.space,1654476944165917000
R,Key.space,1654476944269988000
P,'h',1654476944397691000
R,'h',1654476944477980000
P,'o',1654476944669923000
R,'o',1654476944749761000
P,'o',1654476944822151000
R,'o',1654476944925843000
P,'d',1654476944941701000
R,'d',1654476945005796000
P,'i',1654476945037989000
R,'i',1654476945117963000
P,'e',1654476945182338000
R,'e',1654476945285939000
P,'s',1654476945429959000
R,'s',1654476945573713000
P,"','",1654476945621802000
R,"','",1654476945709975000
P,Key.space,1654476945917804000
R,Key.space,1654476946029797000
P,'s',1654476947677716000
R,'s',1654476947805783000
P,'k',1654476947821702000
R,'k',1654476947917729000
P,'i',1654476948005744000
R,'i',1654476948109804000
P,'p',1654476948733740000
R,'p',1654476948805710000
P,'p',1654476948877758000
R,'p',1654476948965755000
P,'i',1654476949093671000
R,'i',1654476949181730000
P,'n',1654476949261620000
R,'n',1654476949357700000
P,'g',1654476949373632000
R,'g',1654476949477747000
P,Key.space,1654476949525622000
R,Key.space,1654476949621499000
P,'s',1654476949869690000
R,'s',1654476949989656000
P,'c',1654476950085678000
R,'c',1654476950189587000
P,'h',1654476950261675000
R,'h',1654476950341660000
P,'o',1654476950509670000
R,'o',1654476950589574000
P,'o',1654476950661654000
R,'o',1654476950733558000
P,'l',1654476950837649000
R,'l',1654476950917626000
P,"','",1654476951069655000
R,"','",1654476951165432000
P,Key.space,1654476951213674000
R,Key.space,1654476951309500000
P,'b',1654476951549497000
R,'b',1654476951621371000
P,'u',1654476951701607000
R,'u',1654476951805572000
P,'t',1654476951877583000
R,'t',1654476952013555000
P,Key.space,1654476952125484000
R,Key.space,1654476952245188000
P,'w',1654476952941440000
R,'w',1654476953037440000
P,'h',1654476953093522000
R,'h',1654476953164762000
P,'a',1654476953277533000
R,'a',1654476953357431000
P,'t',1654476953669481000
R,'t',1654476953781498000
P,'i',1654476954005470000
R,'i',1654476954117176000
P,'t',1654476954261406000
R,'t',1654476954397383000
P,Key.backspace,1654476954765404000
R,Key.backspace,1654476954837250000
P,Key.backspace,1654476954925281000
R,Key.backspace,1654476955037300000
P,Key.space,1654476955213400000
R,Key.space,1654476955317272000
P,'i',1654476955437392000
R,'i',1654476955533419000
P,'t',1654476955549315000
R,'t',1654476955661351000
P,Key.space,1654476955709238000
R,Key.space,1654476955805313000
P,'d',1654476956204995000
R,'d',1654476956285334000
P,'o',1654476956357367000
R,'o',1654476956429232000
P,'e',1654476956461327000
R,'e',1654476956557439000
P,'s',1654476956765224000
R,'s',1654476956893716000
P,Key.space,1654476956989197000
R,Key.space,1654476957068960000
P,'i',1654476962620921000
R,'i',1654476962708990000
P,'t',1654476962748986000
R,'t',1654476962828898000
P,Key.backspace,1654476963308938000
R,Key.backspace,1654476963420867000
P,'s',1654476964196908000
R,'s',1654476964316887000
P,Key.space,1654476964332755000
R,Key.space,1654476964436863000
P,'s',1654476964500143000
R,'s',1654476964620708000
P,'h',1654476964636799000
R,'h',1654476964708831000
P,'o',1654476964820662000
P,'w',1654476964908874000
R,'o',1654476964932304000
R,'w',1654476965036066000
P,Key.space,1654476965060030000
R,Key.space,1654476965156131000
P,'t',1654476965212850000
P,'h',1654476965332720000
R,'t',1654476965348052000
R,'h',1654476965412829000
P,Key.space,1654476965636732000
R,Key.space,1654476965748767000
P,Key.backspace,1654476966157397000
R,Key.backspace,1654476966276802000
P,'e',1654476966772761000
R,'e',1654476966868568000
P,Key.space,1654476966876384000
R,Key.space,1654476966980695000
P,'n',1654476967060256000
R,'n',1654476967164792000
P,'e',1654476967196749000
R,'e',1654476967244652000
P,'e',1654476967316600000
R,'e',1654476967420789000
P,'d',1654476967500710000
P,Key.space,1654476967596683000
R,'d',1654476967604130000
R,Key.space,1654476967684667000
P,'f',1654476967900694000
P,'o',1654476968020696000
R,'f',1654476968060400000
P,'r',1654476968132523000
R,'o',1654476968140130000
R,'r',1654476968244666000
P,Key.space,1654476968276623000
R,Key.space,1654476968380658000
P,'m',1654476968492591000
P,'e',1654476968580687000
R,'m',1654476968588027000
R,'e',1654476968692628000
P,'n',1654476968708525000
R,'n',1654476968796566000
P,'t',1654476968868564000
R,'t',1654476968940623000
P,'a',1654476969172343000
R,'a',1654476969308513000
P,'l',1654476969332750000
R,'l',1654476969452600000
P,Key.space,1654476969540458000
R,Key.space,1654476969660552000
P,'h',1654476970164491000
R,'h',1654476970251834000
P,'e',1654476970283754000
R,'e',1654476970364542000
P,'a',1654476970508557000
P,'l',1654476970644624000
R,'a',1654476970676449000
R,'l',1654476970748426000
P,'h',1654476970996511000
R,'h',1654476971084505000
P,Key.backspace,1654476971428528000
P,'t',1654476971556736000
R,Key.backspace,1654476971557348000
R,'t',1654476971676303000
P,'h',1654476972388320000
R,'h',1654476972460361000
P,'.',1654476972909821000
R,'.',1654476973004474000
P,Key.space,1654476973044451000
R,Key.space,1654476973156363000
P,Key.cmd,1654476980172083000
P,Key.tab,1654476980379951000
R,Key.cmd,1654476980540019000
R,Key.tab,1654476980579958000
P,Key.ctrl,1654476982203979000
P,'c',1654476982419978000
P,Key.cmd,1654477268516030000
P,Key.tab,1654477268619916000
R,Key.cmd,1654477268771865000
R,Key.tab,1654477268813091000
P,Key.cmd,1654477272051673000
P,Key.tab,1654477272227620000
R,Key.cmd,1654477272443518000
R,Key.tab,1654477272452042000
P,Key.shift,1654477278403495000
P,'W',1654477278651356000
R,'W',1654477278803220000
R,Key.shift,1654477278827309000
P,'i',1654477278979166000
R,'i',1654477279083504000
P,'l',1654477279251225000
R,'l',1654477279323127000
P,'l',1654477279402861000
R,'l',1654477279507155000
P,Key.space,1654477279875097000
R,Key.space,1654477279979218000
P,Key.shift,1654477280059180000
P,'S',1654477280259205000
R,Key.shift,1654477280363193000
R,'s',1654477280427123000
P,'m',1654477281155051000
R,'m',1654477281243068000
P,'o',1654477281739264000
R,'o',1654477281834908000
P,Key.backspace,1654477282523100000
R,Key.backspace,1654477282666970000
P,'i',1654477283130997000
R,'i',1654477283235023000
P,'t',1654477283283001000
R,'t',1654477283403044000
P,'h',1654477283418939000
R,'h',1654477283547183000
P,Key.space,1654477283786998000
R,Key.space,1654477283891015000
P,'t',1654477284011084000
R,'t',1654477284130932000
P,'h',1654477284443030000
R,'h',1654477284507030000
P,'a',1654477284706813000
R,'a',1654477284842975000
P,'t',1654477284994877000
R,'t',1654477285090837000
P,'s',1654477285154768000
R,'s',1654477285250931000
P,Key.space,1654477285370842000
R,Key.space,1654477285466633000
P,'a',1654477286106844000
R,'a',1654477286210774000
P,'s',1654477286778775000
R,'s',1654477286890777000
P,'h',1654477286962655000
R,'h',1654477287034835000
P,'a',1654477287066847000
R,'a',1654477287178617000
P,'m',1654477287218842000
R,'m',1654477287322944000
P,'e',1654477287378761000
R,'e',1654477287458893000
P,'.',1654477287722944000
R,'.',1654477287826958000
P,Key.space,1654477287930883000
R,Key.space,1654477288082662000
P,Key.backspace,1654477288850734000
R,Key.backspace,1654477288938648000
P,Key.backspace,1654477289010714000
R,Key.backspace,1654477289090627000
P,Key.backspace,1654477289154424000
R,Key.backspace,1654477289226234000
P,Key.backspace,1654477289298575000
R,Key.backspace,1654477289362665000
P,Key.backspace,1654477289418631000
R,Key.backspace,1654477289498564000
P,Key.backspace,1654477289546633000
R,Key.backspace,1654477289626629000
P,'h',1654477290443487000
R,'h',1654477290522668000
P,'a',1654477290578960000
R,'a',1654477290698709000
P,'m',1654477290738639000
R,'m',1654477290818501000
P,'e',1654477291898580000
R,'e',1654477291978326000
P,'d',1654477292522550000
R,'d',1654477292634454000
P,'.',1654477292746483000
R,'.',1654477292850549000
P,Key.space,1654477292954588000
R,Key.space,1654477293058544000
P,Key.shift,1654477293946444000
R,Key.shift,1654477294426688000
P,Key.shift,1654477294530514000
P,'I',1654477294818437000
R,'I',1654477294914382000
R,Key.shift,1654477294922403000
P,Key.space,1654477294994389000
R,Key.space,1654477295106363000
P,'c',1654477295490318000
R,'c',1654477295562372000
P,'a',1654477295746429000
R,'a',1654477295849913000
P,'n',1654477295938240000
R,'n',1654477296010429000
P,"""'""",1654477296442351000
R,"""'""",1654477296570202000
P,'t',1654477296674272000
R,'t',1654477296802058000
P,Key.space,1654477296882219000
R,Key.space,1654477296978149000
P,'i',1654477297410175000
R,'i',1654477297506259000
P,'m',1654477297594266000
R,'m',1654477297697504000
P,'a',1654477297794257000
R,'a',1654477297922232000
P,'g',1654477298090158000
R,'g',1654477298162123000
P,'i',1654477298322239000
R,'i',1654477298426188000
P,'n',1654477298546107000
P,'e',1654477298642219000
R,'n',1654477298649637000
R,'e',1654477298746149000
P,Key.space,1654477298794204000
R,Key.space,1654477298890146000
P,'h',1654477299954242000
R,'h',1654477300026249000
P,'o',1654477300177992000
R,'o',1654477300282040000
P,'w',1654477300306136000
R,'w',1654477300426132000
P,Key.space,1654477300490006000
R,Key.space,1654477300585920000
P,'y',1654477300826152000
R,'y',1654477300922079000
P,'o',1654477301098121000
R,'o',1654477301194037000
P,'u',1654477301330049000
R,'u',1654477301434111000
P,'r',1654477301466083000
R,'r',1654477301569972000
P,Key.space,1654477301594081000
R,Key.space,1654477301689278000
P,'k',1654477301874097000
R,'k',1654477301970012000
P,'i',1654477302074016000
P,'d',1654477302169895000
R,'i',1654477302177516000
R,'d',1654477302258067000
P,'s',1654477302377758000
R,'s',1654477302489770000
P,Key.space,1654477302537896000
R,Key.space,1654477302641878000
P,'w',1654477302705898000
R,'w',1654477302809893000
P,'o',1654477303337917000
R,'o',1654477303425919000
P,'u',1654477303537942000
R,'u',1654477303610184000
P,'l',1654477303721809000
R,'l',1654477303825906000
P,'d',1654477303850007000
R,'d',1654477303929900000
P,Key.space,1654477303969765000
R,Key.space,1654477304049636000
P,'f',1654477304113712000
R,'f',1654477304185891000
P,'e',1654477304345888000
R,'e',1654477304425920000
P,'e',1654477304521869000
R,'e',1654477304617906000
P,'l',1654477304649869000
R,'l',1654477304745755000
P,Key.space,1654477305041824000
R,Key.space,1654477305169729000
P,'h',1654477305457867000
R,'h',1654477305537811000
P,'e',1654477305593886000
R,'e',1654477305681679000
P,Key.space,1654477305785784000
R,Key.space,1654477305873522000
P,'t',1654477306009834000
R,'t',1654477306113704000
P,'h',1654477306129664000
R,'h',1654477306217774000
P,'e',1654477306305807000
R,'e',1654477306401789000
P,Key.space,1654477306449237000
R,Key.space,1654477306545726000
P,'o',1654477306633691000
R,'o',1654477306721789000
P,'t',1654477306793693000
R,'t',1654477306897632000
P,'h',1654477306929745000
R,'h',1654477306985853000
P,'e',1654477307041639000
R,'e',1654477307129642000
P,'r',1654477307241644000
R,'r',1654477307345697000
P,Key.space,1654477307346151000
R,Key.space,1654477307449708000
P,'f',1654477307481601000
R,'f',1654477307577532000
P,'o',1654477308225629000
R,'o',1654477308297660000
P,'o',1654477308377591000
R,'o',1654477308481590000
P,'t',1654477308537667000
R,'t',1654477308657576000
P,Key.space,1654477308673545000
R,Key.space,1654477308777571000
P,Key.backspace,1654477310401625000
R,Key.backspace,1654477310505396000
P,Key.backspace,1654477310593509000
R,Key.backspace,1654477310665410000
P,Key.backspace,1654477310761516000
R,Key.backspace,1654477310817515000
P,Key.backspace,1654477310913417000
R,Key.backspace,1654477310961483000
P,Key.backspace,1654477311281394000
R,Key.backspace,1654477311401259000
P,'s',1654477311777458000
R,'s',1654477311897463000
P,'h',1654477312033441000
R,'h',1654477312081256000
P,'o',1654477312201448000
R,'o',1654477312305482000
P,'e',1654477312337442000
R,'e',1654477312441221000
P,Key.space,1654477312489402000
R,Key.space,1654477312593407000
P,'w',1654477312704566000
R,'w',1654477312792610000
P,'a',1654477312920700000
R,'a',1654477313048789000
P,'s',1654477313168634000
R,'s',1654477313272578000
P,Key.space,1654477313464570000
R,Key.space,1654477313568672000
P,'o',1654477314288997000
R,'o',1654477314408634000
P,'n',1654477314528524000
R,'n',1654477314589584000
P,Key.space,1654477314681221000
R,Key.space,1654477314776958000
P,'a',1654477314889122000
R,'a',1654477315041161000
P,Key.space,1654477315305008000
R,Key.space,1654477315385220000
P,'d',1654477315529185000
R,'d',1654477315609193000
P,'i',1654477315697180000
R,'i',1654477315793252000
P,'f',1654477315817251000
R,'f',1654477315889335000
P,'f',1654477315953168000
R,'f',1654477316057137000
P,'e',1654477316233156000
R,'e',1654477316337226000
P,'r',1654477316433283000
R,'r',1654477316521206000
P,'e',1654477316601029000
R,'e',1654477316713112000
P,'n',1654477316721142000
R,'n',1654477316817202000
P,'t',1654477316881110000
R,'t',1654477317041095000
P,Key.space,1654477317080929000
R,Key.space,1654477317201131000
P,'f',1654477317321155000
R,'f',1654477317409070000
P,'o',1654477317481040000
R,'o',1654477317537089000
P,'o',1654477317617186000
P,'t',1654477317705072000
R,'o',1654477317712532000
R,'t',1654477317817073000
P,'.',1654477318057141000
P,Key.space,1654477318161028000
R,'.',1654477318176311000
R,Key.space,1654477318273091000
P,Key.backspace,1654477330056545000
R,Key.backspace,1654477330168200000
P,'o',1654477330608418000
R,'o',1654477330696213000
P,'w',1654477330768298000
R,'w',1654477330832031000
P,Key.shift,1654477334336206000
P,'I',1654477334544130000
R,'I',1654477334640103000
R,Key.shift,1654477334672143000
P,Key.space,1654477334864180000
R,Key.space,1654477334944168000
P,'d',1654477335128163000
R,'d',1654477335279818000
P,'o',1654477335336237000
R,'o',1654477335440070000
P,'n',1654477335720129000
R,'n',1654477335799902000
P,'t',1654477336640027000
R,'t',1654477336744070000
P,Key.space,1654477362118626000
R,Key.space,1654477362270148000
P,Key.backspace,1654477364310483000
R,Key.backspace,1654477364398508000
P,Key.backspace,1654477370166105000
R,Key.backspace,1654477370270112000
P,"""'""",1654477371230158000
R,"""'""",1654477371333971000
P,'t',1654477371550054000
R,'t',1654477371670142000
P,Key.space,1654477371902008000
R,Key.space,1654477372054054000
P,'i',1654477372493867000
R,'i',1654477372597871000
P,'m',1654477372693414000
R,'m',1654477372789985000
P,'a',1654477372886019000
R,'a',1654477373046046000
P,'g',1654477373149921000
R,'g',1654477373222353000
P,'i',1654477373358117000
R,'i',1654477373469875000
P,'n',1654477373541950000
R,'n',1654477373645981000
P,'e',1654477373661916000
R,'e',1654477373757917000
P,Key.space,1654477373805895000
R,Key.space,1654477373885949000
P,'t',1654477375253864000
R,'t',1654477375341901000
P,'h',1654477375485811000
R,'h',1654477375589889000
P,'a',1654477375709437000
P,'t',1654477375813710000
R,'a',1654477375821288000
R,'t',1654477375901596000
P,Key.space,1654477376069773000
R,Key.space,1654477376157755000
P,'t',1654477376797878000
R,'t',1654477376877831000
P,'h',1654477377029746000
R,'h',1654477377133905000
P,'i',1654477377365723000
R,'i',1654477377429794000
P,'s',1654477377461891000
P,Key.space,1654477377581773000
R,'s',1654477377597019000
R,Key.space,1654477377677632000
P,'i',1654477377821329000
R,'i',1654477377917684000
P,'s',1654477378285763000
R,'s',1654477378397673000
P,Key.space,1654477378429368000
R,Key.space,1654477378541680000
P,'a',1654477378653659000
R,'a',1654477378781707000
P,'l',1654477378829643000
R,'l',1654477378909742000
P,'l',1654477378981722000
R,'l',1654477379085594000
P,Key.space,1654477379149582000
R,Key.space,1654477379277703000
P,'i',1654477379333600000
R,'i',1654477379453680000
P,'n',1654477379533646000
R,'n',1654477379637558000
P,Key.space,1654477379933328000
R,Key.space,1654477380061613000
P,'t',1654477380565633000
R,'t',1654477380701589000
P,'i',1654477380733353000
R,'i',1654477380837530000
P,'m',1654477380949537000
R,'m',1654477381037596000
P,'e',1654477381397587000
R,'e',1654477381493589000
P,Key.space,1654477381541457000
R,Key.space,1654477381669530000
P,'t',1654477382013508000
R,'t',1654477382141431000
P,'o',1654477382149183000
R,'o',1654477382277514000
P,Key.space,1654477382309372000
R,Key.space,1654477382397468000
P,'r',1654477382661435000
R,'r',1654477382789493000
P,'p',1654477382869601000
R,'p',1654477382973108000
P,Key.backspace,1654477383677395000
R,Key.backspace,1654477383773399000
P,Key.backspace,1654477383861413000
R,Key.backspace,1654477383981063000
P,'p',1654477384637407000
R,'p',1654477384733421000
P,'r',1654477384773373000
P,'o',1654477384893388000
R,'r',1654477384900780000
R,'o',1654477385013283000
P,'m',1654477385117303000
R,'m',1654477385213377000
P,'o',1654477385292783000
R,'o',1654477385404656000
P,'t',1654477385445331000
R,'t',1654477385533331000
P,'e',1654477385821371000
R,'e',1654477385925371000
P,Key.space,1654477386013292000
R,Key.space,1654477386109307000
P,'a',1654477386661221000
R,'a',1654477386797299000
P,Key.space,1654477386861249000
R,Key.space,1654477386973110000
P,'s',1654477387541243000
R,'s',1654477387604723000
P,'p',1654477387693108000
R,'p',1654477387789315000
P,'i',1654477387909136000
R,'i',1654477387997210000
P,'r',1654477388020967000
R,'r',1654477388124906000
P,'t',1654477388253220000
P,'u',1654477388373191000
R,'t',1654477388388443000
R,'u',1654477388461222000
P,'a',1654477388653107000
R,'a',1654477388821187000
P,'l',1654477388829104000
R,'l',1654477388925159000
P,Key.space,1654477388989137000
R,Key.space,1654477389101029000
P,'h',1654477389213074000
R,'h',1654477389269594000
P,'e',1654477389324760000
R,'e',1654477389397124000
P,'a',1654477389549120000
P,'l',1654477389669145000
R,'a',1654477389676514000
R,'l',1654477389773130000
P,'i',1654477389885052000
R,'i',1654477390004996000
P,'n',1654477390053081000
R,'n',1654477390157129000
P,Key.space,1654477390277087000
R,Key.space,1654477390364984000
P,'o',1654477390557071000
R,'o',1654477390644956000
P,Key.backspace,1654477390973011000
P,'t',1654477391068936000
R,Key.backspace,1654477391076315000
R,'t',1654477391212954000
P,'o',1654477391292946000
R,'o',1654477391389001000
P,'u',1654477392100976000
R,'u',1654477392180901000
P,'r',1654477392293092000
R,'r',1654477392388892000
P,Key.space,1654477392524930000
R,Key.space,1654477392652803000
P,'b',1654477393092926000
R,'b',1654477393173021000
P,'u',1654477393932794000
R,'u',1654477394036856000
P,'t',1654477394044790000
R,'t',1654477394188744000
P,Key.space,1654477394508797000
R,Key.space,1654477394620724000
P,'y',1654477396300753000
R,'y',1654477396372620000
P,'o',1654477396684610000
R,'o',1654477396796657000
P,'u',1654477396932615000
R,'u',1654477397028708000
P,Key.space,1654477397092547000
R,Key.space,1654477397204536000
P,'h',1654477397468519000
R,'h',1654477397540592000
P,'a',1654477397620671000
R,'a',1654477397740302000
P,'v',1654477398388548000
R,'v',1654477398476596000
P,'e',1654477398500500000
R,'e',1654477398596785000
P,Key.space,1654477398716588000
R,Key.space,1654477398812568000
P,'s',1654477398836539000
R,'s',1654477398940609000
P,'e',1654477399060577000
P,'l',1654477399156591000
R,'e',1654477399164139000
R,'l',1654477399244484000
P,'f',1654477399300591000
R,'f',1654477399388594000
P,Key.space,1654477399428538000
R,Key.space,1654477399556543000
P,'c',1654477399700632000
P,'o',1654477399812563000
R,'c',1654477399827694000
R,'o',1654477399924433000
P,'n',1654477400036416000
P,'t',1654477400100449000
R,'n',1654477400123860000
R,'t',1654477400196514000
P,'r',1654477400292452000
P,'o',1654477400388504000
R,'r',1654477400395990000
R,'o',1654477400468278000
P,'l',1654477400548500000
R,'l',1654477400628374000
P,'.',1654477400756514000
R,'.',1654477400860531000
P,Key.space,1654477400916463000
R,Key.space,1654477401084320000
P,Key.left,1654477403884436000
R,Key.left,1654477403996082000
P,'i',1654477404676272000
R,'i',1654477404860216000
P,'g',1654477409060021000
R,'g',1654477409180008000
P,Key.cmd,1654477413947748000
P,Key.tab,1654477414115664000
R,Key.cmd,1654477414227349000
R,Key.tab,1654477414255466000
P,Key.up,1654477418459310000
R,Key.up,1654477418563414000
P,'c',1654477430411143000
R,'c',1654477430538851000
P,Key.backspace,1654477432331780000
R,Key.backspace,1654477432419937000
P,Key.backspace,1654477432499939000
R,Key.backspace,1654477432588062000
P,Key.backspace,1654477432644127000
R,Key.backspace,1654477432860491000
P,Key.backspace,1654477432932601000
R,Key.backspace,1654477433028664000
P,Key.backspace,1654477433108910000
R,Key.backspace,1654477433213010000
P,Key.ctrl,1654477434182345000
P,'c',1654477434670718000
P,Key.shift,1654477755266801000
P,'J',1654477755418807000
R,'J',1654477755490692000
R,Key.shift,1654477755506759000
P,'o',1654477755874504000
R,'o',1654477755978545000
P,'e',1654477756034728000
R,'e',1654477756170531000
P,Key.space,1654477756226787000
R,Key.space,1654477756330426000
P,'l',1654477763890378000
R,'l',1654477763986227000
P,'e',1654477764002336000
R,'e',1654477764090354000
P,'t',1654477764322230000
R,'t',1654477764402343000
P,Key.space,1654477764514300000
R,Key.space,1654477764602108000
P,Key.backspace,1654477769626073000
R,Key.backspace,1654477769713961000
P,Key.backspace,1654477769817972000
R,Key.backspace,1654477769881953000
P,Key.backspace,1654477769977994000
R,Key.backspace,1654477770050049000
P,Key.backspace,1654477770114142000
R,Key.backspace,1654477770241408000
P,'t',1654477770769866000
R,'t',1654477770866139000
P,'h',1654477770970079000
R,'h',1654477771058014000
P,'e',1654477771090016000
R,'e',1654477771201925000
P,Key.space,1654477771209619000
R,Key.space,1654477771313963000
P,'d',1654477771481957000
R,'d',1654477771618105000
P,'i',1654477771618825000
R,'i',1654477771697900000
P,'s',1654477771833897000
R,'s',1654477771921972000
P,'s',1654477772042032000
R,'s',1654477772185856000
P,Key.backspace,1654477773849799000
R,Key.backspace,1654477773937890000
P,Key.backspace,1654477774025855000
R,Key.backspace,1654477774121759000
P,Key.backspace,1654477774201842000
R,Key.backspace,1654477774313758000
P,'e',1654477774913839000
R,'e',1654477775049825000
P,'c',1654477775185821000
R,'c',1654477775345095000
P,'i',1654477775401053000
R,'i',1654477775505806000
P,'s',1654477775529708000
P,'i',1654477775665307000
R,'s',1654477775665802000
R,'i',1654477775769797000
P,'o',1654477775865598000
R,'o',1654477775953772000
P,'n',1654477776697649000
R,'n',1654477776793727000
P,Key.space,1654477776921705000
R,Key.space,1654477777049667000
P,'t',1654477777761342000
R,'t',1654477777841473000
P,'o',1654477778129606000
R,'o',1654477778265373000
P,Key.space,1654477778313634000
R,Key.space,1654477778401553000
P,'r',1654477778625580000
R,'r',1654477778713639000
P,'e',1654477778841575000
R,'e',1654477778937644000
P,'j',1654477779001578000
R,'j',1654477779081536000
P,'o',1654477779209629000
R,'o',1654477779321621000
P,'i',1654477779401605000
R,'i',1654477779505653000
P,'n',1654477779569942000
R,'n',1654477779657429000
P,Key.space,1654477779745592000
R,Key.space,1654477779865556000
P,Key.shift,1654477780153458000
P,'N',1654477780265518000
R,'N',1654477780345492000
R,Key.shift,1654477780361614000
P,'a',1654477780457576000
R,'a',1654477780585558000
P,'t',1654477780777361000
R,'t',1654477780849221000
P,'o',1654477781185452000
R,'o',1654477781297331000
P,Key.space,1654477782817501000
R,Key.space,1654477782969334000
P,'i',1654477783025516000
R,'i',1654477783097324000
P,'s',1654477783161218000
R,'s',1654477783297364000
P,'o',1654477783817403000
R,'o',1654477783921345000
P,'b',1654477784137396000
R,'b',1654477784265471000
P,Key.backspace,1654477784569257000
R,Key.backspace,1654477784633252000
P,Key.backspace,1654477784721340000
R,Key.backspace,1654477784793336000
P,Key.space,1654477785201438000
R,Key.space,1654477785345285000
P,'o',1654477785753334000
R,'o',1654477785860742000
P,'b',1654477785977239000
R,'b',1654477786073307000
P,'v',1654477786409239000
R,'v',1654477786497301000
P,'i',1654477786617334000
R,'i',1654477786697287000
P,'o',1654477786809279000
R,'o',1654477786889195000
P,'u',1654477787025271000
R,'u',1654477787097248000
P,'s',1654477787129187000
R,'s',1654477787233229000
P,'l',1654477787289265000
R,'l',1654477787385235000
P,'y',1654477787585238000
R,'y',1654477787673298000
P,Key.space,1654477787801148000
R,Key.space,1654477787865185000
P,'b',1654477788385131000
R,'b',1654477788457069000
P,'e',1654477788489065000
R,'e',1654477788569105000
P,'n',1654477788593196000
R,'n',1654477788673228000
P,'e',1654477788689089000
R,'e',1654477788809173000
P,'f',1654477788929122000
R,'f',1654477789025174000
P,'i',1654477789225139000
R,'i',1654477789281028000
P,'c',1654477789353176000
R,'c',1654477789440940000
P,'i',1654477789545072000
R,'i',1654477789625184000
P,'a',1654477789665003000
R,'a',1654477789808992000
P,'l',1654477789929046000
R,'l',1654477790032435000
P,Key.space,1654477790632966000
R,Key.space,1654477790776997000
P,'b',1654477794920895000
R,'b',1654477795008836000
P,'u',1654477795080863000
R,'u',1654477795192857000
P,Key.space,1654477795536599000
R,Key.space,1654477795664734000
P,Key.backspace,1654477796096728000
R,Key.backspace,1654477796224830000
P,'t',1654477796776631000
R,'t',1654477796872911000
P,Key.space,1654477796968795000
R,Key.space,1654477797104734000
P,'w',1654477797432766000
R,'w',1654477797504761000
P,'h',1654477797648730000
R,'h',1654477797752662000
P,'a',1654477797776648000
R,'a',1654477797904648000
P,'t',1654477798000739000
R,'t',1654477798080606000
P,Key.space,1654477798144436000
R,Key.space,1654477798264701000
P,'c',1654477799320674000
R,'c',1654477799400750000
P,'a',1654477799448668000
R,'a',1654477799568573000
P,'n',1654477799648658000
R,'n',1654477799768659000
P,Key.space,1654477799816562000
R,Key.space,1654477799904547000
P,'w',1654477800040574000
R,'w',1654477800160623000
P,'e',1654477800280515000
R,'e',1654477800360609000
P,Key.space,1654477800368251000
R,Key.space,1654477800464520000
P,'d',1654477800488653000
R,'d',1654477800560613000
P,'o',1654477800952617000
R,'o',1654477801056579000
P,Key.space,1654477801152499000
R,Key.space,1654477801256433000
P,'t',1654477801568498000
R,'t',1654477801648462000
P,'o',1654477801984340000
R,'o',1654477802088387000
P,Key.space,1654477802168548000
R,Key.space,1654477802216113000
P,'s',1654477802256637000
R,'s',1654477802392511000
P,'u',1654477802448470000
R,'u',1654477802536519000
P,'p',1654477802720554000
R,'p',1654477802800597000
P,'o',1654477802928454000
R,'o',1654477802968137000
P,Key.backspace,1654477803872427000
R,Key.backspace,1654477804000636000
P,'p',1654477804488197000
R,'p',1654477804576303000
P,'o',1654477804688526000
R,'o',1654477804752408000
P,'r',1654477804792317000
R,'r',1654477804904310000
P,'t',1654477805096217000
R,'t',1654477805191603000
P,Key.space,1654477805720258000
R,Key.space,1654477805864247000
P,'o',1654477806352345000
R,'o',1654477806440269000
P,'u',1654477806560243000
R,'u',1654477806664251000
P,'r',1654477806696237000
R,'r',1654477806800325000
P,Key.space,1654477806912387000
R,Key.space,1654477807064278000
P,'b',1654477808903909000
R,'b',1654477808984122000
P,Key.backspace,1654477809784130000
R,Key.backspace,1654477809904010000
P,'h',1654477811415990000
R,'h',1654477811488085000
P,Key.backspace,1654477811816060000
R,Key.backspace,1654477811919772000
P,'c',1654477811983998000
R,'c',1654477812097980000
P,'h',1654477812488055000
R,'h',1654477812567969000
P,'i',1654477812703973000
R,'i',1654477812783814000
P,'d',1654477812960347000
R,'d',1654477813055992000
P,Key.backspace,1654477813479904000
R,Key.backspace,1654477813591848000
P,"','",1654477813751975000
R,"','",1654477813824001000
P,'r',1654477813895964000
R,'r',1654477813991955000
P,Key.backspace,1654477814327937000
R,Key.backspace,1654477814383623000
P,Key.backspace,1654477814455928000
R,Key.backspace,1654477814567836000
P,'l',1654477815168015000
R,'l',1654477815255940000
P,'d',1654477815263435000
R,'d',1654477815351908000
P,'r',1654477815495833000
R,'r',1654477815575872000
P,'e',1654477815679875000
P,'n',1654477815767886000
R,'e',1654477815775311000
R,'n',1654477815855689000
P,Key.space,1654477815927858000
R,Key.space,1654477816055839000
P,'o',1654477816143439000
R,'o',1654477816239850000
P,'f',1654477816303879000
P,Key.space,1654477816399769000
R,'f',1654477816431834000
R,Key.space,1654477816495975000
P,'c',1654477816615882000
P,'o',1654477816735857000
R,'c',1654477816743317000
R,'o',1654477816815837000
P,'l',1654477816903859000
R,'l',1654477816991830000
P,'o',1654477817071807000
P,'r',1654477817175712000
R,'o',1654477817199276000
R,'r',1654477817303802000
P,Key.space,1654477817351794000
R,Key.space,1654477817479794000
P,'b',1654477818175662000
R,'b',1654477818247770000
P,'e',1654477818343770000
R,'e',1654477818439407000
P,Key.backspace,1654477819007712000
R,Key.backspace,1654477819167618000
P,Key.backspace,1654477819447782000
R,Key.backspace,1654477819591453000
P,Key.backspace,1654477821023535000
P,Key.backspace,1654477821524032000
P,Key.backspace,1654477821607531000
P,Key.backspace,1654477821691647000
P,Key.backspace,1654477821775963000
P,Key.backspace,1654477821860108000
P,Key.backspace,1654477821943623000
R,Key.backspace,1654477821944376000
P,Key.backspace,1654477822199555000
R,Key.backspace,1654477822295551000
P,Key.backspace,1654477822383679000
R,Key.backspace,1654477822519307000
P,'i',1654477823839522000
R,'i',1654477823935414000
P,'n',1654477824039496000
R,'n',1654477824127500000
P,Key.space,1654477824271424000
R,Key.space,1654477824375372000
P,'s',1654477826823389000
R,'s',1654477826927472000
P,'c',1654477827063290000
R,'c',1654477827175343000
P,'h',1654477827279182000
R,'h',1654477827351322000
P,'o',1654477827567269000
R,'o',1654477827647322000
P,'o',1654477827726847000
R,'o',1654477827791294000
P,'l',1654477827895305000
R,'l',1654477827983217000
P,'s',1654477829647024000
R,'s',1654477829847151000
P,Key.space,1654477831023140000
R,Key.space,1654477831119244000
P,'b',1654477831247085000
R,'b',1654477831350907000
P,'e',1654477831454920000
R,'e',1654477831582793000
P,'i',1654477831951097000
R,'i',1654477832047094000
P,'n',1654477832135034000
P,'g',1654477832238993000
R,'n',1654477832246499000
R,'g',1654477832359059000
P,Key.space,1654477832383091000
R,Key.space,1654477832470876000
P,'g',1654477833038881000
R,'g',1654477833135253000
P,'u',1654477833271076000
R,'u',1654477833351136000
P,'n',1654477833486971000
R,'n',1654477833551112000
P,'n',1654477833623054000
R,'n',1654477833711039000
P,'e',1654477833727087000
R,'e',1654477833822954000
P,'d',1654477833991070000
R,'d',1654477834118992000
P,Key.space,1654477834134864000
R,Key.space,1654477834239010000
P,'d',1654477834518978000
R,'d',1654477834630282000
P,'o',1654477834646176000
R,'o',1654477834750893000
P,'w',1654477834839040000
R,'w',1654477834966974000
P,'n',1654477835023007000
R,'n',1654477835126643000
P,'.',1654477835398970000
R,'.',1654477835518922000
P,Key.space,1654477835710924000
R,Key.space,1654477835806729000
P,Key.shift,1654477836031115000
P,'W',1654477836270557000
R,'W',1654477836358902000
R,Key.shift,1654477836366889000
P,'e',1654477836510679000
R,'e',1654477836630985000
P,Key.space,1654477836646774000
R,Key.space,1654477836750779000
P,'n',1654477836870873000
P,'e',1654477836974774000
R,'n',1654477836975301000
R,'e',1654477837046762000
P,'e',1654477837126453000
R,'e',1654477837246780000
P,'d',1654477837878819000
P,Key.space,1654477837990789000
R,'d',1654477837998223000
R,Key.space,1654477838086400000
P,'t',1654477838278712000
R,'t',1654477838374684000
P,'o',1654477838382838000
R,'o',1654477838494760000
P,Key.space,1654477838606732000
R,Key.space,1654477838702763000
P,'i',1654477838790678000
R,'i',1654477838886766000
P,'n',1654477838942778000
R,'n',1654477839038756000
P,'v',1654477839158701000
R,'v',1654477839254765000
P,'s',1654477839598526000
R,'s',1654477839726729000
P,Key.backspace,1654477840446694000
R,Key.backspace,1654477840566594000
P,'e',1654477840662621000
R,'e',1654477840798699000
P,'s',1654477841246559000
R,'s',1654477841398418000
P,'t',1654477841622696000
R,'t',1654477841709823000
P,Key.space,1654477841734091000
R,Key.space,1654477841846665000
P,'i',1654477841982651000
R,'i',1654477842078637000
P,'n',1654477842678529000
R,'n',1654477842758533000
P,Key.space,1654477842878642000
R,Key.space,1654477842990557000
P,'b',1654477843534569000
R,'b',1654477843638459000
P,'u',1654477843894577000
R,'u',1654477843998469000
P,'l',1654477844174224000
R,'l',1654477844262469000
P,'l',1654477844334433000
R,'l',1654477844438557000
P,'e',1654477844582258000
R,'e',1654477844686502000
P,'t',1654477844982480000
R,'t',1654477845110319000
P,Key.space,1654477845142443000
R,Key.space,1654477845246495000
P,'p',1654477846141711000
R,'p',1654477846278395000
P,'r',1654477846334435000
R,'r',1654477846429933000
P,'o',1654477846614305000
R,'o',1654477846694409000
P,'o',1654477846774336000
R,'o',1654477846918360000
P,'f',1654477848182135000
R,'f',1654477848286429000
P,Key.space,1654477848558319000
R,Key.space,1654477848686068000
P,'w',1654477849294305000
R,'w',1654477849414254000
P,'a',1654477849550361000
R,'a',1654477849710193000
P,'l',1654477849718197000
R,'l',1654477849822292000
P,'l',1654477850358138000
R,'l',1654477850470106000
P,'s',1654477850590240000
R,'s',1654477850782309000
P,Key.space,1654477850878186000
R,Key.space,1654477850958165000
P,'t',1654477851758460000
R,'t',1654477851838085000
P,'h',1654477851950060000
R,'h',1654477852046082000
P,'e',1654477852078064000
R,'e',1654477852166037000
P,Key.space,1654477852230121000
R,Key.space,1654477852310043000
P,'s',1654477852390139000
R,'s',1654477852502049000
P,'a',1654477852622155000
R,'a',1654477852742127000
P,Key.backspace,1654477853333996000
R,Key.backspace,1654477853469729000
P,'a',1654477854053976000
R,'a',1654477854222063000
P,'m',1654477854286088000
R,'m',1654477854389968000
P,'e',1654477854446043000
R,'e',1654477854541991000
P,Key.space,1654477854565752000
R,Key.space,1654477854669992000
P,'w',1654477854806014000
R,'w',1654477854878033000
P,'a',1654477855013882000
R,'a',1654477855149758000
P,'l',1654477855174004000
R,'l',1654477855254077000
P,'l',1654477855342008000
R,'l',1654477855429891000
P,'s',1654477855485990000
R,'s',1654477855621986000
P,Key.space,1654477855661871000
R,Key.space,1654477855765932000
P,'t',1654477856237962000
R,'t',1654477856310392000
P,'h',1654477856413838000
R,'h',1654477856509935000
P,'e',1654477856533940000
R,'e',1654477856629909000
P,'y',1654477856677939000
R,'y',1654477856725827000
P,Key.space,1654477856861896000
R,Key.space,1654477856925894000
P,'g',1654477857837881000
R,'g',1654477857973830000
P,'i',1654477858037806000
R,'i',1654477858133867000
P,'v',1654477858157836000
R,'v',1654477858245848000
P,'e',1654477858453770000
R,'e',1654477858565730000
P,Key.space,1654477858589818000
R,Key.space,1654477858701724000
P,'y',1654477858813838000
R,'y',1654477858893814000
P,'o',1654477859061740000
R,'o',1654477859197715000
P,'u',1654477859389833000
R,'u',1654477859493374000
P,Key.space,1654477859621663000
R,Key.space,1654477859757746000
P,'i',1654477860229686000
R,'i',1654477860341615000
P,'n',1654477860437643000
R,'n',1654477860525682000
P,Key.backspace,1654477861101625000
R,Key.backspace,1654477861197680000
P,Key.backspace,1654477861285678000
R,Key.backspace,1654477861389579000
P,'o',1654477861749607000
R,'o',1654477861853649000
P,'n',1654477861949675000
R,'n',1654477862053703000
P,'e',1654477862133577000
R,'e',1654477862269482000
P,Key.space,1654477862285548000
R,Key.space,1654477862365506000
P,'m',1654477862957529000
R,'m',1654477863085709000
P,'a',1654477863125606000
R,'a',1654477863309537000
P,'n',1654477863341540000
R,'n',1654477863445589000
P,Key.space,1654477863581532000
R,Key.space,1654477863677549000
P,'t',1654477863997586000
R,'t',1654477864117276000
P,'o',1654477864141343000
R,'o',1654477864253559000
P,Key.space,1654477864397522000
R,Key.space,1654477864492816000
P,'p',1654477864661437000
R,'p',1654477864773457000
P,'r',1654477864797459000
R,'r',1654477864925640000
P,'o',1654477864973619000
R,'o',1654477865069521000
P,'t',1654477865109554000
R,'t',1654477865221436000
P,'e',1654477865372785000
R,'e',1654477865477401000
P,'c',1654477865613455000
R,'c',1654477865749421000
P,'t',1654477865845268000
R,'t',1654477865941486000
P,Key.space,1654477866005441000
R,Key.space,1654477866133367000
P,'i',1654477866277517000
R,'i',1654477866397462000
P,'n',1654477866541398000
R,'n',1654477866637369000
P,Key.space,1654477866717418000
R,Key.space,1654477866813454000
P,'y',1654477866893375000
R,'y',1654477866973356000
P,'o',1654477867125815000
R,'o',1654477867277546000
P,'u',1654477867341403000
R,'u',1654477867445348000
P,'r',1654477867477397000
R,'r',1654477867621298000
P,Key.space,1654477867637352000
R,Key.space,1654477867789383000
P,'b',1654477868644825000
R,'b',1654477868749367000
P,'u',1654477868813365000
R,'u',1654477868909278000
P,'n',1654477869029236000
R,'n',1654477869125126000
P,'k',1654477869213342000
R,'k',1654477869293256000
P,'e',1654477869333229000
R,'e',1654477869405326000
P,'r',1654477869525324000
R,'r',1654477869645303000
P,'.',1654477869733318000
R,'.',1654477869837312000
P,Key.space,1654477870013309000
R,Key.space,1654477870189239000
P,Key.cmd,1654477882420798000
P,Key.tab,1654477882716788000
R,Key.tab,1654477882916572000
R,Key.cmd,1654477882934037000
P,Key.ctrl,1654477884804781000
P,'c',1654477885068681000
