Press or Release,Key,Time
P,Key.ctrl,1650309796.243389
P,'c',1650309796.6510668
P,'c',1650309798.3289201
Press or Release,Key,Time
P,Key.cmd,1650310075.566808
P,Key.tab,1650310075.666453
R,Key.tab,1650310075.871745
R,Key.cmd,1650310075.8758552
R,<0>,1650310076.129917
P,Key.cmd,1650310078.6244962
P,Key.tab,1650310078.760154
P,Key.tab,1650310079.176469
P,Key.tab,1650310079.2778392
P,Key.tab,1650310079.378965
P,Key.tab,1650310079.480226
P,Key.tab,1650310079.581412
R,Key.tab,1650310079.6277251
P,Key.tab,1650310080.163564
R,Key.tab,1650310080.263972
P,Key.tab,1650310080.931693
R,Key.tab,1650310081.043655
P,Key.tab,1650310081.4996061
R,Key.tab,1650310081.60387
P,Key.tab,1650310081.94742
R,Key.tab,1650310082.047294
P,Key.tab,1650310082.2358668
R,Key.tab,1650310082.335673
R,Key.cmd,1650310082.74835
R,<0>,1650310083.0057979
R,<0>,1650310087.031533
P,'i',1650310091.9932
R,'i',1650310092.0641038
P,'n',1650310092.067483
R,'n',1650310092.1298938
P,'s',1650310093.027524
R,'s',1650310093.1184661
P,'t',1650310094.259968
R,'t',1650310094.327502
P,'a',1650310095.555469
R,'a',1650310095.6807182
P,'g',1650310095.759097
R,'g',1650310095.85026
P,'r',1650310096.003414
R,'r',1650310096.146302
P,'a',1650310096.149805
R,'a',1650310096.269352
P,'m',1650310096.273194
R,'m',1650310096.3613818
P,Key.enter,1650310098.391346
R,Key.enter,1650310098.4674182
P,'f',1650310106.961152
R,'f',1650310107.0544372
P,'p',1650310107.2727091
R,'p',1650310107.364138
P,'d',1650310107.407344
R,'d',1650310107.491804
P,'1',1650310108.423635
R,'1',1650310108.519562
P,Key.shift,1650310108.9096022
R,Key.shift,1650310109.234111
P,'s',1650310109.4612548
R,'s',1650310109.581551
P,'o',1650310109.5892549
R,'o',1650310109.673794
P,'c',1650310109.9075289
R,'c',1650310110.031651
P,'i',1650310110.125865
P,'a',1650310110.184851
R,'i',1650310110.2125099
R,'a',1650310110.313663
P,'l',1650310110.3938339
R,'l',1650310110.457771
P,Key.shift,1650310110.66181
P,'@',1650310110.9095402
R,'@',1650310111.0040698
R,Key.shift,1650310111.0312
P,'g',1650310111.446351
R,'g',1650310111.554337
P,'m',1650310111.627286
R,'m',1650310111.735477
P,'a',1650310111.763406
R,'a',1650310111.8554308
P,'i',1650310111.929337
R,'i',1650310112.0015109
P,'l',1650310112.032546
R,'l',1650310112.135364
P,'.',1650310112.611317
R,'.',1650310112.691475
P,'c',1650310112.807445
R,'c',1650310112.8993878
P,'o',1650310112.900449
P,'m',1650310112.987262
R,'o',1650310112.998561
R,'m',1650310113.09555
P,Key.shift,1650310114.737141
R,Key.shift,1650310115.4372191
P,Key.shift,1650310117.0449688
R,Key.shift,1650310117.438113
P,Key.left,1650310186.6571698
R,Key.left,1650310186.758417
P,'h',1650310258.945948
P,'o',1650310259.0043352
R,'h',1650310259.040458
R,'o',1650310259.121539
P,'w',1650310259.141423
R,'w',1650310259.2335842
P,Key.space,1650310259.277497
R,Key.space,1650310259.369714
P,'a',1650310259.659879
R,'a',1650310259.7765062
P,'b',1650310259.777209
R,'b',1650310259.809879
P,'o',1650310259.866554
R,'o',1650310259.9946408
P,'u',1650310260.585512
R,'u',1650310260.681348
P,'t',1650310260.6887949
R,'t',1650310260.7739599
P,Key.space,1650310260.818305
R,Key.space,1650310260.915048
P,'w',1650310261.5442529
R,'w',1650310261.640964
P,'i',1650310261.662146
R,'i',1650310261.751178
P,'l',1650310261.835319
R,'l',1650310261.9275498
P,'l',1650310261.993243
R,'l',1650310262.072164
P,Key.space,1650310262.146398
R,Key.space,1650310262.213989
P,'s',1650310262.269943
P,'m',1650310262.3431501
R,'s',1650310262.348371
R,'m',1650310262.4615932
P,'i',1650310262.493099
R,'i',1650310262.592606
P,'t',1650310262.6164649
P,'h',1650310262.709953
R,'t',1650310262.719817
R,'h',1650310262.7966988
P,Key.shift,1650310263.364688
P,'?',1650310263.493335
R,'?',1650310263.5562692
R,Key.shift,1650310263.577065
P,Key.space,1650310264.042917
R,Key.space,1650310264.117721
P,'r',1650310268.367164
P,'e',1650310268.417875
R,'r',1650310268.445722
P,'a',1650310268.5713549
R,'e',1650310268.5787032
R,'a',1650310268.667399
P,'l',1650310268.728068
R,'l',1650310268.78431
P,'l',1650310268.857213
R,'l',1650310268.9081368
P,'y',1650310269.098454
R,'y',1650310269.1779578
P,Key.space,1650310269.185822
R,Key.space,1650310269.2904232
P,'u',1650310269.40754
R,'u',1650310269.487086
P,'n',1650310269.594041
P,'p',1650310269.714087
R,'n',1650310269.725745
R,'p',1650310269.827788
P,'o',1650310269.908193
R,'o',1650310269.971767
P,Key.backspace,1650310270.4681149
R,Key.backspace,1650310270.536265
P,'r',1650310270.6051672
R,'r',1650310270.680991
P,'o',1650310270.7474859
R,'o',1650310270.835168
P,'f',1650310270.900043
R,'f',1650310270.964211
P,'f',1650310271.048788
R,'f',1650310271.100062
P,'e',1650310271.147816
P,'s',1650310271.283867
R,'e',1650310271.296984
R,'s',1650310271.404242
P,'i',1650310271.435816
P,'o',1650310271.531887
R,'i',1650310271.555841
P,'n',1650310271.6600058
R,'o',1650310271.6722171
P,'a',1650310271.7636669
R,'n',1650310271.775737
P,'l',1650310271.839804
R,'a',1650310271.843771
R,'l',1650310271.940285
P,Key.space,1650310271.96964
R,Key.space,1650310272.080579
P,'f',1650310272.359008
R,'f',1650310272.435033
P,'r',1650310272.5342689
R,'r',1650310272.614879
P,'o',1650310272.630272
P,'m',1650310272.7069929
R,'o',1650310272.780254
P,Key.space,1650310272.797549
R,'m',1650310272.809759
R,Key.space,1650310272.914942
P,'a',1650310272.943927
P,Key.space,1650310273.019815
R,'a',1650310273.050627
R,Key.space,1650310273.1110919
P,'s',1650310273.254217
R,'s',1650310273.370037
P,'t',1650310273.443881
R,'t',1650310273.544266
P,'n',1650310273.689909
R,'n',1650310273.7781272
P,'d',1650310273.973196
R,'d',1650310274.050164
P,Key.backspace,1650310274.302811
R,Key.backspace,1650310274.36734
P,Key.backspace,1650310274.4186869
R,Key.backspace,1650310274.507315
P,'a',1650310274.536111
R,'a',1650310274.62407
P,'n',1650310274.6639411
P,'d',1650310274.747614
R,'n',1650310274.769803
R,'d',1650310274.851112
P,Key.space,1650310274.86406
R,Key.space,1650310274.957216
P,'u',1650310275.6709151
R,'u',1650310275.770954
P,'p',1650310275.8286211
R,'p',1650310275.944406
P,Key.space,1650310275.963854
R,Key.space,1650310276.087557
P,'g',1650310283.701858
P,'u',1650310283.785648
R,'g',1650310283.796952
R,'u',1650310283.8696902
P,'y',1650310283.941438
R,'y',1650310284.0099268
P,'.',1650310284.4297228
R,'.',1650310284.506897
P,Key.space,1650310284.530751
R,Key.space,1650310284.642754
P,'j',1650310285.6541471
R,'j',1650310285.719299
P,'u',1650310285.8091688
R,'u',1650310285.897752
P,'s',1650310285.911333
R,'s',1650310286.019572
P,'t',1650310286.060627
R,'t',1650310286.156384
P,Key.space,1650310286.163628
R,Key.space,1650310286.280724
P,'l',1650310286.6904619
R,'l',1650310286.751036
P,'i',1650310286.833753
R,'i',1650310286.884833
P,'k',1650310286.973344
R,'k',1650310287.077934
P,'e',1650310287.097218
R,'e',1650310287.1808379
P,Key.space,1650310287.197746
R,Key.space,1650310287.3108091
P,'h',1650310287.540559
R,'h',1650310287.644572
P,'o',1650310287.6486762
P,'w',1650310287.7141278
R,'o',1650310287.759582
R,'w',1650310287.7974532
P,Key.space,1650310287.830622
R,Key.space,1650310287.9370081
P,'h',1650310287.983382
R,'h',1650310288.0807848
P,'e',1650310288.091111
R,'e',1650310288.186431
P,Key.space,1650310288.222614
R,Key.space,1650310288.33519
P,'s',1650310288.347436
R,'s',1650310288.452171
P,'o',1650310288.6415691
R,'o',1650310288.704443
P,'o',1650310288.7731578
R,'o',1650310288.8347452
P,Key.backspace,1650310289.093549
R,Key.backspace,1650310289.169565
P,Key.backspace,1650310289.2283268
R,Key.backspace,1650310289.300807
P,'t',1650310289.36918
R,'t',1650310289.453696
P,'o',1650310289.636279
R,'o',1650310289.713959
P,'o',1650310289.781335
R,'o',1650310289.852849
P,'d',1650310289.915355
R,'d',1650310290.011572
P,Key.space,1650310290.014859
R,Key.space,1650310290.115284
P,'u',1650310290.354194
P,'p',1650310290.458153
R,'u',1650310290.481385
P,Key.space,1650310290.501135
R,'p',1650310290.5332322
R,Key.space,1650310290.6265862
P,'a',1650310290.747414
P,'n',1650310290.827456
R,'a',1650310290.842644
P,'d',1650310290.9353302
R,'n',1650310290.9365041
R,'d',1650310291.031805
P,Key.space,1650310291.038243
R,Key.space,1650310291.159328
P,'s',1650310291.3274298
R,'s',1650310291.398763
P,'l',1650310291.42501
R,'l',1650310291.520648
P,'a',1650310291.828674
P,'p',1650310291.939469
R,'a',1650310291.970894
R,'p',1650310292.028605
P,'p',1650310292.065984
R,'p',1650310292.186176
P,'e',1650310292.217341
R,'e',1650310292.285799
P,'d',1650310292.354103
P,Key.space,1650310292.4422982
R,'d',1650310292.4496489
R,Key.space,1650310292.551331
P,'c',1650310292.869299
R,'c',1650310292.940334
P,'h',1650310292.986228
R,'h',1650310293.080555
P,'r',1650310293.097934
R,'r',1650310293.170254
P,'i',1650310293.242267
R,'i',1650310293.318599
P,'s',1650310293.925306
R,'s',1650310294.026092
P,Key.space,1650310294.0383449
R,Key.space,1650310294.155724
P,'r',1650310294.230442
R,'r',1650310294.276642
P,'o',1650310294.313961
R,'o',1650310294.393505
P,'c',1650310294.4530492
P,'k',1650310294.533164
R,'c',1650310294.5519412
R,'k',1650310294.64711
P,'.',1650310295.228294
R,'.',1650310295.372124
P,Key.space,1650310295.3761432
R,Key.space,1650310295.497236
P,'u',1650310297.1149719
R,'u',1650310297.199175
P,'n',1650310297.314137
R,'n',1650310297.406156
P,'f',1650310297.448837
R,'f',1650310297.53718
P,'o',1650310297.576193
R,'o',1650310297.66124
P,'r',1650310297.672676
R,'r',1650310297.7531
P,'t',1650310297.8729181
R,'t',1650310297.981164
P,'u',1650310298.003882
R,'u',1650310298.067342
P,'n',1650310298.1979048
R,'n',1650310298.2737138
P,'a',1650310298.435266
R,'a',1650310298.547452
P,'t',1650310298.664408
P,'e',1650310298.744382
R,'t',1650310298.7637398
R,'e',1650310298.871625
P,'.',1650310299.180832
R,'.',1650310299.288668
P,Key.space,1650310299.29704
R,Key.space,1650310299.389261
P,'f',1650310301.9807072
R,'f',1650310302.065336
P,'o',1650310302.098853
R,'o',1650310302.163782
P,'r',1650310302.220725
R,'r',1650310302.316819
P,Key.space,1650310302.3242939
R,Key.space,1650310302.430004
P,'a',1650310302.5210261
R,'a',1650310302.580823
P,Key.space,1650310302.5884092
R,Key.space,1650310302.693216
P,'l',1650310303.515786
R,'l',1650310303.603989
P,'o',1650310303.6971378
R,'o',1650310303.785058
P,'k',1650310303.888685
R,'k',1650310304.001268
P,Key.backspace,1650310304.349845
R,Key.backspace,1650310304.421814
P,'n',1650310304.60385
R,'n',1650310304.6640341
P,'g',1650310305.370047
R,'g',1650310305.4634528
P,Key.space,1650310310.319583
R,Key.space,1650310310.413806
P,'t',1650310310.542901
R,'t',1650310310.5660968
P,'i',1650310310.614113
P,'m',1650310310.681922
R,'i',1650310310.6978219
R,'m',1650310310.7173178
P,Key.backspace,1650310310.957715
R,Key.backspace,1650310311.0261838
P,'m',1650310311.447776
R,'m',1650310311.547751
P,'e',1650310311.572499
R,'e',1650310311.656466
P,Key.space,1650310311.673488
R,Key.space,1650310311.7801769
P,'w',1650310312.034863
R,'w',1650310312.15496
P,'e',1650310312.273042
R,'e',1650310312.3412638
P,'v',1650310312.506807
P,'e',1650310312.606793
R,'v',1650310312.626107
P,Key.space,1650310312.718736
R,'e',1650310312.72266
R,Key.space,1650310312.8228931
P,'l',1650310312.8497322
R,'l',1650310312.942196
P,'o',1650310313.030396
R,'o',1650310313.110145
P,'o',1650310313.172124
R,'o',1650310313.252175
P,'k',1650310313.297754
R,'k',1650310313.41805
P,'e',1650310313.446966
R,'e',1650310313.5423172
P,'d',1650310313.6157289
R,'d',1650310313.719657
P,Key.space,1650310313.7236428
R,Key.space,1650310313.835912
P,'t',1650310314.2229571
R,'t',1650310314.302491
P,'o',1650310314.3149161
R,'o',1650310314.398859
P,Key.space,1650310314.4058828
R,Key.space,1650310314.530987
P,'a',1650310314.563583
R,'a',1650310314.647058
P,Key.space,1650310314.71515
R,Key.space,1650310314.772332
P,'c',1650310315.918981
R,'c',1650310315.997018
P,'r',1650310316.127981
R,'r',1650310316.191527
P,'i',1650310316.21387
P,'m',1650310316.30181
R,'i',1650310316.3296251
R,'m',1650310316.425962
P,'i',1650310316.441139
R,'i',1650310316.518206
P,'n',1650310316.6050382
R,'n',1650310316.669047
P,'g',1650310316.708483
R,'g',1650310316.8174531
P,'l',1650310316.88292
P,'a',1650310316.905729
R,'a',1650310316.9665122
R,'l',1650310316.96722
P,Key.backspace,1650310317.2234712
R,Key.backspace,1650310317.2841768
P,Key.backspace,1650310317.346872
R,Key.backspace,1650310317.425537
P,'a',1650310317.546933
R,'a',1650310317.6342762
P,'l',1650310317.6501231
R,'l',1650310317.717942
P,Key.backspace,1650310317.872839
R,Key.backspace,1650310317.916096
P,Key.backspace,1650310317.969858
R,Key.backspace,1650310318.05097
P,'a',1650310318.1802409
R,'a',1650310318.238771
P,'l',1650310318.25722
R,'l',1650310318.358269
P,Key.backspace,1650310318.5097768
R,Key.backspace,1650310318.549001
P,Key.backspace,1650310318.609612
R,Key.backspace,1650310318.6737092
P,Key.backspace,1650310319.022721
R,Key.backspace,1650310319.074025
P,'a',1650310319.2056231
R,'a',1650310319.2818189
P,'l',1650310319.303566
R,'l',1650310319.380797
P,Key.space,1650310319.485569
R,Key.space,1650310319.576978
P,Key.backspace,1650310325.439797
R,Key.backspace,1650310325.5378292
P,'.',1650310325.578816
R,'.',1650310325.679171
P,'s',1650310325.8026948
R,'s',1650310325.8829288
P,Key.space,1650310325.894485
R,Key.space,1650310325.996726
P,Key.backspace,1650310326.198682
R,Key.backspace,1650310326.270858
P,Key.backspace,1650310326.313472
R,Key.backspace,1650310326.392881
P,Key.space,1650310326.5277598
R,Key.space,1650310326.6477702
P,'f',1650310327.936806
R,'f',1650310328.029713
P,'r',1650310328.159432
P,'e',1650310328.271878
R,'r',1650310328.306456
P,'s',1650310328.34692
R,'e',1650310328.415584
R,'s',1650310328.4719732
P,'h',1650310328.670322
R,'h',1650310328.787052
P,Key.space,1650310328.8203268
R,Key.space,1650310328.956992
P,'p',1650310329.213185
R,'p',1650310329.2808378
P,'r',1650310329.306953
R,'r',1650310329.3828192
P,'i',1650310329.429802
R,'i',1650310329.500333
P,'n',1650310329.5747042
R,'n',1650310329.6586628
P,'c',1650310329.6974962
P,'e',1650310329.825508
R,'c',1650310329.833262
R,'e',1650310329.913783
P,Key.space,1650310329.93034
R,Key.space,1650310330.0388658
P,'o',1650310330.1299489
R,'o',1650310330.225682
P,'f',1650310330.2304661
R,'f',1650310330.318134
P,Key.space,1650310330.3435268
R,Key.space,1650310330.4596338
P,'s',1650310330.673666
R,'s',1650310330.769727
P,'l',1650310330.7966778
R,'l',1650310330.8801768
P,'a',1650310330.913414
R,'a',1650310331.0021288
P,'p',1650310331.047379
R,'p',1650310331.1278238
P,'p',1650310331.180444
R,'p',1650310331.2647219
P,'i',1650310331.3407319
R,'i',1650310331.403645
P,'n',1650310331.434668
R,'n',1650310331.539017
P,'g',1650310331.5737479
R,'g',1650310331.6699111
P,Key.cmd,1650310386.167465
P,Key.tab,1650310386.371341
R,Key.tab,1650310386.5114188
R,Key.cmd,1650310387.310883
P,Key.ctrl,1650310391.176255
P,'c',1650310392.60383
R,<0>,1650310401.526654
P,'t',1650310405.8620439
R,'t',1650310405.97038
P,'w',1650310406.109598
R,'w',1650310406.226905
P,'i',1650310406.7167182
R,'i',1650310406.806576
P,'t',1650310406.928452
R,'t',1650310406.999588
P,'t',1650310407.0743968
R,'t',1650310407.153554
P,'e',1650310407.6075652
P,'r',1650310407.686201
R,'e',1650310407.708354
R,'r',1650310407.78831
P,Key.enter,1650310408.162813
R,Key.enter,1650310408.224718
P,'f',1650310421.3842392
R,'f',1650310421.4879758
P,'p',1650310421.521151
R,'p',1650310421.610212
P,'d',1650310421.705009
R,'d',1650310421.785286
P,'1',1650310422.1606421
R,'1',1650310422.272893
P,Key.shift,1650310422.60397
P,'@',1650310423.095766
R,'@',1650310423.195717
R,Key.shift,1650310423.228993
P,Key.backspace,1650310423.7422001
R,Key.backspace,1650310423.845838
P,'s',1650310424.324899
R,'s',1650310424.421026
P,'o',1650310424.9208162
R,'o',1650310424.9889212
P,'c',1650310425.145121
R,'c',1650310425.234925
P,'i',1650310425.2677372
R,'i',1650310425.368323
P,'a',1650310425.398852
R,'a',1650310425.479121
P,'l',1650310425.504659
R,'l',1650310425.589056
P,Key.shift,1650310425.74327
P,'@',1650310426.025923
R,'@',1650310426.117907
R,Key.shift,1650310426.158908
P,'g',1650310426.458755
R,'g',1650310426.558922
P,'m',1650310426.617582
P,'a',1650310426.721835
R,'m',1650310426.725914
R,'a',1650310426.805901
P,'i',1650310426.859657
R,'i',1650310426.9518569
P,'l',1650310426.9560242
R,'l',1650310427.091955
P,'.',1650310427.5128121
R,'.',1650310427.601003
P,'c',1650310427.781713
R,'c',1650310427.865342
P,'o',1650310427.8840399
P,'m',1650310427.947795
R,'o',1650310427.9551702
R,'m',1650310428.056009
P,Key.shift,1650310432.453899
R,Key.shift,1650310432.777704
P,Key.shift,1650310435.394895
R,Key.shift,1650310435.719231
P,Key.shift,1650310440.1875148
R,Key.shift,1650310440.487307
P,Key.shift,1650310442.072499
R,Key.shift,1650310442.452377
P,'6',1650310485.782465
R,'6',1650310485.8590379
P,'1',1650310486.065461
R,'1',1650310486.143274
P,'4',1650310486.49358
R,'4',1650310486.574229
P,'8',1650310487.2844071
R,'8',1650310487.374198
P,'1',1650310487.669626
R,'1',1650310487.7414038
P,'7',1650310487.830465
R,'7',1650310487.91935
P,'y',1650310544.157892
R,'y',1650310544.276979
P,'o',1650310544.298605
P,'u',1650310544.3507042
R,'o',1650310544.443813
R,'u',1650310544.504401
P,Key.space,1650310544.5286689
R,Key.space,1650310544.6372201
P,'k',1650310545.0492742
P,'n',1650310545.192791
R,'k',1650310545.207979
R,'n',1650310545.318153
P,'o',1650310545.3358898
R,'o',1650310545.428172
P,'w',1650310545.465985
R,'w',1650310545.5509
P,Key.space,1650310545.590985
R,Key.space,1650310545.70415
P,'w',1650310545.7717838
R,'w',1650310545.863914
P,'h',1650310545.871382
R,'h',1650310545.948221
P,'a',1650310545.991843
R,'a',1650310546.115817
P,Key.space,1650310546.234879
R,Key.space,1650310546.326289
P,Key.backspace,1650310546.6327832
R,Key.backspace,1650310546.705535
P,'t',1650310546.758967
P,'s',1650310546.831645
R,'t',1650310546.8537269
R,'s',1650310546.951773
P,Key.space,1650310546.9767091
R,Key.space,1650310547.085257
P,'h',1650310547.323854
R,'h',1650310547.4121401
P,'a',1650310547.43474
R,'a',1650310547.507752
P,'p',1650310547.519077
R,'p',1650310547.607866
P,'p',1650310547.656707
R,'p',1650310547.736064
P,'e',1650310547.786826
P,'n',1650310547.858882
R,'e',1650310547.862729
R,'n',1650310547.947148
P,'i',1650310547.9769862
R,'i',1650310548.072792
P,'n',1650310548.080318
R,'n',1650310548.185457
P,'g',1650310548.5881338
P,Key.space,1650310548.651795
R,'g',1650310548.684358
R,Key.space,1650310548.779959
P,'t',1650310548.929118
P,'h',1650310548.9870238
R,'t',1650310549.014543
R,'h',1650310549.0560682
P,'e',1650310549.0868502
R,'e',1650310549.1774569
P,Key.space,1650310549.185591
R,Key.space,1650310549.285037
P,'o',1650310549.342709
R,'o',1650310549.426979
P,'s',1650310549.663666
R,'s',1650310549.764063
P,'c',1650310550.480818
R,'c',1650310550.5891998
P,'a',1650310550.71272
R,'a',1650310550.8247318
P,'r',1650310551.115958
P,'s',1650310551.2358131
R,'r',1650310551.250769
R,'s',1650310551.3630579
P,'.',1650310552.101584
R,'.',1650310552.1726751
P,Key.space,1650310552.199702
R,Key.space,1650310552.3038132
P,'a',1650310553.087501
P,'n',1650310553.16258
R,'a',1650310553.167667
R,'n',1650310553.25234
P,'d',1650310553.275598
P,Key.space,1650310553.3397381
R,'d',1650310553.359761
R,Key.space,1650310553.434904
P,'y',1650310553.71152
P,'o',1650310553.8435578
R,'y',1650310553.878368
P,'u',1650310553.927624
R,'o',1650310553.9678981
R,'u',1650310554.0318909
P,Key.space,1650310554.034692
R,Key.space,1650310554.127729
P,'h',1650310554.351475
R,'h',1650310554.409539
P,Key.backspace,1650310554.6654358
R,Key.backspace,1650310554.729183
P,'k',1650310555.004353
P,'n',1650310555.093565
R,'k',1650310555.1126888
R,'n',1650310555.1531289
P,'o',1650310555.606178
R,'o',1650310555.650767
P,'w',1650310555.6799989
R,'w',1650310555.7740412
P,Key.space,1650310555.959182
R,Key.space,1650310556.075728
P,'w',1650310556.271612
P,'h',1650310556.330177
R,'w',1650310556.3344681
R,'h',1650310556.3990378
P,'a',1650310556.4233532
R,'a',1650310556.519899
P,'t',1650310556.5742679
P,Key.space,1650310556.630461
R,'t',1650310556.633949
R,Key.space,1650310556.7427719
P,'h',1650310556.852639
R,'h',1650310556.9330912
P,'a',1650310557.155721
P,'p',1650310557.2264562
R,'a',1650310557.262679
R,'p',1650310557.315611
P,'p',1650310557.40139
R,'p',1650310557.461022
P,'e',1650310557.522104
R,'e',1650310557.610843
P,'n',1650310557.62739
R,'n',1650310557.704095
P,'e',1650310557.7973208
R,'e',1650310557.844474
P,'d',1650310558.130104
R,'d',1650310558.2103958
P,Key.space,1650310558.254336
R,Key.space,1650310558.3422458
P,'a',1650310558.422504
R,'a',1650310558.526608
P,'t',1650310558.593345
P,Key.space,1650310558.665459
R,'t',1650310558.669203
R,Key.space,1650310558.796389
P,'t',1650310559.1554182
R,'t',1650310559.198686
P,'h',1650310559.264448
P,'e',1650310559.3283808
R,'h',1650310559.359295
R,'e',1650310559.456949
P,Key.space,1650310559.4772348
R,Key.space,1650310559.5817
P,'s',1650310559.704486
R,'s',1650310559.7592351
P,Key.backspace,1650310560.0495412
R,Key.backspace,1650310560.118113
P,'o',1650310560.314324
R,'o',1650310560.386382
P,'s',1650310560.4120178
R,'s',1650310560.556192
P,'c',1650310560.559283
R,'c',1650310560.6718552
P,'a',1650310560.690312
R,'a',1650310560.807932
P,'r',1650310560.849578
R,'r',1650310560.9498281
P,'s',1650310561.146879
R,'s',1650310561.231422
P,Key.shift,1650310561.566033
P,'?',1650310561.8232589
R,Key.shift,1650310561.878102
R,'/',1650310561.886299
P,Key.space,1650310562.217879
R,Key.space,1650310562.31872
P,'w',1650310563.00815
R,'w',1650310563.0959969
P,'i',1650310563.103831
R,'i',1650310563.172676
P,'l',1650310563.2440882
R,'l',1650310563.308482
P,'l',1650310563.386275
R,'l',1650310563.445299
P,Key.space,1650310563.4871511
R,Key.space,1650310563.591072
P,'s',1650310563.656537
R,'s',1650310563.753216
P,'m',1650310563.756545
R,'m',1650310563.837478
P,'i',1650310563.926075
R,'i',1650310563.998089
P,'t',1650310564.033288
P,'h',1650310564.103882
R,'t',1650310564.1075158
R,'h',1650310564.1851032
P,Key.space,1650310564.220355
R,Key.space,1650310564.317209
P,'h',1650310564.386956
R,'h',1650310564.459214
P,'a',1650310564.483386
P,'p',1650310564.572156
R,'a',1650310564.5868218
R,'p',1650310564.6725152
P,'p',1650310564.7051039
R,'p',1650310564.8172328
P,'e',1650310564.8214211
R,'e',1650310564.904926
P,'d',1650310564.994049
R,'d',1650310565.0457768
P,'n',1650310565.126278
R,'n',1650310565.1952808
P,Key.backspace,1650310565.397954
R,Key.backspace,1650310565.429292
P,Key.backspace,1650310565.484928
R,Key.backspace,1650310565.5572312
P,'n',1650310565.822266
R,'n',1650310565.8862112
P,'e',1650310565.91406
R,'e',1650310565.986356
P,'d',1650310566.0450208
R,'d',1650310566.1405802
P,'.',1650310566.799411
R,'.',1650310566.8669162
P,Key.space,1650310566.873929
R,Key.space,1650310566.983262
P,'i',1650310567.526338
P,'n',1650310567.5850399
R,'i',1650310567.61693
P,Key.space,1650310567.681922
R,'n',1650310567.701074
R,Key.space,1650310567.7542222
P,'h',1650310567.853833
P,'i',1650310567.9215071
R,'h',1650310567.933544
P,'s',1650310568.058113
R,'i',1650310568.065809
R,'s',1650310568.122079
P,Key.space,1650310568.1256351
R,Key.space,1650310568.237855
P,'n',1650310568.598909
R,'n',1650310568.6790779
P,'e',1650310568.7013319
R,'e',1650310568.841203
P,'w',1650310568.8420322
R,'w',1650310568.9451442
P,Key.space,1650310568.991785
R,Key.space,1650310569.092144
P,'f',1650310570.9570198
P,'i',1650310571.0286982
R,'f',1650310571.0398679
R,'i',1650310571.096957
P,'l',1650310571.166867
R,'l',1650310571.2096581
P,'m',1650310571.2721438
R,'m',1650310571.411992
P,Key.space,1650310571.465879
R,Key.space,1650310571.581889
P,'s',1650310573.27315
R,'s',1650310573.3491259
P,'l',1650310573.373722
R,'l',1650310573.453918
P,'a',1650310573.519685
R,'a',1650310573.604224
P,'p',1650310573.698018
R,'p',1650310573.76617
P,'p',1650310573.8487759
R,'p',1650310573.92901
P,'i',1650310574.025641
R,'i',1650310574.118206
P,'n',1650310574.383712
R,'n',1650310574.467856
P,'g',1650310574.482271
R,'g',1650310574.567175
P,Key.space,1650310574.611659
R,Key.space,1650310574.731755
P,'g',1650310575.0089478
P,'o',1650310575.0765162
R,'g',1650310575.0879529
R,'o',1650310575.175751
P,'n',1650310575.203827
R,'n',1650310575.303999
P,'e',1650310575.307651
R,'e',1650310575.3794932
P,Key.space,1650310575.390972
R,Key.space,1650310575.479607
P,'w',1650310575.58064
P,'i',1650310575.611341
R,'w',1650310575.6569011
R,'i',1650310575.7119749
P,'l',1650310575.764649
R,'l',1650310575.8768342
P,'d',1650310576.092607
R,'d',1650310576.1856482
P,Key.space,1650310576.270877
R,Key.space,1650310576.3401668
P,'h',1650310577.484606
P,'e',1650310577.5518239
R,'h',1650310577.591084
R,'e',1650310577.637215
P,Key.space,1650310577.6794581
R,Key.space,1650310577.767596
P,'s',1650310577.8466072
R,'s',1650310577.918763
P,'l',1650310577.9594429
R,'l',1650310578.042656
P,'a',1650310578.0571709
R,'a',1650310578.156907
P,'p',1650310578.1838982
R,'p',1650310578.296757
P,'s',1650310578.352451
R,'s',1650310578.4488902
P,Key.space,1650310578.4603531
R,Key.space,1650310578.568434
P,'c',1650310579.197631
R,'c',1650310579.285654
P,'h',1650310579.316781
R,'h',1650310579.4009862
P,'r',1650310579.498244
R,'r',1650310579.5284321
P,'i',1650310579.7589529
R,'i',1650310579.850569
P,'s',1650310579.917583
R,'s',1650310579.989901
P,Key.space,1650310580.0173728
R,Key.space,1650310580.1307049
P,'r',1650310580.643633
R,'r',1650310580.7318358
P,'o',1650310580.75316
R,'o',1650310580.8499
P,'c',1650310580.9624279
P,'k',1650310581.042235
R,'c',1650310581.057549
R,'k',1650310581.1305861
P,Key.space,1650310583.228676
R,Key.space,1650310583.332476
P,'i',1650310583.6062
P,'n',1650310583.7052429
R,'i',1650310583.732127
P,Key.space,1650310583.7970939
R,'n',1650310583.804589
R,Key.space,1650310583.885309
P,'d',1650310583.976077
R,'d',1650310584.044397
P,'e',1650310584.14623
R,'e',1650310584.205338
P,'f',1650310584.348261
R,'f',1650310584.467096
P,'e',1650310584.470836
R,'e',1650310584.5726988
P,'n',1650310584.621162
R,'n',1650310584.725476
P,'s',1650310584.755392
P,'e',1650310584.8578649
R,'s',1650310584.865917
P,Key.space,1650310584.971148
R,'e',1650310584.978928
R,Key.space,1650310585.083586
P,'o',1650310585.2642
R,'o',1650310585.3483
P,'f',1650310585.410211
R,'f',1650310585.4943051
P,Key.space,1650310585.559128
R,Key.space,1650310585.655743
P,'h',1650310585.769887
P,'i',1650310585.854563
R,'h',1650310585.865927
R,'i',1650310585.963605
P,'s',1650310586.015004
P,Key.space,1650310586.066992
R,'s',1650310586.078187
R,Key.space,1650310586.1751199
P,'w',1650310586.645298
R,'w',1650310586.73378
P,'i',1650310586.8723269
R,'i',1650310586.960032
P,'f',1650310586.979977
P,'e',1650310587.104235
R,'f',1650310587.119348
R,'e',1650310587.224261
P,Key.space,1650310587.736614
R,Key.space,1650310587.8361971
P,Key.backspace,1650310588.353376
R,Key.backspace,1650310588.43441
P,'.',1650310588.72484
R,'.',1650310588.800164
P,Key.space,1650310588.822772
R,Key.space,1650310588.912385
P,'t',1650310590.0600278
P,'h',1650310590.15199
R,'t',1650310590.162961
P,'e',1650310590.2161689
R,'h',1650310590.226916
R,'e',1650310590.364343
P,Key.space,1650310590.479084
R,Key.space,1650310590.5995798
P,'o',1650310590.797079
R,'o',1650310590.892662
P,'n',1650310590.89693
R,'n',1650310591.005507
P,'e',1650310591.019001
R,'e',1650310591.103157
P,Key.space,1650310591.12974
R,Key.space,1650310591.238378
P,'w',1650310591.389884
R,'w',1650310591.472351
P,'h',1650310591.480017
P,'o',1650310591.572713
R,'h',1650310591.595736
R,'o',1650310591.664726
P,Key.space,1650310591.672117
R,Key.space,1650310591.777594
P,'c',1650310592.0528882
P,'h',1650310592.168963
R,'c',1650310592.175968
P,'e',1650310592.2606158
R,'h',1650310592.263882
R,'e',1650310592.3813388
P,'a',1650310592.4458828
R,'a',1650310592.525864
P,'t',1650310592.529964
R,'t',1650310592.618168
P,'s',1650310592.7185762
R,'s',1650310592.824098
P,Key.space,1650310592.840926
R,Key.space,1650310592.9607959
P,'a',1650310593.316105
P,'n',1650310593.403989
R,'a',1650310593.411135
R,'n',1650310593.5076952
P,'d',1650310593.511892
R,'d',1650310593.5958111
P,Key.space,1650310593.600244
R,Key.space,1650310593.704201
P,'l',1650310593.813844
R,'l',1650310593.877891
P,'i',1650310593.9757152
R,'i',1650310594.044173
P,'e',1650310594.071947
P,'s',1650310594.174481
R,'e',1650310594.240335
R,'s',1650310594.300191
P,Key.space,1650310594.3526368
R,Key.space,1650310594.42496
P,Key.backspace,1650310594.746778
R,Key.backspace,1650310594.8228521
P,'.',1650310595.07878
R,'.',1650310595.170857
P,Key.space,1650310595.183098
R,Key.space,1650310595.271192
P,'i',1650310597.302837
R,'i',1650310597.4349
P,'n',1650310597.4884522
R,'n',1650310597.584589
P,'t',1650310597.6431959
R,'t',1650310597.735841
P,'e',1650310598.06976
R,'e',1650310598.181899
P,'r',1650310598.195619
R,'r',1650310598.324105
P,'e',1650310598.339633
R,'e',1650310598.4998982
P,'s',1650310598.5066931
R,'s',1650310598.61169
P,'t',1650310598.705309
R,'t',1650310598.7583628
P,'i',1650310598.786368
R,'i',1650310598.87594
P,'n',1650310598.900332
R,'n',1650310599.0208828
P,'g',1650310599.028179
R,'g',1650310599.112701
P,Key.space,1650310599.135303
R,Key.space,1650310599.231735
P,'p',1650310599.392114
R,'p',1650310599.5077279
P,'r',1650310599.5335512
R,'r',1650310599.649618
P,'e',1650310599.656672
R,'e',1650310599.761761
P,'m',1650310599.850623
R,'m',1650310599.93888
P,'i',1650310600.2057579
R,'i',1650310600.2822368
P,'s',1650310600.5005891
R,'s',1650310600.5891042
P,'e',1650310600.637405
R,'e',1650310600.729673
P,Key.space,1650310600.788579
R,Key.space,1650310600.896668
P,'w',1650310601.157446
R,'w',1650310601.216894
P,'u',1650310601.379501
R,'u',1650310601.426383
P,'o',1650310601.453844
R,'o',1650310601.53031
P,Key.backspace,1650310601.779283
R,Key.backspace,1650310601.844455
P,Key.backspace,1650310601.907841
R,Key.backspace,1650310601.980947
P,'o',1650310602.214786
R,'o',1650310602.302651
P,'u',1650310602.3727129
R,'u',1650310602.4361532
P,'l',1650310602.505501
R,'l',1650310602.589748
P,'d',1650310602.703402
R,'d',1650310602.7795808
P,'n',1650310602.8102999
R,'n',1650310602.910662
P,'t',1650310602.9674659
R,'t',1650310603.034962
P,Key.space,1650310603.058125
R,Key.space,1650310603.142445
P,'w',1650310603.600493
R,'w',1650310603.703684
P,'a',1650310603.729168
R,'a',1650310603.8782778
P,'t',1650310603.923268
R,'t',1650310603.978438
P,'c',1650310604.321562
P,'h',1650310604.4043882
R,'c',1650310604.4472268
R,'h',1650310604.4883718
P,Key.space,1650310604.507564
R,Key.space,1650310604.60389
P,'a',1650310604.711562
R,'a',1650310604.827997
P,'g',1650310604.888795
P,'a',1650310604.992457
R,'g',1650310604.999833
P,'i',1650310605.0644941
R,'a',1650310605.1152189
P,'n',1650310605.119183
R,'i',1650310605.143787
R,'n',1650310605.2521942
P,Key.space,1650310605.25341
R,Key.space,1650310605.352544
P,'4',1650310607.723396
R,'4',1650310607.831868
P,'/',1650310607.845113
R,'/',1650310607.933755
P,'1',1650310608.007814
R,'1',1650310608.1122859
P,'0',1650310608.1752262
R,'0',1650310608.271702
P,Key.cmd,1650310616.1080818
P,Key.tab,1650310616.240312
R,Key.tab,1650310616.319744
R,Key.cmd,1650310616.776588
P,Key.ctrl,1650310619.266756
P,'c',1650310619.435585
Press or Release,Key,Time
R,Key.ctrl,1650311351.9938712
P,'i',1650311364.3395462
P,'n',1650311364.443305
R,'i',1650311364.459376
R,'n',1650311364.569689
P,'s',1650311364.682448
R,'s',1650311364.791546
P,'t',1650311365.0005271
P,'a',1650311365.09243
R,'t',1650311365.096009
R,'a',1650311365.252816
P,'g',1650311365.3015249
R,'g',1650311365.392666
P,'r',1650311365.637524
P,'a',1650311365.728919
R,'r',1650311365.7406158
P,'m',1650311365.8209841
R,'a',1650311365.821589
R,'m',1650311365.904855
P,Key.enter,1650311366.275529
R,Key.enter,1650311366.31872
P,'f',1650311371.695384
R,'f',1650311371.785337
P,'p',1650311371.9307399
R,'p',1650311372.002762
P,'d',1650311372.074348
R,'d',1650311372.1507368
P,'2',1650311373.879431
R,'2',1650311373.9796731
P,'s',1650311374.9993641
R,'s',1650311375.079467
P,'o',1650311375.213701
R,'o',1650311375.293556
P,'c',1650311375.7493389
R,'c',1650311375.8414788
P,'i',1650311375.864605
R,'i',1650311375.952657
P,'a',1650311376.029423
R,'a',1650311376.1092649
P,'l',1650311376.136087
R,'l',1650311376.2165818
P,Key.shift,1650311376.452508
P,'@',1650311376.7766268
R,'@',1650311376.8522172
R,Key.shift,1650311376.884449
P,'g',1650311377.130311
R,'g',1650311377.2379851
P,'m',1650311377.246262
R,'m',1650311377.342308
P,'a',1650311377.3842728
R,'a',1650311377.4846778
P,'i',1650311377.507017
P,'l',1650311377.579264
R,'i',1650311377.58631
R,'l',1650311377.7112498
P,'.',1650311378.116483
R,'.',1650311378.155078
P,'c',1650311378.588093
R,'c',1650311378.660457
P,'m',1650311378.733113
R,'m',1650311378.85775
P,Key.backspace,1650311379.243113
R,Key.backspace,1650311379.327293
P,'o',1650311379.527143
P,'m',1650311379.6073868
R,'o',1650311379.6342459
R,'m',1650311379.695353
P,Key.shift,1650311386.2863202
R,Key.shift,1650311386.494596
P,Key.shift,1650311387.984957
R,Key.shift,1650311388.272773
P,Key.shift,1650311398.243179
R,Key.shift,1650311398.679172
P,Key.shift,1650311400.2661388
R,Key.shift,1650311400.630187
P,Key.shift,1650311405.5449758
R,Key.shift,1650311405.86109
P,'w',1650311451.4255471
R,'w',1650311451.515072
P,'h',1650311451.531518
P,'a',1650311451.621255
R,'h',1650311451.623616
R,'a',1650311451.7638059
P,'t',1650311451.791931
R,'t',1650311451.904119
P,Key.space,1650311451.93819
R,Key.space,1650311452.04635
P,'k',1650311452.555375
R,'k',1650311452.65618
P,'i',1650311452.852938
R,'i',1650311452.937031
P,'n',1650311453.0184152
R,'n',1650311453.111416
P,'d',1650311453.163929
R,'d',1650311453.244658
P,Key.space,1650311453.258794
R,Key.space,1650311453.371105
P,'o',1650311453.427937
R,'o',1650311453.522507
P,'f',1650311453.527696
R,'f',1650311453.606869
P,Key.space,1650311454.279875
R,Key.space,1650311454.384147
P,'a',1650311454.612139
R,'a',1650311454.751154
P,Key.space,1650311454.794652
R,Key.space,1650311454.907197
P,'s',1650311455.089416
R,'s',1650311455.132119
P,'p',1650311455.973019
R,'p',1650311456.028289
P,'e',1650311456.106241
R,'e',1650311456.194675
P,'e',1650311456.2745972
R,'e',1650311456.3349178
P,'c',1650311456.526717
R,'c',1650311456.617706
P,'h',1650311456.975065
R,'h',1650311457.0674329
P,Key.space,1650311457.0868962
R,Key.space,1650311457.183042
P,'w',1650311457.572926
R,'w',1650311457.694446
P,'a',1650311457.761482
P,'s',1650311457.865984
R,'a',1650311457.8846982
P,Key.space,1650311457.985871
R,'s',1650311457.989942
R,Key.space,1650311458.08128
P,'t',1650311458.336875
R,'t',1650311458.420773
P,'h',1650311458.424423
R,'h',1650311458.52107
P,'a',1650311458.632873
P,'t',1650311458.820548
R,'a',1650311458.827689
R,'t',1650311458.905025
P,Key.space,1650311458.923278
R,Key.space,1650311459.0278442
P,'j',1650311460.290874
R,'j',1650311460.406472
P,'o',1650311460.411285
R,'o',1650311460.511168
P,'e',1650311460.5756679
R,'e',1650311460.65171
P,Key.space,1650311460.6549509
R,Key.space,1650311460.748024
P,'b',1650311460.884831
R,'b',1650311460.956918
P,'i',1650311461.01125
P,'d',1650311461.1057
R,'i',1650311461.106475
R,'d',1650311461.177996
P,'e',1650311461.248022
P,'n',1650311461.307594
R,'e',1650311461.322714
R,'n',1650311461.411631
P,'.',1650311462.1786518
R,'.',1650311462.2706711
P,Key.space,1650311462.294504
R,Key.space,1650311462.3745432
P,'w',1650311466.836601
P,'e',1650311466.91078
R,'w',1650311466.918126
R,'e',1650311467.027819
P,Key.space,1650311467.0381498
R,Key.space,1650311467.147545
P,'n',1650311467.536221
P,'e',1650311467.611896
R,'n',1650311467.6160052
R,'e',1650311467.689047
P,'e',1650311467.744704
R,'e',1650311467.801323
P,'d',1650311467.9051032
R,'d',1650311467.948211
P,Key.space,1650311468.058964
R,Key.space,1650311468.1585112
P,'t',1650311468.235588
R,'t',1650311468.3278568
P,'o',1650311468.3540459
R,'o',1650311468.433986
P,Key.space,1650311468.437249
R,Key.space,1650311468.5574028
P,'h',1650311470.664942
R,'h',1650311470.769314
P,Key.backspace,1650311471.102955
R,Key.backspace,1650311471.179126
P,'t',1650311471.244874
R,'t',1650311471.3171132
P,'h',1650311471.3688161
R,'h',1650311471.481251
P,'r',1650311471.527636
R,'r',1650311471.602106
P,'o',1650311471.610524
R,'o',1650311471.701344
P,'e',1650311471.7540338
R,'e',1650311471.853607
P,Key.backspace,1650311472.1464791
P,'w',1650311472.2306838
R,Key.backspace,1650311472.231877
R,'w',1650311472.307122
P,Key.space,1650311472.3646421
R,Key.space,1650311472.465007
P,'a',1650311473.908896
P,'l',1650311473.967663
R,'a',1650311473.980059
R,'l',1650311474.049511
P,'l',1650311474.121845
R,'l',1650311474.189139
P,Key.space,1650311474.291817
R,Key.space,1650311474.392194
P,'o',1650311474.568897
R,'o',1650311474.654047
P,'f',1650311474.6724539
R,'f',1650311474.751926
P,Key.space,1650311474.7559848
R,Key.space,1650311474.86094
P,'h',1650311476.223757
R,'h',1650311476.315852
P,Key.backspace,1650311476.621702
R,Key.backspace,1650311476.689386
P,'t',1650311476.7348769
R,'t',1650311476.803079
P,'h',1650311476.844339
R,'h',1650311476.911285
P,'e',1650311477.039718
P,Key.space,1650311477.1278489
R,'e',1650311477.143859
R,Key.space,1650311477.243723
P,'s',1650311477.335571
R,'s',1650311477.435843
P,'u',1650311477.43991
R,'u',1650311477.515894
P,'n',1650311477.641757
R,'n',1650311477.7017422
P,Key.space,1650311477.747299
R,Key.space,1650311477.871884
P,'a',1650311478.0374029
R,'a',1650311478.1336288
P,'t',1650311478.203718
R,'t',1650311478.299695
P,Key.space,1650311478.300895
R,Key.space,1650311478.40856
P,'r',1650311478.641964
R,'r',1650311478.717628
P,'u',1650311478.897612
R,'u',1650311478.965827
P,'s',1650311478.991503
R,'s',1650311479.060648
P,'s',1650311479.1134489
R,'s',1650311479.181674
P,'i',1650311479.224179
R,'i',1650311479.318042
P,'a',1650311479.348407
R,'a',1650311479.421066
P,Key.space,1650311479.433631
R,Key.space,1650311479.538832
P,'o',1650311480.1113632
R,'o',1650311480.195276
P,Key.space,1650311480.199121
R,Key.space,1650311480.291692
P,Key.backspace,1650311480.671537
R,Key.backspace,1650311480.738549
P,Key.backspace,1650311480.7942588
R,Key.backspace,1650311480.866643
P,'t',1650311480.94451
R,'t',1650311481.0116212
P,'o',1650311481.06822
R,'o',1650311481.1603358
P,Key.space,1650311481.167391
R,Key.space,1650311481.270261
P,'m',1650311481.345691
R,'m',1650311481.434958
P,'e',1650311481.483932
R,'e',1650311481.551816
P,'l',1650311481.647524
R,'l',1650311481.7445629
P,'t',1650311481.8043032
R,'t',1650311481.8567748
P,Key.space,1650311481.881579
R,Key.space,1650311481.989614
P,'t',1650311482.373523
P,'h',1650311482.453486
R,'t',1650311482.454741
P,'e',1650311482.553717
R,'h',1650311482.554772
P,Key.space,1650311482.657386
R,'e',1650311482.666114
R,Key.space,1650311482.757578
P,'s',1650311482.88387
P,'n',1650311482.9725142
R,'s',1650311482.9875898
R,'n',1650311483.0684211
P,'o',1650311483.072309
P,'w',1650311483.160565
R,'o',1650311483.175168
R,'w',1650311483.252974
P,Key.space,1650311483.8608189
R,Key.space,1650311483.972408
P,'n',1650311484.070621
P,'o',1650311484.121779
R,'n',1650311484.145375
P,'t',1650311484.198285
R,'o',1650311484.2292612
R,'t',1650311484.262541
P,Key.space,1650311484.308634
R,Key.space,1650311484.424018
P,'p',1650311485.648343
R,'p',1650311485.7281
P,'r',1650311485.7406468
R,'r',1650311485.833899
P,'o',1650311486.1441789
R,'o',1650311486.222038
P,'t',1650311486.372301
R,'t',1650311486.468533
P,'e',1650311486.5491588
R,'e',1650311486.637391
P,'c',1650311486.816406
R,'c',1650311486.936453
P,Key.space,1650311487.129039
R,Key.space,1650311487.232598
P,Key.backspace,1650311487.577404
R,Key.backspace,1650311487.6367989
P,Key.space,1650311487.955717
R,Key.space,1650311488.0312262
P,Key.shift,1650311488.1001449
P,'N',1650311488.256303
R,'N',1650311488.319508
P,'A',1650311488.400554
R,'A',1650311488.5119941
P,'T',1650311488.624276
R,'T',1650311488.7241988
P,'O',1650311488.7520509
R,Key.shift,1650311488.81197
R,'o',1650311488.840398
P,Key.space,1650311489.114149
R,Key.space,1650311489.2018611
P,Key.backspace,1650311490.614059
R,Key.backspace,1650311490.7111769
P,'.',1650311490.8029928
R,'.',1650311490.87921
P,Key.space,1650311490.9827929
R,Key.space,1650311491.070503
P,'o',1650311494.327656
R,'o',1650311494.39501
P,'v',1650311494.426635
R,'v',1650311494.5399659
P,'e',1650311494.547659
R,'e',1650311494.708134
P,'r',1650311494.73197
R,'r',1650311494.8941472
P,'a',1650311494.906626
R,'a',1650311494.9950001
P,'l',1650311495.044034
R,'l',1650311495.08285
P,'l',1650311495.152877
R,'l',1650311495.2329652
P,Key.space,1650311495.660846
R,Key.space,1650311495.778516
P,'d',1650311496.1658869
R,'d',1650311496.229878
P,'i',1650311496.2871182
P,'d',1650311496.346754
R,'i',1650311496.377855
R,'d',1650311496.431238
P,Key.space,1650311496.482503
R,Key.space,1650311496.5669188
P,'n',1650311496.670004
R,'n',1650311496.777646
P,'o',1650311496.7823842
P,'t',1650311496.853437
R,'o',1650311496.884413
R,'t',1650311496.9497879
P,Key.space,1650311496.977395
R,Key.space,1650311497.085046
P,'e',1650311497.386848
R,'e',1650311497.4819992
P,'n',1650311497.494369
R,'n',1650311497.5658822
P,'j',1650311497.713707
R,'j',1650311497.8138502
P,'o',1650311497.838387
R,'o',1650311497.946774
P,'y',1650311498.01465
R,'y',1650311498.094914
P,Key.space,1650311498.752759
R,Key.space,1650311498.852763
P,'t',1650311498.88332
R,'t',1650311498.951683
P,'h',1650311498.955083
P,'e',1650311499.031592
R,'h',1650311499.0467699
R,'e',1650311499.1279051
P,Key.space,1650311499.149436
R,Key.space,1650311499.257946
P,'e',1650311499.369666
R,'e',1650311499.43806
P,'x',1650311499.644931
R,'x',1650311499.7193
P,'p',1650311499.772013
R,'p',1650311499.8517299
P,'e',1650311499.9053838
R,'e',1650311499.989663
P,'r',1650311500.047837
R,'r',1650311500.136364
P,'i',1650311500.150629
R,'i',1650311500.2149172
P,'n',1650311500.2616918
R,'n',1650311500.352544
P,'c',1650311500.4349592
P,'e',1650311500.5631711
R,'c',1650311500.586398
P,Key.space,1650311500.67138
R,'e',1650311500.690314
R,Key.space,1650311500.7879622
P,'3',1650311502.84762
R,'3',1650311502.935724
P,'/',1650311503.060561
R,'/',1650311503.128854
P,'1',1650311503.23942
R,'1',1650311503.3641658
P,'0',1650311503.486687
R,'0',1650311503.543954
P,Key.ctrl,1650311555.438987
P,'c',1650311555.573269
P,Key.cmd,1650311620.8053389
P,'`',1650311621.381461
R,'`',1650311621.569412
P,'`',1650311621.8534038
R,'`',1650311621.977184
P,'`',1650311622.0614111
R,'`',1650311622.145272
R,Key.cmd,1650311622.2016032
P,'t',1650311637.704538
R,'t',1650311637.819935
P,'w',1650311637.841404
R,'w',1650311637.962274
P,'i',1650311638.224033
R,'i',1650311638.304039
P,'t',1650311638.380012
R,'t',1650311638.476491
P,'t',1650311638.608653
R,'t',1650311638.706326
P,'e',1650311638.793658
P,'r',1650311638.941611
R,'e',1650311638.9734452
R,'r',1650311639.028917
P,Key.enter,1650311639.065619
R,Key.enter,1650311639.173342
P,'f',1650311652.17439
R,'f',1650311652.265949
P,'p',1650311652.277041
R,'p',1650311652.362199
P,'d',1650311652.376899
R,'d',1650311652.4687738
P,'2',1650311653.994196
R,'2',1650311654.0740218
P,'s',1650311654.86967
P,'o',1650311654.948847
R,'s',1650311654.967756
R,'o',1650311655.042173
P,'c',1650311655.151983
R,'c',1650311655.2843509
P,'i',1650311655.3347409
R,'i',1650311655.426822
P,'a',1650311655.43889
R,'a',1650311655.547313
P,'l',1650311655.57889
R,'l',1650311655.667171
P,Key.shift,1650311655.849694
P,'@',1650311656.132886
R,'@',1650311656.2213209
R,Key.shift,1650311656.240543
P,'g',1650311656.5088499
R,'g',1650311656.60096
P,'m',1650311656.601846
R,'m',1650311656.717107
P,'a',1650311656.760292
R,'a',1650311656.852227
P,'i',1650311656.8758678
R,'i',1650311656.956099
P,'l',1650311657.014888
R,'l',1650311657.1311219
P,'.',1650311657.5517461
R,'.',1650311657.6073651
P,'c',1650311657.733981
R,'c',1650311657.810129
P,'o',1650311657.926717
P,'m',1650311657.9534369
R,'o',1650311657.990029
R,'m',1650311658.0909991
P,Key.shift,1650311661.0596008
R,Key.shift,1650311661.4000251
P,Key.shift,1650311662.908159
R,Key.shift,1650311663.232157
P,Key.shift,1650311667.16368
R,Key.shift,1650311667.584088
P,Key.shift,1650311668.8318179
R,Key.shift,1650311669.2357829
P,Key.shift,1650311670.754751
R,Key.shift,1650311671.0624971
P,'j',1650311704.660958
P,'o',1650311704.747642
R,'j',1650311704.784033
R,'o',1650311704.8358212
P,'e',1650311704.908834
R,'e',1650311704.967938
P,Key.space,1650311705.124796
R,Key.space,1650311705.221049
P,'b',1650311705.519249
R,'b',1650311705.6003468
P,'i',1650311705.6338508
R,'i',1650311705.711423
P,'d',1650311705.770872
R,'d',1650311705.854371
P,'e',1650311705.929892
R,'e',1650311706.028227
P,'n',1650311706.029803
R,'n',1650311706.1212869
P,"','",1650311706.688864
R,"','",1650311706.7519948
P,Key.space,1650311706.820002
R,Key.space,1650311706.8798301
P,'a',1650311707.021182
R,'a',1650311707.105231
P,'n',1650311707.108002
R,'n',1650311707.1970491
P,Key.space,1650311707.264666
R,Key.space,1650311707.3688252
P,'u',1650311707.639688
P,'p',1650311707.698735
R,'u',1650311707.722755
R,'p',1650311707.790984
P,Key.space,1650311707.791738
R,Key.space,1650311707.90289
P,'a',1650311707.938177
R,'a',1650311708.0299299
P,'n',1650311708.070563
P,'d',1650311708.151625
R,'n',1650311708.161661
R,'d',1650311708.2471669
P,Key.space,1650311708.296837
R,Key.space,1650311708.388973
P,'d',1650311708.897753
R,'d',1650311708.9859169
P,'o',1650311708.9870138
R,'o',1650311709.0658948
P,'w',1650311709.100511
P,'n',1650311709.180798
R,'w',1650311709.187628
R,'n',1650311709.2674801
P,Key.space,1650311709.277229
R,Key.space,1650311709.396632
P,'p',1650311709.983747
P,'r',1650311710.0709188
R,'p',1650311710.074608
P,'e',1650311710.135392
R,'r',1650311710.171471
R,'e',1650311710.247925
P,'s',1650311710.418253
P,'i',1650311710.554657
R,'s',1650311710.562622
R,'i',1650311710.634829
P,'d',1650311710.670673
R,'d',1650311710.76107
P,'n',1650311710.797832
P,'e',1650311710.853743
R,'n',1650311710.893386
R,'e',1650311710.928122
P,'t',1650311711.0867012
R,'t',1650311711.1913118
P,Key.backspace,1650311711.632111
R,Key.backspace,1650311711.687667
P,Key.backspace,1650311711.739879
R,Key.backspace,1650311711.815561
P,Key.backspace,1650311711.869814
R,Key.backspace,1650311711.9537878
P,'e',1650311712.024412
R,'e',1650311712.110583
P,'n',1650311712.124595
R,'n',1650311712.196745
P,'t',1650311712.230478
R,'t',1650311712.3228831
P,'.',1650311716.9692512
R,'.',1650311717.021898
P,Key.space,1650311717.054614
R,Key.space,1650311717.163674
P,'g',1650311727.53161
R,'g',1650311727.603659
P,'o',1650311727.615385
R,'o',1650311727.680799
P,'o',1650311727.7518358
R,'o',1650311727.820191
P,'d',1650311727.878926
R,'d',1650311727.944834
P,Key.space,1650311727.9679098
R,Key.space,1650311728.084151
P,'s',1650311728.63633
P,'p',1650311728.7233138
R,'s',1650311728.730867
R,'p',1650311728.807565
P,'e',1650311728.883601
R,'e',1650311728.968534
P,'e',1650311729.034951
R,'e',1650311729.0740108
P,'c',1650311729.2759712
R,'c',1650311729.351702
P,'h',1650311729.4000041
R,'h',1650311729.473046
P,Key.space,1650311729.500648
R,Key.space,1650311729.613538
P,'b',1650311729.899322
R,'b',1650311729.963009
P,'a',1650311729.974715
P,'d',1650311730.083575
R,'a',1650311730.09861
P,Key.space,1650311730.189122
R,'d',1650311730.1913412
R,Key.space,1650311730.29955
P,'e',1650311730.3297899
R,'e',1650311730.4090219
P,'x',1650311730.592754
R,'x',1650311730.675454
P,'e',1650311730.808927
R,'e',1650311730.8848588
P,'c',1650311730.986897
R,'c',1650311731.071313
P,'u',1650311731.156559
R,'u',1650311731.236215
P,'t',1650311731.283446
R,'t',1650311731.3346298
P,'i',1650311731.394994
R,'i',1650311731.5219789
P,'o',1650311731.5230641
P,'n',1650311731.601582
R,'o',1650311731.6488981
P,Key.space,1650311731.713495
R,'n',1650311731.721558
R,Key.space,1650311731.809668
P,'l',1650311732.4091961
R,'l',1650311732.493095
P,'i',1650311732.5750232
R,'i',1650311732.617898
P,'k',1650311732.717391
R,'k',1650311732.777119
P,'e',1650311732.827507
R,'e',1650311732.907966
P,Key.space,1650311732.909024
R,Key.space,1650311733.01175
P,'a',1650311733.090763
R,'a',1650311733.166388
P,Key.space,1650311733.184551
R,Key.space,1650311733.2836962
P,'b',1650311733.5458329
R,'b',1650311733.624483
P,'a',1650311733.631615
R,'a',1650311733.7166772
P,'d',1650311733.756809
R,'d',1650311733.8485062
P,Key.space,1650311733.85259
R,Key.space,1650311733.9528651
P,'c',1650311734.092778
R,'c',1650311734.2002208
P,'o',1650311734.207672
P,'m',1650311734.276798
R,'o',1650311734.328268
R,'m',1650311734.39687
P,'e',1650311734.685966
R,'e',1650311734.765991
P,'d',1650311734.937498
R,'d',1650311734.9885209
P,'i',1650311735.011828
R,'i',1650311735.1004102
P,'a',1650311735.1531909
R,'a',1650311735.252991
P,'n',1650311735.299326
R,'n',1650311735.383827
P,'.',1650311736.861683
R,'.',1650311736.93167
P,Key.space,1650311737.2317922
R,Key.space,1650311737.2969
P,'g',1650311740.495619
R,'g',1650311740.5753422
P,'o',1650311740.5970392
R,'o',1650311740.665088
P,'o',1650311740.7240279
R,'o',1650311740.808485
P,'d',1650311740.8401952
R,'d',1650311740.903776
P,Key.space,1650311740.928232
R,Key.space,1650311741.028625
P,'e',1650311741.638348
R,'e',1650311741.725881
P,'f',1650311742.368373
R,'f',1650311742.452409
P,'f',1650311742.537141
R,'f',1650311742.5808508
P,'o',1650311742.680613
R,'o',1650311742.753304
P,'r',1650311742.8012009
R,'r',1650311742.893634
P,'t',1650311743.0797288
R,'t',1650311743.1515598
P,Key.space,1650311743.2153869
R,Key.space,1650311743.35089
P,'i',1650311745.825324
P,'n',1650311745.904722
R,'i',1650311745.943841
P,Key.space,1650311745.960027
R,'n',1650311745.984681
R,Key.space,1650311746.0763059
P,'m',1650311747.5081758
P,'a',1650311747.619984
R,'m',1650311747.621235
R,'a',1650311747.699991
P,'k',1650311747.703833
R,'k',1650311747.7839942
P,'i',1650311747.8892171
R,'i',1650311747.9242408
P,'n',1650311747.9910378
R,'n',1650311748.066514
P,'g',1650311748.093344
R,'g',1650311748.180904
P,Key.space,1650311748.214839
R,Key.space,1650311748.319041
P,'a',1650311748.3358378
P,Key.space,1650311748.395405
R,'a',1650311748.414836
R,Key.space,1650311748.496723
P,'s',1650311748.678449
P,'p',1650311748.759142
R,'s',1650311748.760181
R,'p',1650311748.850881
P,'e',1650311748.917435
R,'e',1650311749.014315
P,'e',1650311749.051669
R,'e',1650311749.1149719
P,'c',1650311749.356291
R,'c',1650311749.424178
P,'h',1650311749.4426408
R,'h',1650311749.54194
P,Key.space,1650311749.54623
R,Key.space,1650311749.662171
P,'t',1650311749.949982
R,'t',1650311750.0421948
P,'h',1650311750.0493991
P,'a',1650311750.126209
R,'h',1650311750.126975
P,'t',1650311750.177135
R,'a',1650311750.188621
R,'t',1650311750.2528288
P,Key.space,1650311750.288735
R,Key.space,1650311750.3809721
P,'p',1650311750.483778
R,'p',1650311750.5837781
P,'r',1650311750.643073
R,'r',1650311750.724025
P,'o',1650311750.743538
R,'o',1650311750.8390698
P,'t',1650311750.9138129
R,'t',1650311750.977877
P,'e',1650311751.186125
R,'e',1650311751.2739992
P,'c',1650311751.447113
R,'c',1650311751.535285
P,'t',1650311751.74612
R,'t',1650311751.7900789
P,'s',1650311751.825831
R,'s',1650311751.9253252
P,Key.space,1650311751.9771378
R,Key.space,1650311752.084018
P,'t',1650311753.831947
R,'t',1650311753.898002
P,'h',1650311753.899224
R,'h',1650311753.996153
P,'e',1650311754.017664
P,Key.space,1650311754.093809
R,'e',1650311754.097271
R,Key.space,1650311754.2068899
P,'u',1650311754.4439628
R,'u',1650311754.519846
P,'k',1650311754.660605
R,'k',1650311754.767825
P,'r',1650311754.8695061
P,'a',1650311754.973236
R,'r',1650311754.976671
R,'a',1650311755.090241
P,'i',1650311755.1175208
R,'i',1650311755.19352
P,'n',1650311755.238245
R,'n',1650311755.344317
P,'e',1650311755.379872
R,'e',1650311755.476928
P,'.',1650311756.231871
R,'.',1650311756.317559
P,Key.space,1650311756.325543
R,Key.space,1650311756.4198039
P,'b',1650311757.0708952
R,'b',1650311757.143015
P,'a',1650311757.182606
P,'d',1650311757.242162
R,'a',1650311757.293785
P,Key.space,1650311757.3627148
R,'d',1650311757.377729
R,Key.space,1650311757.474899
P,'e',1650311759.914598
R,'e',1650311759.978195
P,'c',1650311760.13752
R,'c',1650311760.197516
P,Key.backspace,1650311760.466156
R,Key.backspace,1650311760.537479
P,'e',1650311760.665581
R,'e',1650311760.754385
P,Key.backspace,1650311761.043369
R,Key.backspace,1650311761.1262121
P,'x',1650311761.16824
R,'x',1650311761.257004
P,'e',1650311761.3965728
R,'e',1650311761.50879
P,'c',1650311761.7563431
R,'c',1650311761.824468
P,'u',1650311762.008367
P,'t',1650311762.100287
R,'u',1650311762.113264
P,'i',1650311762.1871612
R,'t',1650311762.190902
P,'o',1650311762.3363578
R,'i',1650311762.3473449
P,'n',1650311762.4042208
R,'o',1650311762.423404
R,'n',1650311762.508579
P,Key.space,1650311762.515969
R,Key.space,1650311762.6487622
P,'o',1650311762.965557
P,'n',1650311763.029529
R,'o',1650311763.056315
P,Key.space,1650311763.125373
R,'n',1650311763.14031
R,Key.space,1650311763.225712
P,'t',1650311763.333686
P,'h',1650311763.409268
R,'t',1650311763.428318
R,'h',1650311763.476637
P,'e',1650311763.5041358
P,Key.space,1650311763.5432389
R,'e',1650311763.5965152
R,Key.space,1650311763.648291
P,'l',1650311764.015502
P,'a',1650311764.131468
R,'l',1650311764.138883
P,'n',1650311764.194827
R,'a',1650311764.2107708
R,'n',1650311764.303442
P,'d',1650311764.352185
R,'d',1650311764.444154
P,'i',1650311764.4914849
P,'n',1650311764.5832388
R,'i',1650311764.590515
R,'n',1650311764.679898
P,'g',1650311764.708394
R,'g',1650311764.820369
P,Key.space,1650311764.859354
R,Key.space,1650311764.954572
P,Key.backspace,1650311765.285148
R,Key.backspace,1650311765.362847
P,"','",1650311768.022662
R,"','",1650311768.118464
P,Key.space,1650311768.139437
R,Key.space,1650311768.25563
P,'n',1650311768.741089
R,'n',1650311768.861481
P,'t',1650311768.862605
P,'o',1650311768.868292
R,'t',1650311768.9489431
R,'o',1650311768.96513
P,'=',1650311769.4233012
R,'=',1650311769.507425
P,Key.backspace,1650311769.756083
R,Key.backspace,1650311769.823391
P,Key.backspace,1650311769.881811
R,Key.backspace,1650311769.942414
P,Key.backspace,1650311770.0078459
R,Key.backspace,1650311770.0678022
P,Key.backspace,1650311770.1262112
R,Key.backspace,1650311770.201567
P,'d',1650311770.50806
P,'i',1650311770.580131
R,'d',1650311770.595375
P,'d',1650311770.664051
R,'i',1650311770.679221
R,'d',1650311770.7363431
P,'n',1650311770.790889
P,'t',1650311770.894202
R,'n',1650311770.897865
R,'t',1650311770.979352
P,Key.space,1650311770.990885
R,Key.space,1650311771.095726
P,'l',1650311771.371635
R,'l',1650311771.454384
P,'a',1650311771.4881222
P,'n',1650311771.581874
R,'a',1650311771.586103
P,'d',1650311771.6460319
R,'n',1650311771.657113
R,'d',1650311771.7622132
P,Key.space,1650311771.78596
R,Key.space,1650311771.881027
P,'o',1650311772.271708
P,'n',1650311772.357866
R,'o',1650311772.3690848
P,Key.space,1650311772.430822
R,'n',1650311772.4378
R,Key.space,1650311772.522141
P,'h',1650311772.6562822
R,'h',1650311772.745
P,'i',1650311772.7524748
R,'i',1650311772.849139
P,'s',1650311772.860161
R,'s',1650311772.94478
P,Key.space,1650311772.9490361
R,Key.space,1650311773.056842
P,'f',1650311773.271253
R,'f',1650311773.358436
P,'e',1650311773.442286
R,'e',1650311773.531327
P,'e',1650311773.60686
R,'e',1650311773.7349608
P,'t',1650311773.8148952
R,'t',1650311773.8956292
P,'.',1650311775.0881999
R,'.',1650311775.168101
P,Key.space,1650311776.7950752
R,Key.space,1650311776.922147
P,'m',1650311778.160851
R,'m',1650311778.2453482
P,'a',1650311778.2852118
R,'a',1650311778.3658109
P,'y',1650311778.413245
R,'y',1650311778.4922721
P,'b',1650311778.581703
R,'b',1650311778.6734521
P,'e',1650311778.688842
R,'e',1650311778.7719219
P,Key.space,1650311778.8166149
R,Key.space,1650311778.913389
P,'n',1650311779.0818949
R,'n',1650311779.165965
P,'e',1650311779.188514
R,'e',1650311779.270371
P,'x',1650311779.491798
R,'x',1650311779.568118
P,'t',1650311779.722692
R,'t',1650311779.815069
P,Key.space,1650311779.841834
R,Key.space,1650311779.925921
P,'t',1650311780.734117
P,'i',1650311780.832883
R,'t',1650311780.840807
P,'m',1650311780.8809059
R,'i',1650311780.962216
P,Key.space,1650311780.997709
R,'m',1650311781.0165188
R,Key.space,1650311781.1245902
P,Key.backspace,1650311781.717726
R,Key.backspace,1650311781.81351
P,Key.space,1650311782.324811
R,Key.space,1650311782.4149241
P,'6',1650311782.718605
R,'6',1650311782.8149278
P,'/',1650311782.8768
R,'/',1650311782.941925
P,'1',1650311783.438897
R,'1',1650311783.515031
P,'0',1650311783.5453582
R,'0',1650311783.6098108
P,Key.ctrl,1650311801.593171
P,'c',1650311801.69698
Press or Release,Key,Time
P,Key.cmd,1650312252.09517
P,Key.tab,1650312252.1858938
R,Key.tab,1650312252.297812
R,Key.cmd,1650312252.3469398
P,'i',1650312256.760863
R,'i',1650312256.847828
P,'n',1650312256.8746922
R,'n',1650312256.962089
P,'s',1650312256.9983091
R,'s',1650312257.080792
P,'t',1650312257.2136052
R,'t',1650312257.326302
P,'g',1650312257.910797
R,'g',1650312257.976382
P,Key.backspace,1650312258.761893
R,Key.backspace,1650312258.8416378
P,'a',1650312258.991051
R,'a',1650312259.0998101
P,'g',1650312259.270537
R,'g',1650312259.342005
P,'r',1650312259.4471738
P,'a',1650312259.530468
R,'r',1650312259.5442922
P,'m',1650312259.637971
R,'a',1650312259.656546
R,'m',1650312259.7145321
P,Key.enter,1650312260.1524742
R,Key.enter,1650312260.24963
P,'f',1650312264.1922739
R,'f',1650312264.283722
P,'p',1650312264.319216
R,'p',1650312264.396717
P,'d',1650312264.446215
R,'d',1650312264.526549
P,'3',1650312265.182318
R,'3',1650312265.257212
P,Key.shift,1650312265.6513631
P,'@',1650312266.019383
R,Key.shift,1650312266.110671
R,'2',1650312266.118277
P,Key.backspace,1650312266.639035
R,Key.backspace,1650312266.7176802
P,'s',1650312266.890312
R,'s',1650312266.999691
P,'o',1650312267.0613482
R,'o',1650312267.108309
P,'c',1650312267.671218
R,'c',1650312267.762868
P,'i',1650312267.804538
R,'i',1650312267.878349
P,'a',1650312267.961559
R,'a',1650312268.078294
P,'l',1650312268.090147
R,'l',1650312268.18609
P,Key.shift,1650312268.4061902
P,'@',1650312268.706004
R,'@',1650312268.818291
R,Key.shift,1650312268.846474
P,'g',1650312269.121398
R,'g',1650312269.245444
P,'m',1650312269.27499
R,'m',1650312269.382338
P,'a',1650312269.406792
R,'a',1650312269.500876
P,'i',1650312269.545424
R,'i',1650312269.604599
P,'l',1650312269.634805
R,'l',1650312269.748112
P,'.',1650312270.1929832
R,'.',1650312270.248055
P,Key.backspace,1650312270.591518
R,Key.backspace,1650312270.672151
P,'.',1650312271.325354
R,'.',1650312271.390242
P,'c',1650312271.587255
R,'c',1650312271.666502
P,'o',1650312271.673833
P,'m',1650312271.765741
R,'o',1650312271.781533
R,'m',1650312271.847054
P,Key.shift,1650312274.032564
R,Key.shift,1650312274.3069482
P,Key.shift,1650312275.296864
R,Key.shift,1650312275.6212292
P,Key.shift,1650312281.017913
R,Key.shift,1650312281.410125
P,'7',1650312329.599144
R,'7',1650312329.668345
P,'3',1650312329.982878
R,'3',1650312330.073994
P,'9',1650312330.3583648
R,'9',1650312330.422142
P,'7',1650312333.165581
R,'7',1650312333.241481
P,'0',1650312334.5694568
R,'0',1650312334.630238
P,'5',1650312334.8168588
R,'5',1650312334.8811939
P,'c',1650312379.508538
R,'c',1650312379.628145
P,'o',1650312379.702115
R,'o',1650312379.783309
P,'a',1650312379.842807
R,'a',1650312379.938723
P,'c',1650312380.461497
R,'c',1650312380.53217
P,'h',1650312380.5400572
R,'h',1650312380.6163929
P,Key.space,1650312380.671391
R,Key.space,1650312380.758684
P,'c',1650312381.147383
R,'c',1650312381.242462
P,'a',1650312381.346897
P,'r',1650312381.447239
R,'r',1650312381.466847
R,'a',1650312381.471073
P,'t',1650312381.654173
R,'t',1650312381.701068
P,'t',1650312382.133659
R,'t',1650312382.213561
P,'e',1650312382.3315132
R,'e',1650312382.45253
P,'r',1650312382.4595242
R,'r',1650312382.491176
P,Key.backspace,1650312382.6201339
R,Key.backspace,1650312382.6876328
P,Key.backspace,1650312382.7323189
R,Key.backspace,1650312382.809634
P,Key.backspace,1650312382.8455281
R,Key.backspace,1650312382.9297779
P,'e',1650312382.981018
P,'r',1650312383.0581372
R,'e',1650312383.071297
R,'r',1650312383.157581
P,Key.space,1650312383.174742
R,Key.space,1650312383.277206
P,'i',1650312384.475379
P,'s',1650312384.5350342
R,'i',1650312384.574945
R,'s',1650312384.6113899
P,Key.space,1650312384.641293
R,Key.space,1650312384.741365
P,'a',1650312384.7658281
R,'a',1650312384.860186
P,'g',1650312385.1268249
R,'g',1650312385.224003
P,Key.backspace,1650312385.77472
R,Key.backspace,1650312385.838374
P,Key.space,1650312385.927226
R,Key.space,1650312386.025035
P,'g',1650312386.058024
R,'g',1650312386.121181
P,'r',1650312386.235029
P,'e',1650312386.331031
R,'r',1650312386.342734
P,'a',1650312386.488013
R,'e',1650312386.5106518
R,'a',1650312386.624968
P,'t',1650312386.650719
R,'t',1650312386.7409768
P,Key.space,1650312386.7798452
R,Key.space,1650312386.8710752
P,'m',1650312386.9765499
R,'m',1650312387.097156
P,'o',1650312387.1100411
R,'o',1650312387.241868
P,'i',1650312387.3451571
P,'e',1650312387.373707
R,'i',1650312387.4330041
R,'e',1650312387.537569
P,Key.space,1650312387.5649788
R,Key.space,1650312387.691295
P,Key.backspace,1650312388.075594
R,Key.backspace,1650312388.1274052
P,Key.backspace,1650312388.190889
R,Key.backspace,1650312388.274341
P,Key.backspace,1650312388.3165288
R,Key.backspace,1650312388.3912508
P,'v',1650312388.7968588
P,'i',1650312388.883543
R,'v',1650312388.8842702
R,'i',1650312388.9682891
P,'e',1650312388.981616
R,'e',1650312389.081698
P,Key.space,1650312389.08541
R,Key.space,1650312389.1910532
P,'a',1650312389.274657
R,'a',1650312389.369858
P,'s',1650312389.417572
R,'s',1650312389.4942799
P,Key.space,1650312389.519541
R,Key.space,1650312389.6077828
P,'d',1650312389.824379
R,'d',1650312389.899255
P,'e',1650312389.9924579
R,'e',1650312390.052955
P,'p',1650312390.118709
R,'p',1650312390.218889
P,'i',1650312390.299401
R,'i',1650312390.3791318
P,'c',1650312390.4014888
R,'c',1650312390.462496
P,'t',1650312390.6187541
P,'e',1650312390.714644
R,'t',1650312390.71873
R,'e',1650312390.847106
P,'d',1650312391.0800269
R,'d',1650312391.145045
P,Key.space,1650312391.161708
R,Key.space,1650312391.285795
P,'i',1650312391.516889
P,'n',1650312391.600502
R,'i',1650312391.6162822
P,Key.space,1650312391.67769
R,'n',1650312391.690967
R,Key.space,1650312391.801774
P,'t',1650312391.8206122
R,'t',1650312391.9039922
P,'h',1650312391.932771
R,'h',1650312392.008585
P,'e',1650312392.012697
R,'e',1650312392.1090539
P,Key.space,1650312392.1377869
R,Key.space,1650312392.2382169
P,'p',1650312392.677597
R,'p',1650312392.774135
P,'i',1650312392.849505
R,'i',1650312392.9498801
P,'c',1650312392.995324
R,'c',1650312393.1118479
P,'t',1650312393.271206
R,'t',1650312393.342449
P,'u',1650312393.487618
R,'u',1650312393.6240299
P,'r',1650312393.646083
P,'e',1650312393.706344
R,'r',1650312393.729724
P,Key.space,1650312393.781767
R,'e',1650312393.825751
R,Key.space,1650312393.8987021
P,'i',1650312395.241971
P,'v',1650312395.3141592
R,'i',1650312395.3260841
P,'e',1650312395.39377
R,'v',1650312395.407191
R,'e',1650312395.490912
P,Key.space,1650312395.515337
R,Key.space,1650312395.626369
P,'p',1650312395.7576509
R,'p',1650312395.8377311
P,'o',1650312395.9216099
R,'o',1650312396.0073578
P,'s',1650312396.0306911
R,'s',1650312396.118518
P,'t',1650312396.378387
P,'e',1650312396.481626
R,'t',1650312396.4929988
R,'e',1650312396.607266
P,'d',1650312396.6483352
R,'d',1650312396.7517781
P,'.',1650312397.240656
R,'.',1650312397.30961
P,Key.space,1650312397.3292868
R,Key.space,1650312397.433692
P,'i',1650312403.197351
R,'i',1650312403.250323
P,'t',1650312403.5036669
P,'s',1650312403.5468748
R,'t',1650312403.550486
R,'s',1650312403.6797519
P,Key.space,1650312404.094495
R,Key.space,1650312404.1696708
P,'a',1650312404.2081301
R,'a',1650312404.334916
P,Key.space,1650312404.48432
R,Key.space,1650312404.567727
P,'g',1650312404.920809
R,'g',1650312405.004318
P,'r',1650312405.1741362
P,'e',1650312405.2826822
R,'r',1650312405.298688
P,'a',1650312405.383026
R,'e',1650312405.407796
R,'a',1650312405.482736
P,'e',1650312405.4836411
R,'e',1650312405.6038752
P,Key.backspace,1650312406.0174248
R,Key.backspace,1650312406.0928981
P,'t',1650312406.496157
R,'t',1650312406.596071
P,Key.space,1650312406.674581
R,Key.space,1650312406.791971
P,'w',1650312407.84747
R,'w',1650312407.986666
P,'a',1650312408.006412
R,'a',1650312408.1302972
P,'t',1650312408.212438
R,'t',1650312408.289875
P,'c',1650312408.504609
R,'c',1650312408.583874
P,'h',1650312408.613853
R,'h',1650312408.69377
P,Key.space,1650312408.724519
R,Key.space,1650312408.8074949
P,'f',1650312408.90027
R,'f',1650312408.996303
P,'o',1650312409.0080042
R,'o',1650312409.0926442
P,'r',1650312409.093339
R,'r',1650312409.197354
P,Key.space,1650312409.211552
R,Key.space,1650312409.299281
P,'s',1650312409.482326
R,'s',1650312409.573183
P,'p',1650312409.581207
R,'p',1650312409.669832
P,'o',1650312409.7251241
R,'o',1650312409.808728
P,'r',1650312409.840338
R,'r',1650312409.942972
P,'s',1650312410.145073
R,'s',1650312410.240726
P,Key.backspace,1650312410.727478
R,Key.backspace,1650312410.806049
P,'t',1650312410.825349
P,'s',1650312410.901302
R,'t',1650312410.953162
R,'s',1650312411.053744
P,Key.space,1650312411.057329
R,Key.space,1650312411.166294
P,'g',1650312411.410049
R,'g',1650312411.4731169
P,Key.backspace,1650312411.7632158
R,Key.backspace,1650312411.8348951
P,'f',1650312411.879638
P,'a',1650312411.9435
R,'f',1650312411.98678
P,'n',1650312412.0411148
R,'a',1650312412.063777
R,'n',1650312412.120599
P,'d',1650312412.244965
R,'d',1650312412.3288598
P,Key.space,1650312412.351211
R,Key.space,1650312412.459251
P,Key.backspace,1650312412.610982
R,Key.backspace,1650312412.666309
P,Key.backspace,1650312412.7371452
R,Key.backspace,1650312412.8187919
P,Key.backspace,1650312412.9793432
R,Key.backspace,1650312413.0303302
P,Key.backspace,1650312413.097675
R,Key.backspace,1650312413.1695209
P,'f',1650312413.502136
P,'a',1650312413.5822542
R,'f',1650312413.601148
P,'n',1650312413.6608589
R,'a',1650312413.684937
R,'n',1650312413.7410119
P,'s',1650312413.778132
R,'s',1650312413.891968
P,Key.space,1650312413.94671
R,Key.space,1650312414.0864708
P,'a',1650312414.3907242
P,'n',1650312414.454489
R,'a',1650312414.477421
R,'n',1650312414.549584
P,'d',1650312414.557411
P,Key.space,1650312414.64149
R,'d',1650312414.6658719
R,Key.space,1650312414.756994
P,'p',1650312415.842131
R,'p',1650312415.923753
P,'e',1650312415.978963
P,'o',1650312416.057604
R,'e',1650312416.0707572
R,'o',1650312416.135384
P,'p',1650312416.158654
R,'p',1650312416.235082
P,'l',1650312416.3307142
P,'e',1650312416.3864682
R,'l',1650312416.390265
R,'e',1650312416.4512
P,Key.space,1650312416.451936
R,Key.space,1650312416.5799391
P,'w',1650312416.858262
P,'h',1650312416.922569
R,'w',1650312416.9255989
P,'o',1650312417.008255
R,'h',1650312417.02932
R,'o',1650312417.1136498
P,Key.space,1650312417.125252
R,Key.space,1650312417.2024078
P,'n',1650312418.547631
R,'n',1650312418.608597
P,'e',1650312418.639662
R,'e',1650312418.7276502
P,'e',1650312418.7755551
R,'e',1650312418.8476238
P,'d',1650312418.973533
R,'d',1650312419.067188
P,Key.space,1650312419.1136708
R,Key.space,1650312419.229019
P,'s',1650312419.2854059
R,'s',1650312419.353516
P,'o',1650312419.407727
P,'m',1650312419.5392158
R,'o',1650312419.541954
R,'m',1650312419.664146
P,'e',1650312419.752494
R,'e',1650312419.828993
P,Key.space,1650312419.8483121
R,Key.space,1650312419.9495108
P,'m',1650312420.140712
R,'m',1650312420.2278342
P,'o',1650312420.2649899
R,'o',1650312420.352906
P,'t',1650312420.38341
R,'t',1650312420.45229
P,'i',1650312420.545266
R,'i',1650312420.60659
P,'v',1650312421.140165
R,'v',1650312421.243545
P,'a',1650312421.3590982
R,'a',1650312421.4395368
P,'t',1650312421.480868
R,'t',1650312421.573344
P,'i',1650312421.60831
P,'o',1650312421.699615
R,'i',1650312421.739383
P,'n',1650312421.79642
R,'o',1650312421.8192792
R,'n',1650312421.8903549
P,'.',1650312422.217452
P,Key.space,1650312422.2918358
R,'.',1650312422.293519
R,Key.space,1650312422.381404
P,'s',1650312425.915508
R,'s',1650312425.994312
P,'a',1650312426.093237
R,'a',1650312426.201557
P,'m',1650312426.2681391
R,'m',1650312426.355932
P,Key.space,1650312426.363144
R,Key.space,1650312426.484389
P,Key.shift,1650312426.980913
P,'L',1650312427.085026
R,'L',1650312427.145587
P,Key.space,1650312427.1662898
R,Key.shift,1650312427.1772218
R,Key.space,1650312427.265402
P,'j',1650312428.167148
R,'j',1650312428.2271879
P,'a',1650312428.2592251
P,'c',1650312428.363412
R,'a',1650312428.372363
R,'c',1650312428.4803789
P,'k',1650312428.481803
R,'k',1650312428.5571892
P,Key.space,1650312428.578742
R,Key.space,1650312428.6954648
P,Key.backspace,1650312429.320181
R,Key.backspace,1650312429.4155562
P,'s',1650312429.628339
R,'s',1650312429.707328
P,'o',1650312429.7578828
R,'o',1650312429.89403
P,'n',1650312429.897751
R,'n',1650312429.977417
P,Key.space,1650312429.991269
R,Key.space,1650312430.103772
P,'a',1650312430.846018
R,'a',1650312430.902227
P,'n',1650312430.902785
R,'n',1650312430.965345
P,'o',1650312431.010723
R,'o',1650312431.091807
P,'t',1650312431.11326
R,'t',1650312431.17739
P,'h',1650312431.208749
R,'h',1650312431.290914
P,'e',1650312431.332215
R,'e',1650312431.457014
P,'r',1650312431.475032
R,'r',1650312431.5518138
P,Key.space,1650312431.5590742
R,Key.space,1650312431.644049
P,'g',1650312432.927275
R,'g',1650312432.9982378
P,'r',1650312433.0568519
P,'e',1650312433.102963
R,'r',1650312433.162627
P,'a',1650312433.2733598
R,'e',1650312433.356033
R,'a',1650312433.373224
P,'t',1650312433.374387
R,'t',1650312433.475362
P,Key.space,1650312433.5282428
R,Key.space,1650312433.6325529
P,'p',1650312433.852683
R,'p',1650312433.947695
P,'e',1650312433.95723
P,'r',1650312434.020555
R,'e',1650312434.044908
R,'r',1650312434.131855
P,'f',1650312434.315167
R,'f',1650312434.379939
P,'o',1650312434.489917
R,'o',1650312434.5726788
P,'r',1650312435.260027
R,'r',1650312435.3520598
P,'m',1650312435.399632
R,'m',1650312435.480139
P,'a',1650312435.57603
R,'a',1650312435.634737
P,'n',1650312435.722837
R,'n',1650312435.793102
P,'c',1650312435.9767969
P,'e',1650312436.08386
R,'c',1650312436.095542
P,Key.space,1650312436.157229
R,'e',1650312436.179924
R,Key.space,1650312436.263714
P,'a',1650312436.3808682
R,'a',1650312436.453602
P,'n',1650312436.4576461
R,'n',1650312436.539426
P,'d',1650312436.5810728
R,'d',1650312436.657562
P,Key.space,1650312436.689837
R,Key.space,1650312436.769513
P,Key.backspace,1650312437.05615
R,Key.backspace,1650312437.124297
P,Key.backspace,1650312437.175796
R,Key.backspace,1650312437.253438
P,Key.backspace,1650312437.3098161
R,Key.backspace,1650312437.406045
P,'f',1650312437.6090162
R,'f',1650312437.732198
P,'t',1650312437.8368719
R,'t',1650312437.912736
P,'e',1650312437.990664
P,'r',1650312438.0736582
R,'e',1650312438.103799
R,'r',1650312438.1689339
P,Key.space,1650312438.189225
R,Key.space,1650312438.3038878
P,'h',1650312438.497781
R,'h',1650312438.585558
P,'i',1650312438.615434
R,'i',1650312438.6954272
P,'s',1650312438.6962738
R,'s',1650312438.755438
P,Key.space,1650312439.757764
R,Key.space,1650312439.8666592
P,'h',1650312442.257479
R,'h',1650312442.3078249
P,'a',1650312442.452354
R,'a',1650312442.5598001
P,'l',1650312442.7795
R,'l',1650312442.859334
P,'f',1650312442.912399
R,'f',1650312443.008538
P,Key.space,1650312443.359342
R,Key.space,1650312443.450372
P,'a',1650312443.6453319
R,'a',1650312443.753381
P,'s',1650312443.802971
R,'s',1650312443.889287
P,'s',1650312443.948372
R,'s',1650312444.031821
P,'e',1650312444.16832
R,'e',1650312444.24872
P,'d',1650312444.33928
R,'d',1650312444.419102
P,Key.space,1650312444.490487
R,Key.space,1650312444.5960782
P,'p',1650312445.39924
R,'p',1650312445.4907362
P,'e',1650312445.546644
P,'r',1650312445.6338692
R,'e',1650312445.646396
R,'r',1650312445.750771
P,'f',1650312446.253407
R,'f',1650312446.332603
P,'o',1650312446.789788
R,'o',1650312446.878604
P,'m',1650312446.908889
R,'m',1650312447.0325189
P,'r',1650312447.106546
R,'r',1650312447.216588
P,'a',1650312447.332014
R,'a',1650312447.368455
P,'n',1650312447.40097
R,'n',1650312447.460195
P,'c',1650312447.617336
P,'e',1650312447.708825
R,'c',1650312447.7328498
P,Key.space,1650312447.8064792
R,'e',1650312447.817106
R,Key.space,1650312447.9173539
P,'a',1650312448.827363
R,'a',1650312448.931863
P,'t',1650312448.989703
P,Key.space,1650312449.064197
R,'t',1650312449.0842812
R,Key.space,1650312449.160699
P,'t',1650312449.231591
R,'t',1650312449.288872
P,'h',1650312449.311341
R,'h',1650312449.399231
P,'e',1650312449.434279
R,'e',1650312449.51515
P,Key.space,1650312449.516066
R,Key.space,1650312449.62514
P,'e',1650312449.9781241
P,'n',1650312450.046121
R,'e',1650312450.049864
R,'n',1650312450.1271522
P,'d',1650312450.152426
R,'d',1650312450.2442088
P,Key.space,1650312450.265078
R,Key.space,1650312450.356768
P,'o',1650312450.409856
R,'o',1650312450.51559
P,'f',1650312450.59396
R,'f',1650312450.710295
P,Key.space,1650312450.7243168
R,Key.space,1650312450.816104
P,'s',1650312451.0069492
R,'s',1650312451.1024861
P,'t',1650312451.2322822
R,'t',1650312451.312475
P,'a',1650312451.4247198
R,'a',1650312451.552843
P,'r',1650312452.1975749
R,'r',1650312452.281568
P,Key.space,1650312452.3131719
R,Key.space,1650312452.428993
P,'w',1650312452.541424
R,'w',1650312452.648476
P,'a',1650312452.677593
P,'r',1650312452.7939148
R,'a',1650312452.812856
P,'s',1650312452.917609
R,'r',1650312452.932717
R,'s',1650312453.046283
P,Key.enter,1650312453.764682
R,Key.enter,1650312453.8325021
P,Key.cmd,1650312482.475551
P,Key.tab,1650312482.5907898
R,Key.cmd,1650312482.6826649
R,Key.tab,1650312482.7024908
P,Key.ctrl,1650312483.690471
P,'c',1650312483.814896
P,Key.cmd,1650312489.64797
P,Key.tab,1650312489.7594051
R,Key.tab,1650312489.858594
R,Key.cmd,1650312489.8833642
P,'t',1650312491.902514
P,'w',1650312491.998512
R,'t',1650312492.0064409
R,'w',1650312492.120785
P,'i',1650312492.4615302
R,'i',1650312492.534519
P,'t',1650312492.70662
R,'t',1650312492.78588
P,'t',1650312492.854378
R,'t',1650312492.918081
P,'e',1650312493.112779
P,'r',1650312493.208107
R,'e',1650312493.227527
R,'r',1650312493.296232
P,Key.enter,1650312493.6512058
R,Key.enter,1650312493.701546
P,'f',1650312508.194705
R,'f',1650312508.298817
P,'p',1650312508.361683
R,'p',1650312508.438405
P,'d',1650312508.692804
R,'d',1650312508.7689521
P,'3',1650312509.275837
R,'3',1650312509.342985
P,'s',1650312510.02493
R,'s',1650312510.104526
P,'o',1650312510.24149
R,'o',1650312510.321866
P,'c',1650312510.525692
R,'c',1650312510.5972638
P,'i',1650312510.660546
R,'i',1650312510.7326431
P,'a',1650312510.76598
R,'a',1650312510.850178
P,'l',1650312510.896816
R,'l',1650312510.972715
P,Key.shift,1650312511.223553
P,'@',1650312511.591249
R,'@',1650312511.674804
R,Key.shift,1650312511.711722
P,'g',1650312512.1285949
R,'g',1650312512.2379289
P,'m',1650312512.255473
R,'m',1650312512.350793
P,'a',1650312512.3541288
R,'a',1650312512.447089
P,'i',1650312512.4744499
R,'i',1650312512.554472
P,'l',1650312512.574205
R,'l',1650312512.675054
P,'.',1650312513.2145338
R,'.',1650312513.289912
P,'c',1650312513.316921
R,'c',1650312513.4021928
P,'o',1650312513.438261
P,'m',1650312513.5025961
R,'o',1650312513.525441
R,'m',1650312513.60214
P,Key.shift,1650312516.236633
R,Key.shift,1650312516.4720562
P,Key.shift,1650312518.131187
R,Key.shift,1650312518.405751
P,Key.shift,1650312519.743496
R,Key.shift,1650312520.2304142
P,Key.shift,1650312523.5433412
R,Key.shift,1650312523.77414
P,Key.shift,1650312524.8180149
R,Key.shift,1650312525.562919
P,Key.shift,1650312529.492589
R,Key.shift,1650312529.8205209
P,Key.shift,1650312531.722262
R,Key.shift,1650312532.2946482
P,Key.shift,1650312533.7465222
R,Key.shift,1650312534.0104032
R,Key.enter,1650312534.499508
P,Key.shift,1650312536.552613
R,Key.shift,1650312536.9616818
P,Key.shift,1650312544.414824
R,Key.shift,1650312544.7790039
P,Key.shift,1650312547.063126
R,Key.shift,1650312547.546974
P,Key.shift,1650312555.565273
R,Key.shift,1650312555.925161
P,Key.shift,1650312558.532928
R,Key.shift,1650312559.057327
P,Key.shift,1650312561.408361
R,Key.shift,1650312561.8669062
P,Key.shift,1650312596.910222
R,Key.shift,1650312597.127423
P,'t',1650312601.4298189
R,'t',1650312601.510633
P,'e',1650312601.6917892
P,'r',1650312601.816062
R,'e',1650312601.827308
R,'r',1650312601.937043
P,Key.space,1650312601.9647622
R,Key.space,1650312602.076389
P,'i',1650312602.181577
R,'i',1650312602.2666922
P,'s',1650312602.281615
R,'s',1650312602.347005
P,Key.space,1650312602.363908
R,Key.space,1650312602.460105
P,'a',1650312602.5658848
R,'a',1650312602.6390731
P,Key.space,1650312602.6939678
R,Key.space,1650312602.729048
P,'w',1650312603.124005
P,'o',1650312603.171296
R,'w',1650312603.199609
R,'o',1650312603.2720718
P,'n',1650312603.28648
R,'n',1650312603.360353
P,'d',1650312603.40298
R,'d',1650312603.499307
P,'e',1650312603.5838232
R,'e',1650312603.691929
P,'r',1650312603.705136
R,'r',1650312603.797246
P,'f',1650312603.976
R,'f',1650312604.059883
P,'u',1650312604.091095
P,'l',1650312604.179429
R,'u',1650312604.190785
P,Key.space,1650312604.286892
R,'l',1650312604.298671
R,Key.space,1650312604.376396
P,'m',1650312604.513372
P,'o',1650312604.6249442
R,'m',1650312604.635981
R,'o',1650312604.7323809
P,'v',1650312604.7788632
P,'e',1650312604.894121
P,'i',1650312604.9050848
R,'v',1650312604.906139
R,'e',1650312604.978204
R,'i',1650312604.99723
P,Key.backspace,1650312605.583311
R,Key.backspace,1650312605.6713998
P,Key.backspace,1650312605.718213
R,Key.backspace,1650312605.806206
P,'i',1650312606.094909
R,'i',1650312606.158858
P,'e',1650312606.166294
R,'e',1650312606.2383108
P,"','",1650312607.2115872
R,"','",1650312607.2644072
P,Key.space,1650312607.295039
R,Key.space,1650312607.394078
P,'i',1650312612.317869
P,'t',1650312612.3873851
R,'i',1650312612.391497
P,Key.space,1650312612.4658492
R,'t',1650312612.466866
R,Key.space,1650312612.566677
P,'r',1650312613.122315
P,'e',1650312613.161389
R,'r',1650312613.2463732
P,'a',1650312613.3063629
R,'e',1650312613.342217
R,'a',1650312613.433919
P,'l',1650312613.475211
R,'l',1650312613.5394921
P,'l',1650312613.5991302
R,'l',1650312613.682132
P,'y',1650312613.820658
R,'y',1650312613.903667
P,Key.space,1650312613.91982
R,Key.space,1650312614.013619
P,'i',1650312614.079464
R,'i',1650312614.159795
P,'n',1650312614.205649
R,'n',1650312614.2786329
P,'s',1650312614.38302
P,'p',1650312614.443694
R,'s',1650312614.4803698
R,'p',1650312614.5597188
P,'i',1650312614.665431
R,'i',1650312614.741528
P,'r',1650312614.755181
R,'r',1650312614.860381
P,'e',1650312614.873913
R,'e',1650312614.984878
P,'d',1650312615.06646
R,'d',1650312615.161679
P,Key.space,1650312615.187706
R,Key.space,1650312615.267775
P,'m',1650312615.519475
P,'e',1650312615.610582
R,'m',1650312615.6220832
R,'e',1650312615.679347
P,Key.space,1650312615.686778
R,Key.space,1650312615.799356
P,'t',1650312618.7591481
P,'o',1650312618.8310149
R,'t',1650312618.854035
R,'o',1650312618.9307468
P,Key.space,1650312619.468388
R,Key.space,1650312619.547446
P,'b',1650312619.734231
R,'b',1650312619.8102882
P,'e',1650312619.839682
R,'e',1650312619.9132469
P,'c',1650312620.525017
P,'o',1650312620.631829
R,'c',1650312620.639919
P,'m',1650312620.6574259
R,'o',1650312620.7321758
R,'m',1650312620.802478
P,'e',1650312620.818688
R,'e',1650312620.9025931
P,Key.space,1650312620.920704
R,Key.space,1650312621.0421429
P,'a',1650312621.763169
P,Key.space,1650312621.805581
R,'a',1650312621.82997
R,Key.space,1650312621.9180832
P,Key.shift,1650312622.207886
P,'C',1650312622.439536
R,'C',1650312622.5348392
R,Key.shift,1650312622.5548239
P,Key.shift,1650312622.897721
R,Key.shift,1650312624.6501188
P,Key.shift,1650312625.00393
P,'+',1650312625.144573
R,'+',1650312625.199604
R,Key.shift,1650312625.247842
P,Key.space,1650312625.807349
R,Key.space,1650312625.906892
P,'s',1650312626.0608482
R,'s',1650312626.1331341
P,'t',1650312626.22033
P,'u',1650312626.279465
R,'t',1650312626.294688
R,'u',1650312626.368017
P,'d',1650312626.476394
R,'d',1650312626.52491
P,'e',1650312626.602952
R,'e',1650312626.6724029
P,'n',1650312626.6896372
R,'n',1650312626.799094
P,Key.space,1650312626.86593
R,Key.space,1650312627.0099158
P,Key.backspace,1650312627.374676
P,'t',1650312627.4387321
R,Key.backspace,1650312627.4506712
R,'t',1650312627.5378602
P,Key.space,1650312627.541648
R,Key.space,1650312627.64565
P,'i',1650312627.757526
P,'n',1650312627.809058
R,'i',1650312627.828164
R,'n',1650312627.945587
P,'s',1650312628.060812
R,'s',1650312628.173685
P,'t',1650312628.30163
R,'t',1650312628.376426
P,'e',1650312628.549675
R,'e',1650312628.609927
P,'e',1650312628.660693
R,'e',1650312628.7291892
P,'a',1650312628.768439
R,'a',1650312628.844609
P,Key.backspace,1650312629.224481
R,Key.backspace,1650312629.281564
P,Key.backspace,1650312629.3404958
R,Key.backspace,1650312629.428591
P,'a',1650312629.450575
P,'d',1650312629.510445
R,'a',1650312629.543333
R,'d',1650312629.6436
P,Key.space,1650312629.6666722
R,Key.space,1650312629.7459478
P,'o',1650312629.9566221
R,'o',1650312630.044448
P,'f',1650312630.049221
R,'f',1650312630.13594
P,Key.space,1650312630.149995
R,Key.space,1650312630.2466822
P,'a',1650312630.297042
P,Key.space,1650312630.365501
R,'a',1650312630.3772218
R,Key.space,1650312630.472447
P,Key.shift,1650312630.57131
P,'D',1650312630.7607522
R,'D',1650312630.900377
R,Key.shift,1650312630.9245682
P,Key.space,1650312630.94064
R,Key.space,1650312631.0696929
P,Key.backspace,1650312631.79641
R,Key.backspace,1650312631.856423
P,'.',1650312632.181778
R,'.',1650312632.25359
P,Key.space,1650312632.2841659
R,Key.space,1650312632.3690019
P,'n',1650312632.882669
R,'n',1650312632.987246
P,'o',1650312632.99832
P,'w',1650312633.055509
R,'o',1650312633.0898829
R,'w',1650312633.151532
P,Key.space,1650312633.182282
R,Key.space,1650312633.267215
P,'i',1650312633.340329
R,'i',1650312633.43997
P,Key.space,1650312633.447252
R,Key.space,1650312633.572496
P,'a',1650312633.7702699
P,'n',1650312633.8688629
R,'a',1650312633.9185019
R,'n',1650312633.92994
P,Key.space,1650312633.938095
R,Key.space,1650312634.066731
P,Key.backspace,1650312634.553568
R,Key.backspace,1650312634.5950952
P,Key.backspace,1650312634.6628082
R,Key.backspace,1650312634.713044
P,Key.backspace,1650312634.766016
R,Key.backspace,1650312634.850282
P,'c',1650312634.936942
P,'a',1650312634.97999
R,'c',1650312635.033064
P,'n',1650312635.076107
R,'a',1650312635.087871
P,Key.space,1650312635.140772
R,'n',1650312635.1448388
R,Key.space,1650312635.26969
P,'g',1650312635.4951081
P,'o',1650312635.5837498
R,'g',1650312635.603502
R,'o',1650312635.651382
P,Key.space,1650312635.658377
R,Key.space,1650312635.779329
P,'o',1650312635.930824
P,Key.space,1650312636.003968
R,'o',1650312636.0140328
R,Key.space,1650312636.06303
P,Key.backspace,1650312636.527489
R,Key.backspace,1650312636.5791712
P,Key.backspace,1650312636.639188
R,Key.backspace,1650312636.7014961
P,'t',1650312636.7847621
P,'o',1650312636.8495529
R,'t',1650312636.853058
R,'o',1650312636.94874
P,Key.space,1650312636.9871418
R,Key.space,1650312637.090855
P,'c',1650312637.322062
R,'c',1650312637.394412
P,'o',1650312637.40128
R,'o',1650312637.470901
P,'l',1650312637.572156
R,'l',1650312637.632782
P,'l',1650312637.694371
R,'l',1650312637.7751832
P,'e',1650312637.84921
R,'e',1650312637.945149
P,'g',1650312638.003138
P,'e',1650312638.1127338
R,'g',1650312638.134104
P,Key.space,1650312638.202114
R,'e',1650312638.2217731
R,Key.space,1650312638.3064198
P,'a',1650312638.4290729
P,'n',1650312638.4682932
R,'a',1650312638.511622
R,'n',1650312638.5729222
P,'d',1650312638.5771909
P,Key.space,1650312638.640964
R,'d',1650312638.696032
R,Key.space,1650312638.77011
P,'p',1650312639.945198
R,'p',1650312640.032528
P,'l',1650312640.141099
R,'l',1650312640.216672
P,'a',1650312640.270018
R,'a',1650312640.350337
P,'y',1650312640.366924
R,'y',1650312640.4473338
P,Key.space,1650312640.502961
R,Key.space,1650312640.579395
P,'b',1650312640.998851
R,'b',1650312641.071266
P,'a',1650312641.11745
R,'a',1650312641.233047
P,'s',1650312641.259419
R,'s',1650312641.3670158
P,'k',1650312641.435149
P,'e',1650312641.477996
R,'k',1650312641.490171
R,'e',1650312641.570555
P,'t',1650312642.082923
R,'t',1650312642.159372
P,'a',1650312642.657894
R,'a',1650312642.741498
P,Key.backspace,1650312643.0196009
R,Key.backspace,1650312643.079804
P,'b',1650312643.252803
P,'a',1650312643.3246982
R,'b',1650312643.3513138
P,'l',1650312643.432739
R,'a',1650312643.439758
R,'l',1650312643.4967701
P,'l',1650312643.549675
R,'l',1650312643.6300921
P,Key.space,1650312644.536464
R,Key.space,1650312644.64429
P,'o',1650312644.745694
R,'o',1650312644.8216739
P,'r',1650312644.825668
P,Key.space,1650312644.920662
R,'r',1650312644.924159
R,Key.space,1650312645.030493
P,'a',1650312645.350771
P,'s',1650312645.430636
R,'a',1650312645.442643
R,'s',1650312645.5653021
P,Key.space,1650312645.569057
R,Key.space,1650312645.685717
P,'i',1650312645.736366
R,'i',1650312645.852482
P,Key.space,1650312645.93429
R,Key.space,1650312646.0406709
P,'l',1650312646.2398221
R,'l',1650312646.303704
P,'i',1650312646.388565
R,'i',1650312646.440873
P,'k',1650312646.535406
R,'k',1650312646.626667
P,'e',1650312646.6305642
R,'e',1650312646.722732
P,Key.space,1650312646.7259068
R,Key.space,1650312646.827994
P,'t',1650312646.904512
P,'i',1650312647.0163589
R,'t',1650312647.0174909
R,'i',1650312647.115658
P,Key.backspace,1650312647.349118
R,Key.backspace,1650312647.413611
P,'o',1650312647.650666
R,'o',1650312647.730504
P,Key.space,1650312647.753398
R,Key.space,1650312647.878485
P,'c',1650312648.1021461
P,'a',1650312648.137151
R,'c',1650312648.199421
R,'a',1650312648.237855
P,'l',1650312648.2615879
R,'l',1650312648.3523688
P,'l',1650312648.394659
R,'l',1650312648.474669
P,Key.space,1650312648.545253
R,Key.space,1650312648.6525068
P,'i',1650312648.667974
R,'i',1650312648.763571
P,Key.space,1650312648.852951
R,Key.space,1650312648.948587
P,Key.backspace,1650312649.207469
R,Key.backspace,1650312649.303369
P,'t',1650312649.484979
R,'t',1650312649.576066
P,"','",1650312649.916335
R,"','",1650312649.9839191
P,Key.space,1650312650.0040488
R,Key.space,1650312650.105427
P,'o',1650312652.4521549
R,'o',1650312652.524054
P,'r',1650312652.528796
R,'r',1650312652.6477408
P,'a',1650312652.663033
R,'a',1650312652.758338
P,'n',1650312652.889489
R,'n',1650312652.89062
P,'g',1650312652.89125
P,'e',1650312652.972499
R,'g',1650312652.9958122
R,'e',1650312653.105097
P,Key.space,1650312653.109416
R,Key.space,1650312653.2250218
P,'b',1650312654.09804
R,'b',1650312654.1412868
P,'a',1650312654.162729
R,'a',1650312654.2539608
P,'s',1650312654.254422
R,'s',1650312654.3949518
P,'k',1650312654.446034
R,'k',1650312654.5180821
P,'e',1650312654.5256078
R,'e',1650312654.5984042
P,'t',1650312654.725106
R,'t',1650312654.820836
P,'.',1650312655.7969081
R,'.',1650312655.8786728
P,Key.space,1650312655.898756
R,Key.space,1650312656.008013
P,'g',1650312657.865918
R,'g',1650312657.978206
P,'r',1650312658.116964
P,'e',1650312658.151894
R,'r',1650312658.203916
P,'a',1650312658.272008
R,'e',1650312658.3282719
P,'t',1650312658.393125
R,'a',1650312658.415798
R,'t',1650312658.4854069
P,Key.space,1650312658.5299861
R,Key.space,1650312658.647489
P,'m',1650312658.9838111
R,'m',1650312659.082677
P,'o',1650312659.125708
R,'o',1650312659.217006
P,'v',1650312659.2738528
P,'e',1650312659.329469
R,'v',1650312659.352844
P,'i',1650312659.4256032
R,'e',1650312659.43279
R,'i',1650312659.5100212
P,Key.backspace,1650312660.027636
R,Key.backspace,1650312660.081915
P,Key.backspace,1650312660.1471481
R,Key.backspace,1650312660.235859
P,'i',1650312660.385767
R,'i',1650312660.45005
P,'e',1650312660.480905
R,'e',1650312660.572063
P,Key.space,1650312660.572855
R,Key.space,1650312660.664006
P,'f',1650312661.087132
R,'f',1650312661.1784692
P,'o',1650312661.2096288
P,'r',1650312661.2850251
R,'o',1650312661.2928221
R,'r',1650312661.381747
P,Key.space,1650312661.39261
R,Key.space,1650312661.510441
P,'a',1650312661.6525178
R,'a',1650312661.699796
P,'n',1650312661.723694
R,'n',1650312661.81121
P,'y',1650312661.952441
R,'y',1650312662.027512
P,'o',1650312662.0865679
P,'n',1650312662.238571
R,'o',1650312662.239723
P,'e',1650312662.32588
R,'n',1650312662.333743
R,'e',1650312662.438515
P,Key.space,1650312662.619652
R,Key.space,1650312662.73968
P,'w',1650312663.200784
P,'h',1650312663.280867
R,'w',1650312663.300074
P,'o',1650312663.3567412
R,'h',1650312663.3915892
P,Key.space,1650312663.452406
R,'o',1650312663.4646258
R,Key.space,1650312663.5529149
P,'w',1650312664.2566059
R,'w',1650312664.364854
P,'a',1650312664.424501
R,'a',1650312664.577065
P,'n',1650312665.147377
R,'n',1650312665.220683
P,'t',1650312665.2682612
P,'s',1650312665.361744
R,'t',1650312665.369067
R,'s',1650312665.5185258
P,Key.space,1650312665.540572
R,Key.space,1650312665.648746
P,'t',1650312665.758332
P,'o',1650312665.84047
R,'t',1650312665.8632162
P,Key.space,1650312665.9323661
R,'o',1650312665.939407
R,Key.space,1650312666.0479722
P,'w',1650312666.3644512
P,'a',1650312666.471618
R,'w',1650312666.49139
P,'t',1650312666.608673
R,'a',1650312666.636488
R,'t',1650312666.739619
P,'c',1650312666.946949
R,'c',1650312666.9943318
P,'h',1650312667.006062
R,'h',1650312667.0943072
P,Key.space,1650312667.1112099
R,Key.space,1650312667.2248142
P,'1',1650312669.168559
R,'1',1650312669.2279098
P,'1',1650312669.286231
R,'1',1650312669.3556218
P,'t',1650312670.1703339
R,'t',1650312670.254656
P,'e',1650312670.316554
R,'e',1650312670.410013
P,'e',1650312670.575297
R,'e',1650312670.6552598
P,'n',1650312670.698258
R,'n',1650312670.806611
P,Key.space,1650312670.847903
R,Key.space,1650312670.967625
P,'o',1650312671.592784
R,'o',1650312671.6970692
P,'u',1650312671.761289
P,'t',1650312671.8493068
R,'u',1650312671.850549
R,'t',1650312671.965409
P,Key.space,1650312671.977586
R,Key.space,1650312672.089192
P,'o',1650312672.495521
R,'o',1650312672.579305
P,'f',1650312672.591938
R,'f',1650312672.6719759
P,Key.space,1650312672.676034
R,Key.space,1650312672.7816682
P,'1',1650312673.011264
R,'1',1650312673.10245
P,'0',1650312673.166368
R,'0',1650312673.23935
P,Key.ctrl,1650312693.379311
P,'c',1650312694.620873
Press or Release,Key,Time
Press or Release,Key,Time
Press or Release,Key,Time
