P,'c',1650342962.2821918
P,'c',1650419013.097672
P,'c',1650419317.52822
P,'c',1650433938.801918
P,'t',1650555125900154000
P,'e',1650555125987457000
R,'t',1650555126030903000
R,'e',1650555126098954000
P,'s',1650555126242752000
R,'s',1650555126351262000
P,'t',1650555126386824000
R,'t',1650555126504325000
P,'1',1650555127130985000
R,'1',1650555127271148000
P,Key.ctrl,1650555127634045000
P,'c',1650555128206154000
P,'c',1650601648013032000
P,'c',1650644526138485000
P,'c',1650644785151643000
P,Key.ctrl,1650666905723404000
P,'c',1650666906315217000
P,'a',1652923791809863000
R,'a',1652923791917454000
P,'a',1652923791997412000
R,'a',1652923792085470000
P,'a',1652923792163577000
R,'a',1652923792315820000
P,Key.ctrl,1652923792588804000
P,'c',1652923792970537000
P,'f',1654370556464895000
R,'f',1654370556546139000
P,'f',1654370556604720000
R,'f',1654370556680246000
P,'f',1654370556771946000
R,'f',1654370556856275000
P,'f',1654370556912989000
R,'f',1654370557145097000
P,'f',1654370557204729000
R,'f',1654370557297213000
P,'f',1654370557348946000
R,'f',1654370557501161000
P,Key.ctrl,1654370557960992000
P,'c',1654370558472761000
