P,'f',1653602580916984000
R,'f',1653602580987301000
P,'a',1653602581099429000
R,'a',1653602581195342000
P,'c',1653602581387297000
R,'c',1653602581443383000
P,'e',1653602581547351000
R,'e',1653602581603363000
P,'b',1653602581651242000
R,'b',1653602581731514000
P,'o',1653602581931281000
R,'o',1653602581987309000
P,'o',1653602582051487000
R,'o',1653602582123358000
P,'k',1653602582203352000
R,'k',1653602582291401000
P,Key.enter,1653602582435428000
R,Key.enter,1653602582571356000
P,'f',1653602598947273000
R,'f',1653602599019140000
P,'p',1653602600187192000
R,'p',1653602600291171000
P,'d',1653602601211108000
R,'d',1653602601299100000
P,'1',1653602602211051000
R,'1',1653602602267048000
P,'s',1653602602675075000
R,'s',1653602602738913000
P,'o',1653602602779100000
R,'o',1653602602874948000
P,'c',1653602603035038000
R,'c',1653602603106972000
P,'i',1653602603146867000
R,'i',1653602603235007000
P,'a',1653602603298817000
R,'a',1653602603394891000
P,'l',1653602603434928000
R,'l',1653602603530904000
P,Key.shift,1653602603762983000
P,'@',1653602604042996000
R,'@',1653602604106963000
R,Key.shift,1653602604114973000
P,'g',1653602604354981000
R,'g',1653602604410868000
P,'m',1653602604426880000
R,'m',1653602604490515000
P,'a',1653602604570831000
P,'i',1653602604642880000
R,'a',1653602604666894000
R,'i',1653602604698855000
P,'l',1653602604842959000
R,'l',1653602604906702000
P,'.',1653602605026924000
R,'.',1653602605098508000
P,'c',1653602605242913000
R,'c',1653602605306804000
P,'o',1653602605322689000
R,'o',1653602605394850000
P,'m',1653602605530905000
R,'m',1653602605626857000
P,Key.tab,1653602605714869000
P,Key.shift,1653602607170865000
R,Key.shift,1653602607762791000
P,Key.shift,1653602607898756000
R,Key.shift,1653602608258785000
P,Key.shift,1653602610258783000
R,Key.shift,1653602611577772000
R,Key.enter,1653602612842511000
P,Key.shift,1653602872510467000
P,'J',1653602875630098000
R,'J',1653602875806108000
R,Key.shift,1653602875926165000
P,Key.backspace,1653602877302101000
R,Key.backspace,1653602877446062000
P,Key.shift,1653602877534172000
P,'I',1653602877773885000
R,'I',1653602877870012000
R,Key.shift,1653602878118065000
P,Key.space,1653602878309911000
R,Key.space,1653602878390088000
P,'j',1653602878542384000
R,'j',1653602878613955000
P,'u',1653602878725958000
P,'s',1653602878798022000
R,'u',1653602878805467000
R,'s',1653602878885947000
P,'t',1653602878958044000
R,'t',1653602879030018000
P,Key.space,1653602879086008000
R,Key.space,1653602879189990000
P,'s',1653602879301916000
R,'s',1653602879390044000
P,'w',1653602879533913000
R,'w',1653602879645945000
P,Key.backspace,1653602880109808000
P,'a',1653602880254016000
R,Key.backspace,1653602880277451000
R,'a',1653602880341876000
P,'w',1653602880461884000
R,'w',1653602880517951000
P,Key.space,1653602880669822000
R,Key.space,1653602880709905000
P,'a',1653602883661820000
R,'a',1653602883709717000
P,Key.space,1653602883837712000
R,Key.space,1653602883901662000
P,'c',1653602884013795000
R,'c',1653602884069655000
P,'l',1653602884093718000
R,'l',1653602884181807000
P,'i',1653602884277788000
R,'i',1653602884349253000
P,'p',1653602884453783000
P,Key.space,1653602884533770000
R,'p',1653602884549036000
R,Key.space,1653602884581624000
P,'f',1653602885293681000
R,'f',1653602885341506000
P,'o',1653602885477669000
R,'o',1653602885541775000
P,Key.backspace,1653602885917657000
R,Key.backspace,1653602886013651000
P,'r',1653602886093701000
R,'r',1653602886149535000
P,'o',1653602886157321000
R,'o',1653602886213631000
P,Key.space,1653602886645634000
R,Key.space,1653602886725548000
P,Key.backspace,1653602886957639000
R,Key.backspace,1653602887037611000
P,'m',1653602887189655000
P,Key.space,1653602887277636000
R,'m',1653602887300862000
R,Key.space,1653602887333516000
P,Key.shift,1653602887453750000
P,'C',1653602887621548000
R,'C',1653602887655413000
R,Key.shift,1653602887677620000
P,'o',1653602887837636000
R,'o',1653602887909530000
P,'a',1653602887925578000
R,'a',1653602887989628000
P,'c',1653602888141520000
P,'h',1653602888164929000
R,'c',1653602888213532000
R,'h',1653602888229502000
P,Key.space,1653602888245505000
R,Key.space,1653602888333475000
P,Key.shift,1653602888461651000
P,'C',1653602888621470000
R,Key.shift,1653602888669537000
R,'c',1653602888685462000
P,'a',1653602888797579000
R,'a',1653602888893407000
P,'r',1653602889013562000
R,'r',1653602889061307000
P,'t',1653602889133551000
R,'t',1653602889197471000
P,'e',1653602889309484000
R,'e',1653602889365452000
P,'r',1653602889421545000
R,'r',1653602889493913000
P,'.',1653602889549490000
P,Key.space,1653602889629530000
R,'.',1653602889644810000
R,Key.space,1653602889709500000
P,Key.shift,1653602889821516000
P,'I',1653602889885449000
R,Key.shift,1653602889933494000
R,'i',1653602889965556000
P,'t',1653602890101450000
R,'t',1653602890197534000
P,Key.space,1653602890221544000
R,Key.space,1653602890349395000
P,'w',1653602890453525000
P,'a',1653602890565193000
R,'w',1653602890580723000
R,'a',1653602890653480000
P,'s',1653602890677672000
R,'s',1653602890773475000
P,Key.space,1653602891141369000
R,Key.space,1653602891213306000
P,'v',1653602891341481000
R,'v',1653602891389230000
P,'e',1653602891525329000
R,'e',1653602891557297000
P,'r',1653602891637389000
R,'r',1653602891701433000
P,'y',1653602891749522000
P,Key.space,1653602891805385000
R,'y',1653602891820765000
R,Key.space,1653602891861317000
P,Key.space,1653602892493288000
R,Key.space,1653602892549291000
P,'i',1653602892781185000
R,'i',1653602892853281000
P,'n',1653602893021178000
R,'n',1653602893109145000
P,'s',1653602893189351000
R,'s',1653602893253279000
P,'p',1653602893309008000
R,'p',1653602893373094000
P,'i',1653602893477337000
R,'i',1653602893541284000
P,'r',1653602893557273000
R,'r',1653602893620817000
P,'i',1653602893636628000
R,'i',1653602893709233000
P,'n',1653602893821088000
R,'n',1653602893901259000
P,'g',1653602893933324000
R,'g',1653602893989249000
P,'.',1653602894116603000
P,Key.space,1653602894197231000
R,'.',1653602894212630000
R,Key.space,1653602894261283000
P,Key.shift,1653602896021249000
P,'T',1653602896333053000
R,'T',1653602896429130000
R,Key.shift,1653602896533224000
P,'h',1653602896661154000
R,'h',1653602896733212000
P,'e',1653602896740654000
R,'e',1653602896797283000
P,Key.space,1653602896885093000
R,Key.space,1653602896965174000
P,'w',1653602897108978000
R,'w',1653602897173208000
P,'o',1653602897229105000
R,'o',1653602897293050000
P,'r',1653602897317166000
R,'r',1653602897381095000
P,'d',1653602897837157000
P,'s',1653602897933143000
R,'d',1653602897964858000
R,'s',1653602898053131000
P,Key.space,1653602898069029000
R,Key.space,1653602898149076000
P,'s',1653602898229138000
R,'s',1653602898317128000
P,'p',1653602898325128000
R,'p',1653602898397036000
P,'o',1653602898501432000
R,'o',1653602898557042000
P,'k',1653602898669097000
R,'k',1653602898725783000
P,'e',1653602898741096000
R,'e',1653602898812985000
P,'n',1653602898837101000
P,Key.space,1653602898916987000
R,'n',1653602898924546000
R,Key.space,1653602898988990000
P,'b',1653602899101028000
R,'b',1653602899165015000
P,'y',1653602899285074000
P,Key.space,1653602899365042000
R,'y',1653602899372598000
R,Key.space,1653602899421045000
P,'t',1653602899509081000
P,'h',1653602899556963000
R,'t',1653602899564414000
R,'h',1653602899628987000
P,'e',1653602899652992000
R,'e',1653602899708990000
P,Key.space,1653602899764699000
R,Key.space,1653602899844886000
P,'y',1653602900036976000
R,'y',1653602900084401000
P,'o',1653602900125051000
R,'o',1653602900164659000
P,'u',1653602900252969000
R,'u',1653602900317008000
P,'n',1653602900413016000
P,'g',1653602900469008000
R,'n',1653602900516914000
R,'g',1653602900549025000
P,Key.space,1653602900556888000
R,Key.space,1653602900637040000
P,'m',1653602900780943000
P,'a',1653602900853098000
R,'m',1653602900860456000
R,'a',1653602900957066000
P,'n',1653602900957794000
R,'n',1653602901036873000
P,Key.space,1653602901052904000
R,Key.space,1653602901132898000
P,'d',1653602901228996000
R,'d',1653602901300876000
P,'u',1653602901324958000
R,'u',1653602901420968000
P,'r',1653602901508858000
R,'r',1653602901572878000
P,'i',1653602901588864000
R,'i',1653602901636983000
P,'n',1653602901740994000
P,'g',1653602901796866000
R,'n',1653602901820179000
P,Key.space,1653602901852993000
R,'g',1653602901876236000
R,Key.space,1653602901956944000
P,'h',1653602901964589000
R,'h',1653602901996596000
P,'i',1653602902108874000
P,'s',1653602902141017000
R,'i',1653602902212881000
R,'s',1653602902220864000
P,Key.space,1653602902268831000
R,Key.space,1653602902324944000
P,'s',1653602902404947000
R,'s',1653602902476705000
P,'p',1653602902492852000
R,'p',1653602902572837000
P,'e',1653602902628828000
R,'e',1653602902692752000
P,'e',1653602902732943000
R,'e',1653602902796803000
P,'c',1653602903060902000
P,'h',1653602903109656000
R,'c',1653602903132322000
R,'h',1653602903180906000
P,Key.space,1653602903204789000
R,Key.space,1653602903268692000
P,'w',1653602905020827000
R,'w',1653602905084933000
P,'e',1653602905212736000
R,'e',1653602905268622000
P,'r',1653602905388790000
R,'r',1653602905404087000
P,'e',1653602906116699000
R,'e',1653602906180597000
P,Key.space,1653602906300727000
R,Key.space,1653602906348643000
P,'p',1653602906428660000
R,'p',1653602906476506000
P,'w',1653602906836744000
R,'w',1653602906916585000
P,'e',1653602907044694000
R,'e',1653602907108600000
P,'r',1653602907212698000
R,'r',1653602907268632000
P,'g',1653602907428701000
P,'u',1653602907483895000
R,'g',1653602907491717000
R,'u',1653602907556013000
P,Key.backspace,1653602907740675000
R,Key.backspace,1653602907796627000
P,Key.backspace,1653602908060527000
R,Key.backspace,1653602908108605000
P,Key.backspace,1653602908172558000
R,Key.backspace,1653602908236635000
P,Key.backspace,1653602908252638000
R,Key.backspace,1653602908356610000
P,Key.backspace,1653602908460751000
R,Key.backspace,1653602908508737000
P,'o',1653602908908560000
R,'o',1653602908988616000
P,'w',1653602909044637000
R,'w',1653602909108461000
P,'e',1653602909204693000
R,'e',1653602909252617000
P,'r',1653602909332524000
R,'r',1653602909372531000
P,'f',1653602909492036000
R,'f',1653602909564744000
P,'u',1653602909565427000
R,'u',1653602909620516000
P,'l',1653602909756368000
P,Key.space,1653602909796348000
R,'l',1653602909852586000
R,Key.space,1653602909860196000
P,'e',1653602910220539000
R,'e',1653602910276590000
P,'n',1653602910292493000
R,'n',1653602910364586000
P,'o',1653602910500361000
R,'o',1653602910556463000
P,'u',1653602910636591000
R,'u',1653602910700464000
P,'g',1653602910724481000
R,'g',1653602910780532000
P,Key.space,1653602910844447000
R,Key.space,1653602910908392000
P,'t',1653602911028466000
R,'t',1653602911092574000
P,'o',1653602911116438000
P,Key.space,1653602911172437000
R,'o',1653602911187769000
R,Key.space,1653602911236351000
P,'m',1653602911348452000
R,'m',1653602911436379000
P,Key.backspace,1653602911603812000
R,Key.backspace,1653602911668407000
P,Key.backspace,1653602911740505000
R,Key.backspace,1653602911900377000
P,Key.backspace,1653602911916383000
R,Key.backspace,1653602912012361000
P,Key.backspace,1653602912068370000
R,Key.backspace,1653602912132439000
P,Key.backspace,1653602912332442000
R,Key.backspace,1653602912412424000
P,'h',1653602912660486000
R,'h',1653602912716382000
P,Key.space,1653602912748402000
R,Key.space,1653602912828421000
P,'o',1653602912924934000
P,Key.space,1653602912988330000
R,'o',1653602912995839000
R,Key.space,1653602913060282000
P,Key.backspace,1653602913284293000
R,Key.backspace,1653602913340392000
P,Key.backspace,1653602913412394000
R,Key.backspace,1653602913481021000
P,'t',1653602913564410000
R,'t',1653602913628312000
P,'o',1653602913796424000
R,'o',1653602913884384000
P,Key.space,1653602913908260000
R,Key.space,1653602913988371000
P,'m',1653602914076391000
R,'m',1653602914148321000
P,'o',1653602914252385000
R,'o',1653602914316352000
P,'v',1653602914317080000
R,'v',1653602914372320000
P,'e',1653602914484282000
R,'e',1653602914548267000
P,Key.space,1653602914604338000
P,'m',1653602914668366000
R,Key.space,1653602914683722000
R,'m',1653602914740349000
P,'o',1653602914852404000
R,'o',1653602914908240000
P,'u',1653602915004217000
R,'u',1653602915036163000
P,'n',1653602915132341000
P,'t',1653602915212257000
R,'n',1653602915227602000
R,'t',1653602915260405000
P,'a',1653602915364171000
P,'i',1653602915412296000
R,'a',1653602915445668000
R,'i',1653602915468392000
P,'n',1653602915548339000
P,'s',1653602915604344000
R,'n',1653602915619594000
R,'s',1653602915668198000
P,'.',1653602915763671000
P,Key.space,1653602915835684000
R,'.',1653602915883582000
R,Key.space,1653602915899437000
P,Key.shift,1653602916043577000
P,'A',1653602916100218000
R,'A',1653602916196045000
R,Key.shift,1653602916212257000
P,'l',1653602916276281000
R,'l',1653602916364278000
P,'t',1653602916532280000
R,'t',1653602916563536000
P,'h',1653602916596192000
R,'h',1653602916660293000
P,'o',1653602916812144000
R,'o',1653602916868259000
P,'u',1653602916972268000
R,'u',1653602917012121000
P,'h',1653602917116172000
P,Key.space,1653602917180112000
R,'h',1653602917187677000
R,Key.space,1653602917260195000
P,Key.backspace,1653602917620117000
R,Key.backspace,1653602917676118000
P,Key.backspace,1653602917755939000
R,Key.backspace,1653602917812010000
P,'g',1653602917900123000
R,'g',1653602917964226000
P,'h',1653602917996109000
R,'h',1653602918076086000
P,Key.space,1653602918084113000
R,Key.space,1653602918164079000
P,Key.shift,1653602918276370000
P,'I',1653602918348037000
R,Key.shift,1653602918380224000
R,'i',1653602918420060000
P,Key.space,1653602918468195000
R,Key.space,1653602918540161000
P,'d',1653602918971421000
R,'d',1653602919028804000
P,'i',1653602919029285000
R,'i',1653602919083507000
P,'d',1653602919091978000
R,'d',1653602919172144000
P,'n',1653602919220159000
R,'n',1653602919300147000
P,"""'""",1653602920171383000
R,"""'""",1653602920243108000
P,'t',1653602920290977000
R,'t',1653602920306311000
P,Key.space,1653602920362776000
R,Key.space,1653602920441950000
P,'h',1653602921089034000
P,'a',1653602921152807000
R,'h',1653602921153480000
R,'a',1653602921232612000
P,'v',1653602921280415000
R,'v',1653602921360347000
P,'e',1653602921376053000
R,'e',1653602921440175000
P,Key.space,1653602921487915000
R,Key.space,1653602921567962000
P,'a',1653602921783270000
R,'a',1653602921863149000
P,Key.space,1653602921951052000
R,Key.space,1653602922014765000
P,'t',1653602922134587000
R,'t',1653602922182452000
P,'o',1653602922206316000
R,'o',1653602922262319000
P,'n',1653602922373898000
R,'n',1653602922477811000
P,Key.space,1653602922517310000
R,Key.space,1653602922581518000
P,Key.backspace,1653602922820988000
R,Key.backspace,1653602922900722000
P,Key.backspace,1653602922964735000
R,Key.backspace,1653602923028425000
P,Key.backspace,1653602923052354000
R,Key.backspace,1653602923148149000
P,Key.backspace,1653602923235808000
R,Key.backspace,1653602923267992000
P,Key.backspace,1653602923355727000
R,Key.backspace,1653602923403736000
P,'n',1653602923914685000
R,'n',1653602924002503000
P,Key.space,1653602924090187000
R,Key.space,1653602924178106000
P,'c',1653602924321861000
P,'o',1653602924377647000
R,'c',1653602924393009000
R,'o',1653602924425538000
P,'n',1653602924529463000
P,'t',1653602924601519000
R,'n',1653602924624483000
R,'t',1653602924656944000
P,'e',1653602924760834000
R,'e',1653602924811796000
P,'x',1653602924912685000
R,'x',1653602925008391000
P,'t',1653602925112334000
R,'t',1653602925160157000
P,Key.space,1653602925207350000
R,Key.space,1653602925295263000
P,'f',1653602925351125000
R,'f',1653602925415677000
P,'o',1653602925471585000
P,'r',1653602925479085000
R,'r',1653602925543422000
R,'o',1653602925559324000
P,Key.space,1653602925583414000
R,Key.space,1653602925663287000
P,'t',1653602925703124000
P,'h',1653602925727093000
R,'t',1653602925734726000
R,'h',1653602925806920000
P,Key.space,1653602925918724000
R,Key.space,1653602926006566000
P,Key.backspace,1653602926246145000
P,'e',1653602926325818000
R,Key.backspace,1653602926350689000
R,'e',1653602926390022000
P,Key.space,1653602926445761000
R,Key.space,1653602926517715000
P,'c',1653602927723788000
R,'c',1653602927771490000
P,'h',1653602927787507000
R,'h',1653602927859545000
P,'a',1653602927867110000
R,'a',1653602927947361000
P,'r',1653602928035158000
R,'r',1653602928091070000
P,'a',1653602928154905000
R,'a',1653602928218850000
P,'c',1653602928330707000
R,'c',1653602928394572000
P,'t',1653602928506529000
R,'t',1653602928562313000
P,'e',1653602928666191000
R,'e',1653602928714670000
P,'r',1653602928761899000
R,'r',1653602928825925000
P,'s',1653602928841914000
R,'s',1653602928929915000
P,Key.space,1653602928977671000
R,Key.space,1653602929041564000
P,'n',1653602932133422000
R,'n',1653602932213349000
P,Key.backspace,1653602932700780000
R,Key.backspace,1653602932820543000
P,'a',1653602932900695000
R,'a',1653602932988476000
P,'n',1653602933012499000
P,'d',1653602933076366000
R,'n',1653602933091622000
R,'d',1653602933180224000
P,Key.space,1653602933187897000
P,'s',1653602933300234000
R,Key.space,1653602933307489000
R,'s',1653602933427946000
P,'t',1653602933571815000
R,'t',1653602933635735000
P,'y',1653602933835436000
R,'y',1653602933867303000
P,Key.backspace,1653602934099231000
R,Key.backspace,1653602934210987000
P,'o',1653602934378954000
R,'o',1653602934490721000
P,'y',1653602934818457000
R,'y',1653602934898365000
P,Key.backspace,1653602935201949000
R,Key.backspace,1653602935297933000
P,'r',1653602935401798000
R,'r',1653602935465708000
P,'y',1653602935473569000
R,'y',1653602935553753000
P,"','",1653602935737560000
P,Key.space,1653602935809424000
R,"','",1653602935824850000
R,Key.space,1653602935873271000
P,Key.shift,1653602935993234000
P,'I',1653602936296976000
R,Key.shift,1653602936328868000
R,'i',1653602936376937000
P,Key.space,1653602936480772000
R,Key.space,1653602936552732000
P,'c',1653602937144188000
R,'c',1653602937200018000
P,'o',1653602937239946000
R,'o',1653602937312076000
P,'u',1653602937423968000
R,'u',1653602937479889000
P,'l',1653602937623690000
P,'d',1653602937655238000
R,'d',1653602937727565000
R,'l',1653602937743538000
P,Key.space,1653602937775614000
P,'s',1653602937855496000
R,Key.space,1653602937862910000
R,'s',1653602937951368000
P,'t',1653602938087253000
P,'i',1653602938136016000
R,'t',1653602938158807000
R,'i',1653602938199191000
P,'l',1653602938327165000
R,'l',1653602938367053000
P,'l',1653602938438903000
R,'l',1653602938510991000
P,Key.space,1653602938526892000
R,Key.space,1653602938590858000
P,'u',1653602938710838000
R,'u',1653602938758705000
P,'n',1653602938886542000
P,'d',1653602938966631000
R,'n',1653602938991449000
R,'d',1653602939030475000
P,'e',1653602939126379000
R,'e',1653602939166466000
P,'r',1653602939238435000
R,'r',1653602939294273000
P,'s',1653602939334228000
R,'s',1653602939414191000
P,'t',1653602939486030000
R,'t',1653602939534239000
P,'a',1653602939630137000
P,'n',1653602939702043000
R,'a',1653602939709468000
P,'d',1653602939782157000
R,'n',1653602939782829000
R,'d',1653602939869791000
P,Key.space,1653602939901834000
R,Key.space,1653602939957842000
P,'t',1653602940021681000
R,'t',1653602940085571000
P,'h',1653602940101653000
R,'h',1653602940165590000
P,'e',1653602940189668000
R,'e',1653602940245634000
P,Key.space,1653602940293568000
R,Key.space,1653602940365429000
P,'d',1653602940557432000
R,'d',1653602940605339000
P,Key.backspace,1653602940981065000
P,'s',1653602941036981000
R,Key.backspace,1653602941084768000
R,'s',1653602941116978000
P,'c',1653602941340728000
R,'c',1653602941396705000
P,'e',1653602941492738000
R,'e',1653602941548610000
P,'n',1653602941572692000
P,'e',1653602941604183000
R,'n',1653602941652586000
R,'e',1653602941676664000
P,'.',1653602941940416000
R,'.',1653602942051859000
P,Key.space,1653602942084130000
R,Key.space,1653602942132136000
P,Key.shift,1653602942260212000
P,'I',1653602942308170000
R,Key.shift,1653602942371378000
R,'i',1653602942395968000
P,'t',1653602942499962000
R,'t',1653602942604125000
P,Key.space,1653602942635842000
R,Key.space,1653602942715836000
P,'w',1653602942835772000
P,'a',1653602942939775000
R,'w',1653602942963281000
R,'a',1653602943099617000
P,'s',1653602943131630000
R,'s',1653602943203584000
P,Key.space,1653602943227541000
R,Key.space,1653602943299465000
P,'i',1653602943411391000
R,'i',1653602943483156000
P,'n',1653602943635250000
R,'n',1653602943723175000
P,'t',1653602943731227000
R,'t',1653602943787098000
P,'e',1653602943907147000
R,'e',1653602943954692000
P,'r',1653602944035614000
R,'r',1653602944082952000
P,'e',1653602944122928000
P,'s',1653602944226962000
R,'e',1653602944258384000
R,'s',1653602944330860000
P,'t',1653602944426837000
R,'t',1653602944498930000
P,'i',1653602944522726000
R,'i',1653602944578751000
P,'n',1653602944666708000
P,'g',1653602944738479000
R,'n',1653602944771302000
R,'g',1653602944802493000
P,Key.space,1653602944810532000
R,Key.space,1653602944890454000
P,'t',1653602944922537000
P,'o',1653602944986408000
R,'t',1653602944993888000
R,'o',1653602945082370000
P,'s',1653602945194413000
R,'s',1653602945282360000
P,'e',1653602945386183000
R,'e',1653602945434053000
P,'e',1653602945482119000
R,'e',1653602945546122000
P,Key.space,1653602945626077000
R,Key.space,1653602945705847000
P,Key.backspace,1653602945866011000
R,Key.backspace,1653602946129748000
P,Key.backspace,1653602946177766000
R,Key.backspace,1653602946249741000
P,Key.backspace,1653602946321681000
R,Key.backspace,1653602946537525000
P,Key.backspace,1653602946865375000
R,Key.backspace,1653602946953437000
P,Key.space,1653602947009408000
R,Key.space,1653602947065412000
P,'s',1653602947209332000
R,'s',1653602947297254000
P,'e',1653602947417258000
R,'e',1653602947457224000
P,'e',1653602947521102000
R,'e',1653602947593175000
P,Key.space,1653602947729065000
R,Key.space,1653602947808905000
P,Key.shift,1653602947896990000
R,Key.shift,1653602948096946000
P,Key.shift,1653602948408734000
P,'S',1653602948576602000
R,Key.shift,1653602948640583000
R,'s',1653602948648247000
P,'a',1653602948776556000
P,'m',1653602948848433000
R,'a',1653602948871755000
R,'m',1653602948928432000
P,'u',1653602949048076000
R,'u',1653602949112382000
P,'e',1653602949192378000
R,'e',1653602949256280000
P,'l',1653602949272265000
P,Key.space,1653602949352232000
R,'l',1653602949367623000
R,Key.space,1653602949432079000
P,Key.shift,1653602949608307000
R,Key.shift,1653602949784101000
P,Key.shift,1653602950144067000
P,'L',1653602950231822000
R,Key.shift,1653602950327869000
R,'l',1653602950335498000
P,Key.space,1653602950447784000
R,Key.space,1653602950527758000
P,'a',1653602950583771000
P,'n',1653602950655673000
R,'a',1653602950719565000
R,'n',1653602950727658000
P,'d',1653602950815714000
R,'d',1653602950903776000
P,Key.space,1653602950935603000
R,Key.space,1653602951015460000
P,Key.shift,1653602951231413000
P,'C',1653602951479753000
R,'C',1653602951535196000
R,Key.shift,1653602951591561000
P,'h',1653602951735154000
R,'h',1653602951807173000
P,'a',1653602951847198000
R,'a',1653602951927278000
P,'n',1653602951951227000
R,'n',1653602951999137000
P,'n',1653602952063088000
R,'n',1653602952118624000
P,'i',1653602952239141000
R,'i',1653602952295100000
P,'n',1653602952382964000
P,'g',1653602952422694000
R,'n',1653602952494842000
R,'g',1653602952510924000
P,Key.space,1653602952518938000
R,Key.space,1653602952630868000
P,Key.shift,1653602952727077000
R,Key.shift,1653602952903026000
P,'a',1653602953006718000
R,'a',1653602953102728000
P,'t',1653602953270786000
R,'t',1653602953328260000
P,'u',1653602953350614000
R,'u',1653602953414607000
P,'m',1653602953550655000
R,'m',1653602953630506000
P,Key.backspace,1653602953822451000
R,Key.backspace,1653602953910480000
P,Key.backspace,1653602953982499000
R,Key.backspace,1653602954014357000
P,Key.backspace,1653602954101768000
R,Key.backspace,1653602954142277000
P,Key.backspace,1653602954222412000
R,Key.backspace,1653602954286266000
P,Key.shift,1653602954470540000
R,Key.shift,1653602954734202000
P,Key.shift,1653602954950310000
P,'T',1653602955038039000
R,'T',1653602955101963000
R,Key.shift,1653602955118137000
P,'a',1653602955246122000
R,'a',1653602955349300000
P,'t',1653602955509296000
R,'t',1653602955581882000
P,'u',1653602955677862000
R,'u',1653602955701601000
P,'n',1653602955997741000
R,'n',1653602956077719000
P,Key.backspace,1653602956389671000
R,Key.backspace,1653602956477673000
P,'m',1653602956637685000
P,Key.space,1653602956733404000
R,'m',1653602956741002000
R,Key.space,1653602956781471000
P,'t',1653602956885570000
P,'o',1653602956949438000
R,'t',1653602956956925000
R,'o',1653602956989472000
P,'o',1653602957061533000
R,'o',1653602957133434000
P,'.',1653602957245481000
P,Key.space,1653602957309352000
R,'.',1653602957349197000
R,Key.space,1653602957381279000
P,Key.shift,1653602959388902000
P,'T',1653602961420367000
R,'T',1653602961524385000
R,Key.shift,1653602961676308000
P,'h',1653602961924277000
P,'e',1653602962004371000
R,'h',1653602962005129000
R,'e',1653602962076127000
P,'y',1653602962100232000
R,'y',1653602962180212000
P,Key.space,1653602962252080000
R,Key.space,1653602962299991000
P,'l',1653602962435894000
R,'l',1653602962516040000
P,'o',1653602962628454000
R,'o',1653602962684087000
P,'o',1653602962747962000
R,'o',1653602962811988000
P,'k',1653602962899968000
P,'e',1653602963003925000
R,'k',1653602963011460000
R,'e',1653602963059778000
P,'e',1653602963179953000
R,'e',1653602963228015000
P,'d',1653602963595919000
R,'d',1653602963659784000
P,Key.backspace,1653602963859801000
R,Key.backspace,1653602963907732000
P,Key.backspace,1653602963995776000
R,Key.backspace,1653602964059955000
P,'d',1653602964267646000
R,'d',1653602964339462000
P,Key.space,1653602964403619000
R,Key.space,1653602964467680000
P,'r',1653602964587698000
R,'r',1653602964635772000
P,'e',1653602964707575000
R,'e',1653602964779381000
P,'a',1653602964851657000
R,'a',1653602964955436000
P,'l',1653602965067508000
R,'l',1653602965115476000
P,'l',1653602965187551000
P,'y',1653602965251623000
R,'l',1653602965266851000
R,'y',1653602965299444000
P,Key.space,1653602965355504000
R,Key.space,1653602965443400000
P,'l',1653602965515528000
R,'l',1653602965579407000
P,Key.backspace,1653602965827419000
R,Key.backspace,1653602965939110000
P,'y',1653602965995313000
R,'y',1653602966043289000
P,'o',1653602966067219000
R,'o',1653602966147431000
P,'u',1653602966252684000
R,'u',1653602966307323000
P,'n',1653602966395244000
R,'n',1653602966499306000
P,Key.space,1653602966603209000
R,Key.space,1653602966731008000
P,Key.backspace,1653602966947188000
P,'g',1653602967011300000
R,Key.backspace,1653602967043161000
P,Key.space,1653602967091205000
R,'g',1653602967098660000
R,Key.space,1653602967179067000
P,'i',1653602967211174000
R,'i',1653602967283208000
P,'n',1653602967363145000
P,Key.space,1653602967427044000
R,'n',1653602967458312000
R,Key.space,1653602967498452000
P,'t',1653602967570497000
P,'h',1653602967602938000
R,'t',1653602967642998000
R,'h',1653602967691073000
P,'e',1653602967706964000
R,'e',1653602967787040000
P,Key.backspace,1653602967987008000
R,Key.backspace,1653602968066904000
P,'i',1653602968202915000
P,'s',1653602968251023000
R,'i',1653602968258402000
R,'s',1653602968314909000
P,Key.space,1653602968330781000
R,Key.space,1653602968410976000
P,'c',1653602968499029000
R,'c',1653602968578957000
P,'l',1653602968579829000
R,'l',1653602968634936000
P,'u',1653602968738830000
R,'u',1653602968794507000
P,'p',1653602968906910000
P,Key.space,1653602968995151000
R,'p',1653602969026742000
R,Key.space,1653602969050723000
P,Key.backspace,1653602969202287000
R,Key.backspace,1653602969274645000
P,Key.backspace,1653602969338711000
R,Key.backspace,1653602969394724000
P,Key.backspace,1653602969474683000
R,Key.backspace,1653602969538507000
P,'i',1653602969778709000
R,'i',1653602969850606000
P,'p',1653602969954595000
R,'p',1653602970082844000
P,Key.space,1653602970083501000
R,Key.space,1653602970138574000
P,Key.backspace,1653602970434769000
R,Key.backspace,1653602970530140000
P,'.',1653602972266342000
R,'.',1653602972354150000
P,Key.space,1653602972410300000
R,Key.space,1653602972474197000
P,Key.shift,1653602972634393000
P,'S',1653602972810098000
R,'S',1653602972906254000
R,Key.shift,1653602972930183000
P,'e',1653602973146234000
R,'e',1653602973194167000
P,'e',1653602973274144000
R,'e',1653602973337958000
P,'i',1653602973354099000
R,'i',1653602973418172000
P,'n',1653602973554083000
P,'g',1653602973588079000
R,'n',1653602973626099000
R,'g',1653602973682190000
P,Key.space,1653602973682824000
R,Key.space,1653602973754198000
P,'t',1653602973834166000
R,'t',1653602973898095000
P,Key.backspace,1653602974346150000
R,Key.backspace,1653602974465990000
P,'s',1653602974577800000
P,'o',1653602974665912000
R,'s',1653602974673421000
R,'o',1653602974729883000
P,'m',1653602974841875000
P,'e',1653602974873949000
R,'e',1653602974937943000
R,'m',1653602974945974000
P,Key.space,1653602975010019000
R,Key.space,1653602975081841000
P,'g',1653602975218014000
R,'g',1653602975281945000
P,'o',1653602975289871000
R,'o',1653602975377801000
P,'a',1653602976009457000
R,'a',1653602976081825000
P,'t',1653602976225818000
P,'s',1653602976289731000
R,'t',1653602976313044000
R,'s',1653602976385682000
P,Key.space,1653602976409729000
R,Key.space,1653602976497606000
P,'s',1653602976649681000
R,'s',1653602976737492000
P,'h',1653602976793665000
R,'h',1653602976865495000
P,'i',1653602977001740000
R,'i',1653602977065475000
P,'n',1653602977145517000
P,'e',1653602977241663000
R,'n',1653602977256980000
R,'e',1653602977297599000
P,Key.space,1653602977657607000
R,Key.space,1653602977729373000
P,'l',1653602978073503000
R,'l',1653602978129388000
P,'i',1653602978217575000
R,'i',1653602978273480000
P,'k',1653602978393549000
P,'e',1653602978465536000
R,'k',1653602978513948000
R,'e',1653602978529398000
P,Key.space,1653602978585417000
R,Key.space,1653602978673378000
P,'t',1653602978761388000
P,'h',1653602978768932000
R,'t',1653602978817335000
R,'h',1653602978833415000
P,'s',1653602979001588000
R,'s',1653602979105461000
P,Key.space,1653602979137417000
R,Key.space,1653602979185459000
P,Key.backspace,1653602979377280000
R,Key.backspace,1653602979417015000
P,Key.backspace,1653602979489319000
R,Key.backspace,1653602979585290000
P,'i',1653602979705425000
P,'s',1653602979793306000
R,'i',1653602979833316000
R,'s',1653602979849225000
P,Key.space,1653602979905337000
R,Key.space,1653602979969468000
P,'w',1653602980625212000
P,'a',1653602980801280000
R,'w',1653602980824473000
R,'a',1653602980961250000
P,'s',1653602981040750000
R,'s',1653602981177125000
P,Key.space,1653602981217172000
R,Key.space,1653602981297109000
P,'f',1653602981473182000
R,'f',1653602981553018000
P,Key.backspace,1653602981857126000
R,Key.backspace,1653602981961095000
P,'g',1653602982017134000
R,'g',1653602982081126000
P,'r',1653602982249022000
R,'r',1653602982313173000
P,'e',1653602982385092000
R,'e',1653602982497072000
P,'a',1653602982529072000
R,'a',1653602982585129000
P,'t',1653602983032960000
R,'t',1653602983088913000
P,Key.space,1653602983176991000
R,Key.space,1653602983240989000
P,'t',1653602983305006000
P,'i',1653602983377006000
R,'t',1653602983384400000
P,Key.space,1653602983412928000
R,'i',1653602983452503000
R,Key.space,1653602983496871000
P,'s',1653602983672879000
R,'s',1653602983768831000
P,Key.backspace,1653602984176772000
R,Key.backspace,1653602984248755000
P,Key.backspace,1653602984264789000
R,Key.backspace,1653602984496845000
P,Key.backspace,1653602984688815000
R,Key.backspace,1653602984808837000
P,'o',1653602984992828000
P,Key.space,1653602985072710000
R,'o',1653602985080213000
R,Key.space,1653602985136769000
P,'w',1653602985264721000
P,'i',1653602985328754000
R,'w',1653602985336189000
R,'i',1653602985399984000
P,'t',1653602985488040000
R,'t',1653602985552649000
P,'n',1653602985576776000
R,'n',1653602985656754000
P,'e',1653602985688750000
R,'e',1653602985752795000
P,'s',1653602986000751000
R,'s',1653602986056642000
P,'s',1653602986232280000
R,'s',1653602986304461000
P,'.',1653602986568709000
R,'.',1653602986672557000
P,Key.ctrl,1653603004311330000
P,'c',1653603004639630000
P,Key.shift,1653603544214703000
P,'J',1653603546175634000
R,'J',1653603546278321000
R,Key.shift,1653603546398720000
P,'u',1653603546502417000
R,'u',1653603546590288000
P,'s',1653603546598449000
R,'s',1653603546710556000
P,'t',1653603546798551000
R,'t',1653603546886508000
P,Key.space,1653603546942543000
R,Key.space,1653603547054360000
P,'s',1653603547134375000
R,'s',1653603547214346000
P,'a',1653603547294499000
R,'a',1653603547390267000
P,'w',1653603547742378000
R,'w',1653603547814219000
P,Key.space,1653603547982339000
R,Key.space,1653603548054406000
P,'t',1653603548222495000
R,'t',1653603548294431000
P,'h',1653603548326394000
P,'e',1653603548406335000
R,'h',1653603548413790000
R,'e',1653603548470331000
P,Key.space,1653603548542305000
R,Key.space,1653603548614253000
P,Key.shift,1653603548846552000
P,'#',1653603549142299000
R,'#',1653603549222285000
R,Key.shift,1653603549262150000
P,'o',1653603550022261000
R,'o',1653603550134237000
P,'s',1653603550142032000
R,'s',1653603550222297000
P,'c',1653603550406196000
R,'c',1653603550470199000
P,'a',1653603550606207000
R,'a',1653603550710248000
P,'r',1653603550814221000
R,'r',1653603550878144000
P,'s',1653603550941909000
R,'s',1653603551046339000
P,'s',1653603553406060000
R,'s',1653603553477931000
P,'l',1653603553541382000
R,'l',1653603553613339000
P,'a',1653603553710073000
R,'a',1653603553773962000
P,'p',1653603553830126000
R,'p',1653603553910107000
P,'.',1653603554950015000
R,'.',1653603555013938000
P,Key.space,1653603555085918000
R,Key.space,1653603555125897000
P,Key.shift,1653603555278107000
P,'W',1653603555725849000
R,'W',1653603555797906000
R,Key.shift,1653603555829893000
P,'i',1653603555949890000
R,'i',1653603556005404000
P,'l',1653603556189177000
R,'l',1653603556245954000
P,'l',1653603556325933000
R,'l',1653603556397978000
P,Key.space,1653603556437826000
R,Key.space,1653603556469717000
P,Key.shift,1653603556589924000
P,'S',1653603556693762000
R,'S',1653603556749926000
R,Key.shift,1653603556765895000
P,'m',1653603556853837000
R,'m',1653603556901627000
P,'i',1653603557021899000
R,'i',1653603557077488000
P,'t',1653603557141789000
R,'t',1653603557181624000
P,'h',1653603557205674000
R,'h',1653603557269890000
P,Key.space,1653603557318242000
R,Key.space,1653603557375795000
P,'r',1653603557613899000
R,'r',1653603557693721000
P,'e',1653603558117837000
R,'e',1653603558173824000
P,'a',1653603558261800000
R,'a',1653603558365902000
P,'l',1653603558421713000
R,'l',1653603558469508000
P,'l',1653603558541795000
R,'l',1653603558629738000
P,'y',1653603558933789000
R,'y',1653603558989764000
P,Key.space,1653603559069816000
R,Key.space,1653603559157683000
P,'i',1653603559237702000
R,'i',1653603559333426000
P,'s',1653603559373757000
R,'s',1653603559445632000
P,Key.space,1653603559549725000
R,Key.space,1653603559621642000
P,'a',1653603559781672000
R,'a',1653603559869720000
P,Key.space,1653603559965702000
R,Key.space,1653603560029622000
P,'p',1653603560821687000
R,'p',1653603560885653000
P,'u',1653603561029583000
R,'u',1653603561085619000
P,'n',1653603561253645000
R,'n',1653603561325385000
P,'k',1653603561517661000
R,'k',1653603561629504000
P,'.',1653603577084657000
R,'.',1653603577156572000
P,Key.space,1653603577252580000
R,Key.space,1653603577316552000
P,Key.shift,1653603577604680000
P,'I',1653603577668675000
R,'I',1653603577780563000
R,Key.shift,1653603577988575000
P,Key.space,1653603578476510000
R,Key.space,1653603578564458000
P,Key.shift,1653603578844687000
P,'#',1653603579292393000
R,'#',1653603579341126000
R,Key.shift,1653603579373801000
P,'s',1653603579588480000
R,'s',1653603579684505000
P,'t',1653603579852466000
R,'t',1653603579900032000
P,'a',1653603580012120000
R,'a',1653603580108296000
P,'n',1653603580124448000
R,'n',1653603580204400000
P,'d',1653603580244501000
R,'d',1653603580316301000
P,Key.space,1653603582156263000
R,Key.space,1653603582292362000
P,'w',1653603583460409000
R,'w',1653603583540275000
P,'i',1653603583556223000
R,'i',1653603583628295000
P,'t',1653603583700319000
R,'t',1653603583748157000
P,'h',1653603583772276000
R,'h',1653603583844363000
P,Key.space,1653603583860134000
R,Key.space,1653603583948243000
P,'t',1653603584028281000
R,'t',1653603584084204000
P,'h',1653603584100135000
R,'h',1653603584156239000
P,'e',1653603584204271000
R,'e',1653603584260198000
P,Key.space,1653603584300172000
R,Key.space,1653603584388075000
P,'c',1653603584836223000
R,'c',1653603584900057000
P,'o',1653603584948212000
R,'o',1653603584996509000
P,'m',1653603585156128000
R,'m',1653603585220163000
P,'e',1653603585347472000
R,'e',1653603585395506000
P,'d',1653603585540051000
R,'d',1653603585596089000
P,'i',1653603585612126000
R,'i',1653603585668189000
P,'a',1653603585675880000
R,'a',1653603585764165000
P,'n',1653603585788098000
P,'s',1653603585876108000
R,'n',1653603585883595000
R,'s',1653603585964079000
P,Key.space,1653603586043925000
R,Key.space,1653603586116116000
P,'a',1653603586220051000
P,'n',1653603586276146000
R,'a',1653603586316058000
R,'n',1653603586364056000
P,'d',1653603586404011000
R,'d',1653603586476079000
P,Key.space,1653603586748113000
R,Key.space,1653603586787886000
P,Key.shift,1653603586891972000
P,'C',1653603587116136000
R,'C',1653603587187930000
R,Key.shift,1653603587268130000
P,'h',1653603587707962000
R,'h',1653603587771948000
P,'s',1653603587875934000
R,'s',1653603587915965000
P,Key.backspace,1653603588124004000
R,Key.backspace,1653603588211911000
P,'r',1653603588251914000
R,'r',1653603588299955000
P,'i',1653603588339940000
P,'s',1653603588403542000
R,'i',1653603588443236000
R,'s',1653603588507834000
P,Key.space,1653603588619971000
R,Key.space,1653603588675832000
P,Key.shift,1653603588788055000
P,'R',1653603589020055000
R,'R',1653603589123906000
R,Key.shift,1653603589180125000
P,'o',1653603589267970000
R,'o',1653603589347876000
P,'c',1653603589460052000
P,'k',1653603589532017000
R,'c',1653603589539395000
R,'k',1653603589627862000
P,Key.space,1653603589691667000
R,Key.space,1653603589771883000
P,'o',1653603590019924000
R,'o',1653603590075873000
P,'n',1653603590235815000
R,'n',1653603590316004000
P,Key.space,1653603590316678000
R,Key.space,1653603590379881000
P,'t',1653603590459885000
P,'h',1653603590507711000
R,'t',1653603590515409000
R,'h',1653603590563796000
P,'s',1653603590707828000
R,'s',1653603590779667000
P,Key.space,1653603590819821000
R,Key.space,1653603590883718000
P,Key.backspace,1653603591283678000
R,Key.backspace,1653603591331736000
P,Key.backspace,1653603591419684000
R,Key.backspace,1653603591467771000
P,'i',1653603591595847000
P,'s',1653603591667835000
R,'i',1653603591675199000
R,'s',1653603591739745000
P,Key.space,1653603591763608000
R,Key.space,1653603591827685000
P,'o',1653603591883803000
R,'o',1653603591923692000
P,'n',1653603592043987000
P,'e',1653603592115792000
R,'n',1653603592123225000
R,'e',1653603592179795000
P,'.',1653603592299699000
P,Key.space,1653603592371757000
R,'.',1653603592395012000
R,Key.space,1653603592451670000
P,Key.shift,1653603592651834000
P,'I',1653603592955721000
R,'I',1653603593043608000
R,Key.shift,1653603593067763000
P,'f',1653603593227669000
R,'f',1653603593315631000
P,Key.space,1653603593331450000
R,Key.space,1653603593419430000
P,'w',1653603594099681000
R,'w',1653603594155552000
P,'e',1653603594219656000
R,'e',1653603594283599000
P,Key.space,1653603594371662000
R,Key.space,1653603594443501000
P,'d',1653603594523797000
R,'d',1653603594571732000
P,'o',1653603594587254000
R,'o',1653603594651674000
P,'n',1653603594787633000
R,'n',1653603594843547000
P,"""'""",1653603595067395000
R,"""'""",1653603595147512000
P,'t',1653603595467580000
R,'t',1653603595523564000
P,Key.space,1653603595611482000
R,Key.space,1653603595691306000
P,'t',1653603595755584000
R,'t',1653603595811363000
P,'h',1653603595827484000
R,'h',1653603595883484000
P,'e',1653603595939566000
R,'e',1653603595995521000
P,'n',1653603596019553000
P,Key.space,1653603596075285000
R,'n',1653603596109057000
R,Key.space,1653603596147414000
P,'m',1653603596747319000
R,'m',1653603596803382000
P,'o',1653603596915399000
P,'r',1653603597003516000
R,'o',1653603597026724000
R,'r',1653603597067487000
P,'e',1653603597155435000
R,'e',1653603597195135000
P,Key.space,1653603597262725000
R,Key.space,1653603597331355000
P,'a',1653603597371502000
P,'n',1653603597435540000
R,'a',1653603597458993000
R,'n',1653603597507498000
P,'d',1653603597531476000
P,Key.space,1653603597579490000
R,'d',1653603597611407000
R,Key.space,1653603597683419000
P,'m',1653603597707421000
R,'m',1653603597787330000
P,'o',1653603597883462000
P,'r',1653603597915353000
R,'o',1653603597963387000
R,'r',1653603597979343000
P,'e',1653603598043236000
R,'e',1653603598115450000
P,Key.space,1653603598123344000
R,Key.space,1653603598219394000
P,'p',1653603598259452000
R,'p',1653603598315352000
P,'e',1653603598339355000
R,'e',1653603598395353000
P,'o',1653603598411340000
R,'o',1653603598483445000
P,'p',1653603598571292000
R,'p',1653603598627304000
P,'l',1653603598731297000
P,'e',1653603598771888000
R,'l',1653603598827314000
R,'e',1653603598859428000
P,Key.space,1653603598883341000
R,Key.space,1653603598955249000
P,'w',1653603599011175000
P,'i',1653603599059278000
R,'w',1653603599074996000
R,'i',1653603599099437000
P,'l',1653603599219371000
R,'l',1653603599275276000
P,'l',1653603599339349000
P,Key.space,1653603599411203000
R,'l',1653603599418746000
R,Key.space,1653603599475043000
P,'r',1653603599571279000
R,'r',1653603599619379000
P,'e',1653603599699339000
R,'e',1653603599755350000
P,'p',1653603599763283000
R,'p',1653603599843321000
P,'e',1653603600523291000
R,'e',1653603600595218000
P,'a',1653603600635175000
R,'a',1653603600731310000
P,'t',1653603600835176000
R,'t',1653603600899113000
P,Key.space,1653603600947221000
R,Key.space,1653603601035216000
P,'t',1653603601099032000
R,'t',1653603601155233000
P,'h',1653603601203239000
R,'h',1653603601275146000
P,'i',1653603601483258000
P,'s',1653603601563246000
R,'i',1653603601578489000
R,'s',1653603601643099000
P,Key.space,1653603601683188000
R,Key.space,1653603601739201000
P,'s',1653603601803199000
R,'s',1653603601891204000
P,'e',1653603601963126000
R,'e',1653603602027110000
P,'n',1653603602035131000
R,'n',1653603602107158000
P,Key.backspace,1653603602595043000
R,Key.backspace,1653603602627548000
P,'s',1653603602635106000
R,'s',1653603602707045000
P,Key.backspace,1653603603203038000
R,Key.backspace,1653603603242966000
P,'n',1653603603491114000
P,'s',1653603603539074000
R,'n',1653603603571075000
R,'s',1653603603619118000
P,'e',1653603603691114000
R,'e',1653603603771271000
P,'l',1653603603834987000
P,'e',1653603603907221000
R,'l',1653603603914560000
R,'e',1653603603963007000
P,'s',1653603604043024000
R,'s',1653603604122997000
P,'s',1653603604179001000
R,'s',1653603604242990000
P,Key.space,1653603604443046000
R,Key.space,1653603604507872000
P,'a',1653603604602975000
R,'a',1653603604674963000
P,'c',1653603604771078000
R,'c',1653603604834921000
P,'t',1653603604939039000
R,'t',1653603604987013000
P,Key.space,1653603605051003000
R,Key.space,1653603605114992000
P,'o',1653603605146909000
P,'f',1653603605226943000
R,'o',1653603605234494000
R,'f',1653603605323150000
P,Key.space,1653603605323835000
R,Key.space,1653603605410901000
P,'v',1653603605683369000
R,'v',1653603605730992000
P,'i',1653603605754993000
R,'i',1653603605818966000
P,'o',1653603605930898000
R,'o',1653603605994885000
P,'l',1653603606122876000
R,'l',1653603606162490000
P,'e',1653603606202960000
R,'e',1653603606234708000
P,'n',1653603606490954000
R,'n',1653603606578957000
P,'c',1653603606594886000
R,'c',1653603606643515000
P,'e',1653603606730983000
R,'e',1653603606786911000
P,Key.space,1653603607154818000
R,Key.space,1653603607194769000
P,'i',1653603607290779000
R,'i',1653603607346797000
P,'n',1653603607426864000
P,Key.space,1653603607498671000
R,'n',1653603607522334000
R,Key.space,1653603607546556000
P,'t',1653603607626756000
P,'h',1653603607666760000
R,'t',1653603607674405000
R,'h',1653603607738770000
P,'e',1653603607770857000
R,'e',1653603607834774000
P,Key.space,1653603607842755000
R,Key.space,1653603607938805000
P,'g',1653603608162733000
R,'g',1653603608202762000
P,Key.backspace,1653603608522857000
R,Key.backspace,1653603608594661000
P,'f',1653603609362684000
P,'u',1653603609402784000
R,'f',1653603609410287000
R,'u',1653603609474596000
P,'t',1653603609594773000
R,'t',1653603609642587000
P,'u',1653603609643304000
R,'u',1653603609690882000
P,'r',1653603609762762000
R,'r',1653603609802663000
P,'e',1653603609906714000
R,'e',1653603609956328000
P,'.',1653603609994563000
P,Key.space,1653603610082624000
R,'.',1653603610090113000
R,Key.space,1653603610154730000
P,Key.shift,1653603610402776000
P,'T',1653603611514561000
R,'T',1653603611578617000
R,Key.shift,1653603611714713000
P,'h',1653603611842649000
R,'h',1653603611922649000
P,'e',1653603611930257000
R,'e',1653603611986596000
P,Key.space,1653603612074464000
R,Key.space,1653603612154422000
P,'j',1653603612258603000
R,'j',1653603612322491000
P,'o',1653603612514483000
R,'o',1653603612578500000
P,'k',1653603612714674000
P,'e',1653603612810715000
R,'k',1653603612811391000
R,'e',1653603612866452000
P,Key.space,1653603612930423000
R,Key.space,1653603613010563000
P,'w',1653603613162492000
P,'a',1653603613298437000
R,'w',1653603613305987000
R,'a',1653603613450289000
P,'s',1653603613474467000
P,Key.space,1653603613586369000
R,'s',1653603613610546000
R,Key.space,1653603613674302000
P,'f',1653603613914386000
R,'f',1653603613978839000
P,'u',1653603614027858000
R,'u',1653603614081795000
P,'n',1653603614250461000
R,'n',1653603614298432000
P,'n',1653603614378476000
R,'n',1653603614466425000
P,'y',1653603614467073000
R,'y',1653603614514366000
P,Key.space,1653603614546300000
R,Key.space,1653603614658287000
P,'a',1653603614802325000
P,'n',1653603614866335000
R,'a',1653603614898353000
R,'n',1653603614946357000
P,'d',1653603614962290000
P,Key.space,1653603615058184000
R,'d',1653603615073675000
R,Key.space,1653603615162250000
P,'i',1653603615170315000
P,'t',1653603615257645000
R,'i',1653603615265629000
R,'t',1653603615313708000
P,Key.space,1653603615353679000
R,Key.space,1653603615474287000
P,'w',1653603615746410000
R,'w',1653603615818352000
P,'a',1653603615866322000
R,'a',1653603616002284000
P,'s',1653603616138284000
R,'s',1653603616210147000
P,'n',1653603616306333000
R,'n',1653603616378350000
P,"""'""",1653603616930300000
R,"""'""",1653603617010274000
P,'t',1653603617034276000
R,'t',1653603617090318000
P,Key.space,1653603617130240000
R,Key.space,1653603617250200000
P,'t',1653603617298172000
R,'t',1653603617346216000
P,'h',1653603617354252000
R,'h',1653603617418244000
P,'a',1653603617474210000
R,'a',1653603617578263000
P,'t',1653603617674215000
R,'t',1653603617738262000
P,Key.space,1653603617874227000
R,Key.space,1653603617962208000
P,'d',1653603618122150000
R,'d',1653603618186016000
P,'e',1653603618282170000
R,'e',1653603618434155000
P,'e',1653603618618111000
R,'e',1653603618666309000
P,'p',1653603618793965000
R,'p',1653603618874194000
P,Key.space,1653603618906180000
R,Key.space,1653603618994050000
P,Key.shift,1653603619122143000
P,'W',1653603619242091000
R,'W',1653603619322168000
R,Key.shift,1653603619354113000
P,'i',1653603619378162000
R,'i',1653603619434046000
P,'l',1653603619634035000
R,'l',1653603619698022000
P,'l',1653603619762130000
R,'l',1653603619866153000
P,'.',1653603620482122000
R,'.',1653603620561899000
P,Key.ctrl,1653603634065372000
P,'c',1653603634353234000
P,Key.shift,1653604609933774000
P,'J',1653604610182955000
R,'J',1653604610277460000
R,Key.shift,1653604610373810000
P,'u',1653604610581433000
R,'u',1653604610661483000
P,'s',1653604610797533000
R,'s',1653604610885652000
P,'t',1653604611021577000
R,'t',1653604611077502000
P,Key.space,1653604611165581000
R,Key.space,1653604611245497000
P,'s',1653604611349538000
R,'s',1653604611437590000
P,'a',1653604611533534000
R,'a',1653604611597550000
P,'w',1653604611613510000
R,'w',1653604611749513000
P,Key.space,1653604611941540000
R,Key.space,1653604612013527000
P,'t',1653604612269591000
R,'t',1653604612325613000
P,'h',1653604612365548000
P,'e',1653604612445314000
R,'h',1653604612452948000
R,'e',1653604612501466000
P,Key.space,1653604612573432000
R,Key.space,1653604612637261000
P,Key.shift,1653604612925618000
P,'#',1653604613285511000
R,'#',1653604613357440000
R,Key.shift,1653604613397534000
P,Key.shift,1653604613573481000
P,'J',1653604613733375000
R,'J',1653604613826894000
R,Key.shift,1653604613933513000
P,Key.backspace,1653604614709204000
R,Key.backspace,1653604614821367000
P,'j',1653604615037423000
R,'j',1653604615084626000
P,'o',1653604615285274000
P,'e',1653604615381318000
R,'o',1653604615381968000
R,'e',1653604615429276000
P,Key.right,1653604616869275000
R,Key.right,1653604617061258000
P,Key.space,1653604620141091000
R,Key.space,1653604620208602000
P,'s',1653604622428972000
R,'s',1653604622484920000
P,'p',1653604622525004000
R,'p',1653604622604891000
P,'e',1653604622644867000
R,'e',1653604622812984000
P,'e',1653604622932836000
R,'e',1653604623012962000
P,'c',1653604623148924000
R,'c',1653604623204884000
P,'h',1653604623236964000
R,'h',1653604623316940000
P,Key.space,1653604623324837000
R,Key.space,1653604623380717000
P,'r',1653604623612936000
R,'r',1653604623676961000
P,'e',1653604623764921000
R,'e',1653604623860853000
P,'g',1653604624028839000
R,'g',1653604624060932000
P,'a',1653604624164907000
R,'a',1653604624236788000
P,'r',1653604624300816000
R,'r',1653604624356811000
P,'d',1653604624460878000
R,'d',1653604624532874000
P,'i',1653604624540802000
R,'i',1653604624604593000
P,'g',1653604624748912000
R,'g',1653604624836945000
P,Key.backspace,1653604625052848000
R,Key.backspace,1653604625148784000
P,'n',1653604625341231000
P,'g',1653604625420688000
R,'n',1653604625428257000
R,'g',1653604625476791000
P,Key.space,1653604625508749000
R,Key.space,1653604625612754000
P,Key.shift,1653604625756775000
P,'U',1653604625852717000
R,'U',1653604625916781000
R,Key.shift,1653604625964909000
P,'k',1653604626124764000
R,'k',1653604626204736000
P,'r',1653604626260811000
R,'r',1653604626300522000
P,'a',1653604626372692000
P,'i',1653604626444600000
R,'a',1653604626476733000
R,'i',1653604626500668000
P,'n',1653604626596776000
P,'e',1653604626652774000
R,'n',1653604626700748000
R,'e',1653604626708739000
P,Key.space,1653604626788706000
R,Key.space,1653604626852468000
P,'a',1653604626892725000
P,'n',1653604626980682000
R,'a',1653604626988139000
P,'d',1653604627028664000
R,'n',1653604627052302000
P,Key.space,1653604627140698000
R,'d',1653604627155953000
R,Key.space,1653604627244554000
P,Key.shift,1653604627468715000
P,'R',1653604627676702000
R,'R',1653604627756503000
R,Key.shift,1653604627796659000
P,'u',1653604627916682000
R,'u',1653604627988694000
P,'s',1653604628004539000
R,'s',1653604628052711000
P,'i',1653604628220597000
R,'i',1653604628284550000
P,Key.backspace,1653604628492534000
R,Key.backspace,1653604628580627000
P,'s',1653604628804610000
P,'i',1653604628860561000
R,'s',1653604628875898000
R,'i',1653604628940569000
P,'a',1653604628980445000
R,'a',1653604629060621000
P,'.',1653604629180555000
P,Key.space,1653604629260654000
R,'.',1653604629261271000
R,Key.space,1653604629332388000
P,Key.shift,1653604629540393000
P,'I',1653604630452524000
R,'I',1653604630548465000
R,Key.shift,1653604630572511000
P,'t',1653604630756461000
R,'t',1653604630796447000
P,"""'""",1653604631508519000
R,"""'""",1653604631588409000
P,'s',1653604631636274000
R,'s',1653604631651737000
P,Key.space,1653604631900375000
R,Key.space,1653604631972304000
P,'r',1653604632068454000
R,'r',1653604632116425000
P,'e',1653604632196327000
R,'e',1653604632276325000
P,'a',1653604632348410000
R,'a',1653604632428459000
P,'l',1653604632444344000
R,'l',1653604632508343000
P,'l',1653604632580330000
R,'l',1653604632684325000
P,Key.space,1653604632820263000
R,Key.space,1653604632892318000
P,Key.backspace,1653604633068314000
P,'y',1653604633113467000
R,Key.backspace,1653604633163542000
R,'y',1653604633172083000
P,Key.space,1653604633244334000
R,Key.space,1653604633308276000
P,'t',1653604633388405000
R,'t',1653604633460300000
P,'h',1653604633876342000
R,'h',1653604633932228000
P,'o',1653604634068270000
R,'o',1653604634132214000
P,'u',1653604634220361000
R,'u',1653604634284242000
P,'g',1653604634347975000
R,'g',1653604634404496000
P,'h',1653604634436068000
R,'h',1653604634508206000
P,'t',1653604634532107000
R,'t',1653604634588232000
P,'f',1653604634756084000
R,'f',1653604634820210000
P,'u',1653604634828003000
R,'u',1653604634884304000
P,'l',1653604635020168000
P,Key.space,1653604635076192000
R,'l',1653604635107610000
R,Key.space,1653604635132130000
P,'o',1653604635203587000
P,'f',1653604635227586000
R,'o',1653604635300244000
R,'f',1653604635332176000
P,Key.space,1653604635340097000
R,Key.space,1653604635420135000
P,'h',1653604635484283000
R,'h',1653604635548191000
P,'i',1653604635700251000
R,'i',1653604635772159000
P,'m',1653604635924217000
P,Key.space,1653604636003343000
R,'m',1653604636011341000
R,Key.space,1653604636059314000
P,'t',1653604636739975000
R,'t',1653604636787986000
P,'o',1653604636795567000
P,Key.space,1653604636883937000
R,'o',1653604636899310000
R,Key.space,1653604636963980000
P,'t',1653604637371886000
R,'t',1653604637427939000
P,'a',1653604637540080000
P,'k',1653604637612144000
R,'a',1653604637643980000
P,'e',1653604637668060000
R,'k',1653604637683274000
P,Key.space,1653604637820091000
R,'e',1653604637827548000
P,'i',1653604637884089000
R,Key.space,1653604637915934000
R,'i',1653604638020096000
P,'n',1653604638155507000
P,Key.space,1653604638252078000
R,'n',1653604638259624000
R,Key.space,1653604638283923000
P,'a',1653604638380013000
R,'a',1653604638467983000
P,'l',1653604638500074000
R,'l',1653604638555923000
P,'l',1653604638636101000
R,'l',1653604638707997000
P,Key.space,1653604638715963000
R,Key.space,1653604638764129000
P,'t',1653604638859965000
P,'h',1653604638916231000
R,'t',1653604638916969000
R,'h',1653604638971873000
P,'s',1653604639155931000
R,'s',1653604639267947000
P,Key.backspace,1653604639419903000
R,Key.backspace,1653604639491925000
P,'o',1653604639604030000
P,'s',1653604639653850000
R,'o',1653604639699822000
R,'s',1653604639747871000
P,'e',1653604639780351000
R,'e',1653604639835931000
P,Key.space,1653604639963980000
R,Key.space,1653604640027872000
P,'r',1653604640395974000
R,'r',1653604640452014000
P,'e',1653604640539826000
R,'e',1653604640579898000
P,'f',1653604640819970000
R,'f',1653604640883848000
P,'u',1653604640947440000
R,'u',1653604641035876000
P,'g',1653604641124072000
R,'g',1653604641171921000
P,'e',1653604641315985000
R,'e',1653604641371913000
P,'e',1653604641419393000
R,'e',1653604641483970000
P,'s',1653604641579387000
R,'s',1653604641667980000
P,'.',1653604642387893000
R,'.',1653604642475844000
P,Key.space,1653604642563824000
R,Key.space,1653604642627581000
P,Key.shift,1653604660963109000
P,'I',1653604661138764000
R,'I',1653604661234704000
R,Key.shift,1653604661258673000
P,Key.space,1653604661370686000
R,Key.space,1653604661418540000
P,'a',1653604661538832000
R,'a',1653604661634516000
P,'g',1653604661666717000
R,'g',1653604661714804000
P,'r',1653604661794717000
R,'r',1653604661850794000
P,'e',1653604661938651000
R,'e',1653604662010696000
P,'e',1653604662074705000
R,'e',1653604662146746000
P,Key.space,1653604662274669000
R,Key.space,1653604662354652000
P,'w',1653604662466785000
R,'w',1653604662530366000
P,'i',1653604662546640000
R,'i',1653604662618540000
P,'t',1653604662658728000
R,'t',1653604662722637000
P,'h',1653604662762649000
P,Key.space,1653604662810574000
R,'h',1653604662834294000
R,Key.space,1653604662890625000
P,Key.shift,1653604663882832000
P,'B',1653604664002791000
R,'B',1653604664042517000
R,Key.shift,1653604664170626000
P,Key.shift,1653604664482645000
P,'B',1653604664570367000
R,'B',1653604664642550000
R,Key.shift,1653604664690697000
P,Key.backspace,1653604664970401000
R,Key.backspace,1653604665058574000
P,'d',1653604665353778000
R,'d',1653604665402420000
P,Key.backspace,1653604665602568000
R,Key.backspace,1653604665690554000
P,'i',1653604665826594000
P,'d',1653604665906444000
R,'i',1653604665913984000
R,'d',1653604665962520000
P,'e',1653604666026425000
R,'e',1653604666106417000
P,'n',1653604666138151000
P,Key.space,1653604666210278000
R,'n',1653604666218127000
R,Key.space,1653604666290401000
P,'c',1653604666450561000
R,'c',1653604666514423000
P,'o',1653604666530389000
R,'o',1653604666610477000
P,'m',1653604666722426000
R,'m',1653604666794807000
P,'p',1653604666922491000
R,'p',1653604666994417000
P,'l',1653604667106181000
R,'l',1653604667210388000
P,'e',1653604667482393000
R,'e',1653604667562419000
P,'t',1653604667850442000
R,'t',1653604667906261000
P,'l',1653604667938346000
R,'l',1653604668002479000
P,'y',1653604668018206000
R,'y',1653604668074157000
P,Key.space,1653604668818341000
R,Key.space,1653604668897609000
P,Key.backspace,1653604669098305000
R,Key.backspace,1653604669177504000
P,Key.backspace,1653604669266271000
R,Key.backspace,1653604669506085000
P,Key.backspace,1653604669610348000
R,Key.backspace,1653604669681639000
P,'e',1653604670458202000
R,'e',1653604670506114000
P,'l',1653604670570154000
R,'l',1653604670642262000
P,'y',1653604670690218000
R,'y',1653604670738077000
P,Key.space,1653604670842159000
R,Key.space,1653604670922146000
P,Key.backspace,1653604672354044000
R,Key.backspace,1653604672450115000
P,"','",1653604673226136000
R,"','",1653604673305854000
P,Key.space,1653604673338091000
R,Key.space,1653604673394074000
P,Key.shift,1653604673578068000
P,'P',1653604673666094000
R,'P',1653604673746022000
R,Key.shift,1653604673770072000
P,'u',1653604673874020000
R,'u',1653604673930090000
P,'t',1653604673962085000
R,'t',1653604674009971000
P,'i',1653604674074078000
R,'i',1653604674138117000
P,'n',1653604674258061000
R,'n',1653604674305969000
P,Key.space,1653604674321960000
R,Key.space,1653604674370000000
P,'i',1653604674714011000
R,'i',1653604674786040000
P,'s',1653604674818020000
R,'s',1653604674874049000
P,Key.space,1653604674937949000
R,Key.space,1653604675010007000
P,'a',1653604675089974000
R,'a',1653604675153884000
P,Key.space,1653604675218020000
R,Key.space,1653604675281956000
P,'b',1653604675409983000
R,'b',1653604675465984000
P,'u',1653604675641751000
R,'u',1653604675681974000
P,'t',1653604675697907000
R,'t',1653604675729901000
P,Key.backspace,1653604676273837000
R,Key.backspace,1653604676345849000
P,Key.backspace,1653604676425826000
R,Key.backspace,1653604676497930000
P,Key.backspace,1653604676577888000
R,Key.backspace,1653604676657670000
P,Key.shift,1653604677337904000
P,'#',1653604677577763000
R,'#',1653604677649790000
R,Key.shift,1653604677674015000
P,'u',1653604678073803000
R,'u',1653604678145136000
P,Key.backspace,1653604678393818000
R,Key.backspace,1653604678475945000
P,'b',1653604678529234000
R,'b',1653604678585831000
P,'u',1653604678658076000
R,'u',1653604678729723000
P,'t',1653604678761801000
R,'t',1653604678801770000
P,'c',1653604679409706000
R,'c',1653604679474702000
P,'h',1653604679489590000
R,'h',1653604679561233000
P,'e',1653604679609524000
R,'e',1653604679674197000
P,'r',1653604679721660000
R,'r',1653604679809666000
P,'.',1653604682569524000
R,'.',1653604682657352000
P,Key.space,1653604683233535000
R,Key.space,1653604683281450000
P,Key.shift,1653604683537539000
P,'H',1653604683665452000
R,'H',1653604683737551000
R,Key.shift,1653604683745543000
P,'e',1653604683945456000
R,'e',1653604684001397000
P,"""'""",1653604684209395000
R,"""'""",1653604684281416000
P,'s',1653604684313415000
R,'s',1653604684377370000
P,Key.space,1653604684449376000
R,Key.space,1653604684529343000
P,'a',1653604684601464000
R,'a',1653604684697449000
P,Key.space,1653604684769369000
R,Key.space,1653604684825357000
P,'b',1653604684929455000
R,'b',1653604684977239000
P,'u',1653604685193380000
R,'u',1653604685253996000
P,'l',1653604685441220000
R,'l',1653604685505416000
P,'l',1653604685577317000
R,'l',1653604685665354000
P,'y',1653604685673357000
R,'y',1653604685713351000
P,Key.space,1653604686025259000
R,Key.space,1653604686073392000
P,'a',1653604686169393000
R,'a',1653604686249354000
P,'d',1653604686337371000
P,Key.space,1653604686425448000
R,'d',1653604686440658000
R,Key.space,1653604686521213000
P,Key.backspace,1653604686841364000
R,Key.backspace,1653604686905307000
P,Key.backspace,1653604686977165000
R,Key.backspace,1653604687041332000
P,'n',1653604687217255000
P,'d',1653604687305248000
R,'n',1653604687312759000
R,'d',1653604687369355000
P,Key.space,1653604687433289000
R,Key.space,1653604687497185000
P,'c',1653604687633139000
R,'c',1653604687689348000
P,'o',1653604687769304000
R,'o',1653604687849327000
P,'w',1653604687921209000
R,'w',1653604687977260000
P,'a',1653604688169197000
R,'a',1653604688241235000
P,'r',1653604688321264000
R,'r',1653604688377027000
P,'d',1653604688513141000
R,'d',1653604688601177000
P,Key.space,1653604688729137000
R,Key.space,1653604688801197000
P,'w',1653604688993240000
R,'w',1653604689033085000
P,'h',1653604689081149000
R,'h',1653604689145139000
P,'o',1653604689321219000
R,'o',1653604689449152000
P,Key.space,1653604689673150000
R,Key.space,1653604689729390000
P,'e',1653604690233106000
R,'e',1653604690273154000
P,'n',1653604690289084000
R,'n',1653604690353070000
P,'j',1653604690553073000
R,'j',1653604690625248000
P,'o',1653604690793104000
R,'o',1653604690865109000
P,'y',1653604691001178000
R,'y',1653604691065050000
P,'s',1653604691089027000
R,'s',1653604691161027000
P,Key.space,1653604691217115000
R,Key.space,1653604691288482000
P,'p',1653604691345082000
R,'p',1653604691417014000
P,'i',1653604691528998000
R,'i',1653604691593126000
P,'c',1653604691640962000
R,'c',1653604691704943000
P,'k',1653604691728987000
R,'k',1653604691792965000
P,'i',1653604691865059000
R,'i',1653604691937042000
P,'n',1653604692033071000
P,'g',1653604692121070000
R,'n',1653604692144295000
R,'g',1653604692201071000
P,Key.space,1653604692216950000
R,Key.space,1653604692280946000
P,'o',1653604692312971000
R,'o',1653604692385042000
P,'n',1653604692512916000
R,'n',1653604692593008000
P,Key.space,1653604692608902000
R,Key.space,1653604692656849000
P,'t',1653604692752933000
P,'h',1653604692792937000
R,'t',1653604692800505000
R,'h',1653604692840994000
P,'o',1653604692961122000
P,'s',1653604693024926000
R,'o',1653604693064460000
R,'s',1653604693120977000
P,'e',1653604693136913000
R,'e',1653604693208892000
P,Key.space,1653604693288882000
R,Key.space,1653604693344813000
P,'s',1653604693392983000
R,'s',1653604693456909000
P,'a',1653604693536965000
P,'m',1653604693608923000
R,'a',1653604693616479000
R,'m',1653604693664963000
P,Key.backspace,1653604693880925000
R,Key.backspace,1653604693936839000
P,Key.backspace,1653604694008345000
R,Key.backspace,1653604694056941000
P,'m',1653604694240844000
R,'m',1653604694304813000
P,'a',1653604694312691000
R,'a',1653604694384911000
P,'l',1653604694448685000
R,'l',1653604694504975000
P,'l',1653604694568806000
R,'l',1653604694656880000
P,'e',1653604694704830000
R,'e',1653604694768821000
P,'r',1653604694840818000
R,'r',1653604694952540000
P,Key.space,1653604695000745000
R,Key.space,1653604695088642000
P,'t',1653604695216190000
P,'h',1653604695281102000
R,'t',1653604695281725000
R,'h',1653604695328794000
P,'a',1653604695384906000
P,'n',1653604695456858000
R,'a',1653604695480062000
R,'n',1653604695544755000
P,Key.space,1653604695560929000
R,Key.space,1653604695624818000
P,'h',1653604695696852000
R,'h',1653604695760767000
P,'i',1653604696224301000
R,'i',1653604696280723000
P,'m',1653604696448825000
R,'m',1653604696520820000
P,'.',1653604696784802000
R,'.',1653604696856734000
P,Key.space,1653604696944731000
R,Key.space,1653604697008797000
P,Key.shift,1653604697152752000
P,'L',1653604697232702000
R,'L',1653604697280693000
R,Key.shift,1653604697304751000
P,'u',1653604697424778000
R,'u',1653604697472762000
P,'c',1653604697520768000
R,'c',1653604697584687000
P,'k',1653604697632526000
R,'k',1653604697704653000
P,'i',1653604697816655000
R,'i',1653604697880646000
P,'l',1653604698056758000
R,'l',1653604698128661000
P,'y',1653604698129382000
R,'y',1653604698184641000
P,Key.space,1653604698320839000
R,Key.space,1653604698400545000
P,'f',1653604698760575000
R,'f',1653604698800565000
P,'o',1653604698816608000
R,'o',1653604698896600000
P,'r',1653604698904553000
R,'r',1653604698944397000
P,Key.space,1653604699040605000
R,Key.space,1653604699096553000
P,'u',1653604699136654000
R,'u',1653604699200646000
P,'s',1653604699208585000
R,'s',1653604699304534000
P,"','",1653604699440421000
P,Key.space,1653604699520829000
R,"','",1653604699521485000
R,Key.space,1653604699584478000
P,'t',1653604700192611000
R,'t',1653604700240508000
P,'h',1653604700248551000
R,'h',1653604700320597000
P,'e',1653604700688519000
R,'e',1653604700752387000
P,Key.space,1653604700832532000
R,Key.space,1653604700904507000
P,Key.shift,1653604701016634000
P,'U',1653604701096395000
R,'U',1653604701184537000
P,'S',1653604701360543000
R,'S',1653604701512417000
R,Key.shift,1653604701528488000
P,Key.space,1653604701736502000
R,Key.space,1653604701776351000
P,'i',1653604702352433000
R,'i',1653604702424360000
P,'s',1653604702480417000
R,'s',1653604702544331000
P,'n',1653604702592395000
R,'n',1653604702672584000
P,'t',1653604703096593000
R,'t',1653604703136325000
P,Key.backspace,1653604703352271000
R,Key.backspace,1653604703448301000
P,Key.backspace,1653604704128190000
R,Key.backspace,1653604704360217000
P,Key.backspace,1653604704488228000
R,Key.backspace,1653604704528146000
P,Key.backspace,1653604704792317000
R,Key.backspace,1653604704856249000
P,'a',1653604705648329000
R,'a',1653604705744190000
P,'n',1653604705752291000
P,'d',1653604705808718000
R,'n',1653604705815763000
P,Key.space,1653604705912253000
R,'d',1653604705944422000
R,Key.space,1653604706008154000
P,'w',1653604706128186000
R,'w',1653604706184299000
P,'o',1653604706216158000
R,'o',1653604706280168000
P,'r',1653604706344312000
R,'r',1653604706392172000
P,'l',1653604706528169000
R,'l',1653604706656238000
P,'d',1653604706720149000
R,'d',1653604706768163000
P,Key.space,1653604706840198000
R,Key.space,1653604706912286000
P,'a',1653604708816124000
R,'a',1653604708920099000
P,'r',1653604709063988000
R,'r',1653604709112097000
P,'e',1653604709192007000
R,'e',1653604709239989000
P,'n',1653604709480147000
R,'n',1653604709536071000
P,"""'""",1653604710031935000
P,'t',1653604710112208000
R,"""'""",1653604710112827000
R,'t',1653604710159941000
P,Key.space,1653604710239956000
R,Key.space,1653604710303898000
P,'l',1653604710343819000
R,'l',1653604710408034000
P,'e',1653604710455931000
R,'e',1653604710511815000
P,'t',1653604710656036000
R,'t',1653604710704090000
P,'t',1653604710777240000
R,'t',1653604710855979000
P,'i',1653604710887965000
R,'i',1653604710935922000
P,'n',1653604711055991000
P,'g',1653604711095903000
R,'n',1653604711127770000
R,'g',1653604711191821000
P,Key.space,1653604711199876000
R,Key.space,1653604711271853000
P,'h',1653604711279628000
R,'h',1653604711327862000
P,'i',1653604711439269000
P,'s',1653604711479228000
R,'i',1653604711551871000
R,'s',1653604711559879000
P,Key.space,1653604711607936000
R,Key.space,1653604711671965000
P,'a',1653604711727942000
R,'a',1653604711791833000
P,'c',1653604711895974000
R,'c',1653604711943886000
P,'t',1653604712055948000
R,'t',1653604712111910000
P,'i',1653604712119857000
R,'i',1653604712167348000
P,'o',1653604712287840000
R,'o',1653604712335838000
P,'n',1653604712439883000
P,'s',1653604712479624000
R,'n',1653604712519918000
R,'s',1653604712543829000
P,Key.space,1653604712607870000
R,Key.space,1653604712695863000
P,'g',1653604712799830000
R,'g',1653604712855805000
P,'o',1653604712863791000
P,Key.space,1653604712919732000
R,'o',1653604712927290000
R,Key.space,1653604713007740000
P,'u',1653604713119869000
R,'u',1653604713175724000
P,'n',1653604713503739000
R,'n',1653604713615682000
P,'c',1653604713936231000
R,'c',1653604713991840000
P,'h',1653604714063757000
R,'h',1653604714127586000
P,'e',1653604714191738000
R,'e',1653604714239432000
P,'c',1653604714351725000
R,'c',1653604714415298000
P,'k',1653604714431736000
R,'k',1653604714495836000
P,'e',1653604714535859000
R,'e',1653604714591759000
P,'d',1653604714687573000
R,'d',1653604714759768000
P,'.',1653604714887664000
P,Key.space,1653604714955760000
R,'.',1653604714958820000
R,Key.space,1653604715023671000
P,Key.shift,1653604715207749000
P,'W',1653604715415662000
R,'W',1653604715487647000
R,Key.shift,1653604715527715000
P,'h',1653604715655004000
R,'h',1653604715703000000
P,'i',1653604715854985000
R,'i',1653604715903080000
P,'l',1653604716047511000
R,'l',1653604716167710000
P,'e',1653604716183600000
R,'e',1653604716231487000
P,Key.space,1653604716319578000
R,Key.space,1653604716375563000
P,'w',1653604716999652000
R,'w',1653604717095527000
P,'e',1653604717311571000
R,'e',1653604717438883000
P,Key.space,1653604717511077000
R,Key.space,1653604717598877000
P,'c',1653604717727097000
R,'c',1653604717782902000
P,'a',1653604717854977000
P,'n',1653604717918915000
R,'a',1653604717942830000
R,'n',1653604717982806000
P,';',1653604718206911000
R,';',1653604718286872000
P,'t',1653604718510859000
R,'t',1653604718566936000
P,Key.backspace,1653604718783737000
R,Key.backspace,1653604718846977000
P,Key.backspace,1653604718926813000
R,Key.backspace,1653604718990714000
P,"""'""",1653604719151136000
P,'t',1653604719223054000
R,"""'""",1653604719238988000
R,'t',1653604719278833000
P,Key.space,1653604719342792000
R,Key.space,1653604719406823000
P,'d',1653604719519510000
R,'d',1653604719583443000
P,'i',1653604719663604000
R,'i',1653604719719274000
P,'r',1653604719855381000
R,'r',1653604719903381000
P,'e',1653604719975420000
R,'e',1653604720023407000
P,'t',1653604720319488000
R,'t',1653604720367301000
P,Key.backspace,1653604720591307000
R,Key.backspace,1653604720663455000
P,'c',1653604720687353000
R,'c',1653604720727378000
P,'t',1653604720863435000
R,'t',1653604720943345000
P,'l',1653604720975358000
R,'l',1653604721039312000
P,Key.space,1653604721271302000
R,Key.space,1653604721294890000
P,Key.backspace,1653604721607465000
R,Key.backspace,1653604721694904000
P,'y',1653604721703127000
R,'y',1653604721743070000
P,Key.space,1653604721838715000
R,Key.space,1653604721918642000
P,'i',1653604722126714000
R,'i',1653604722183010000
P,'n',1653604722311371000
P,'t',1653604722383281000
R,'n',1653604722390790000
R,'t',1653604722423137000
P,'e',1653604722543234000
R,'e',1653604722590944000
P,'r',1653604722647338000
R,'r',1653604722703253000
P,'v',1653604722847350000
R,'v',1653604722903289000
P,'e',1653604723007256000
R,'e',1653604723063204000
P,'n',1653604723119294000
P,'e',1653604723183388000
R,'n',1653604723190675000
R,'e',1653604723262858000
P,"','",1653604723543217000
R,"','",1653604723623223000
P,Key.space,1653604723687262000
R,Key.space,1653604723751057000
P,'w',1653604723895257000
R,'w',1653604723943140000
P,'e',1653604724015132000
R,'e',1653604724095173000
P,Key.space,1653604724183223000
R,Key.space,1653604724263227000
P,'c',1653604724350948000
R,'c',1653604724398956000
P,'a',1653604724487117000
R,'a',1653604724559203000
P,'n',1653604724567189000
R,'n',1653604724598981000
P,Key.space,1653604724751105000
R,Key.space,1653604724815175000
P,'p',1653604724967134000
R,'p',1653604725030937000
P,'r',1653604725127167000
R,'r',1653604725167079000
P,'o',1653604725222847000
R,'o',1653604725294524000
P,'i',1653604725495661000
R,'i',1653604725558783000
P,Key.backspace,1653604725775003000
R,Key.backspace,1653604725838901000
P,'v',1653604725887152000
R,'v',1653604725935045000
P,'i',1653604725975135000
R,'i',1653604726047128000
P,'d',1653604726063060000
R,'d',1653604726120026000
P,'e',1653604726206953000
R,'e',1653604726263170000
P,Key.space,1653604726326937000
R,Key.space,1653604726399145000
P,'s',1653604726479156000
R,'s',1653604726559103000
P,'u',1653604726567055000
R,'u',1653604726614820000
P,'p',1653604726807121000
R,'p',1653604726863100000
P,'o',1653604727094972000
R,'o',1653604727158981000
P,Key.backspace,1653604727382811000
R,Key.backspace,1653604727454962000
P,'p',1653604727598905000
R,'p',1653604727671038000
P,'o',1653604727783054000
P,'r',1653604727871037000
R,'o',1653604727878414000
R,'r',1653604727935007000
P,'t',1653604728047054000
R,'t',1653604728086778000
P,Key.space,1653604728942960000
R,Key.space,1653604729022856000
P,'t',1653604729126870000
P,'o',1653604729142405000
R,'t',1653604729183266000
R,'o',1653604729238876000
P,Key.space,1653604729239506000
R,Key.space,1653604729318944000
P,'t',1653604729438970000
R,'t',1653604729463049000
P,'h',1653604729486741000
R,'h',1653604729574858000
P,'e',1653604729582881000
R,'e',1653604729654874000
P,Key.space,1653604729710596000
R,Key.space,1653604729790839000
P,Key.shift,1653604730022805000
P,'U',1653604730118952000
R,'U',1653604730206828000
R,Key.shift,1653604730270886000
P,'k',1653604730398913000
R,'k',1653604730478891000
P,'r',1653604730598788000
R,'r',1653604730638604000
P,'a',1653604730750698000
R,'a',1653604730822873000
P,'n',1653604730846853000
R,'n',1653604730910674000
P,'i',1653604731030817000
R,'i',1653604731094852000
P,'n',1653604731198737000
P,'a',1653604731302933000
R,'n',1653604731303472000
R,'a',1653604731366751000
P,'s',1653604731454752000
R,'s',1653604731518308000
P,Key.backspace,1653604731822780000
R,Key.backspace,1653604731878777000
P,Key.backspace,1653604731990786000
R,Key.backspace,1653604732054755000
P,'i',1653604733382786000
R,'i',1653604733446621000
P,'a',1653604733494669000
R,'a',1653604733566631000
P,'n',1653604733574644000
P,'s',1653604733662628000
R,'n',1653604733677980000
R,'s',1653604733766588000
P,Key.backspace,1653604734190369000
R,Key.backspace,1653604734239060000
P,Key.backspace,1653604734318664000
R,Key.backspace,1653604734390632000
P,Key.backspace,1653604734462666000
R,Key.backspace,1653604734534535000
P,Key.backspace,1653604734630409000
R,Key.backspace,1653604734694639000
P,Key.backspace,1653604736073155000
R,Key.backspace,1653604736185462000
P,'a',1653604737764621000
R,'a',1653604737828667000
P,'n',1653604737852948000
R,'n',1653604737917143000
P,'s',1653604737949065000
R,'s',1653604738053165000
P,Key.space,1653604738061330000
R,Key.space,1653604738181480000
P,Key.backspace,1653604738830912000
R,Key.backspace,1653604738894919000
P,Key.backspace,1653604739183540000
R,Key.backspace,1653604739255686000
P,Key.backspace,1653604739367743000
R,Key.backspace,1653604739472110000
P,Key.backspace,1653604739648301000
R,Key.backspace,1653604739712402000
P,Key.backspace,1653604739824671000
R,Key.backspace,1653604739920835000
P,Key.backspace,1653604740810355000
R,Key.backspace,1653604740874445000
P,Key.backspace,1653604740962517000
R,Key.backspace,1653604741018613000
P,Key.backspace,1653604741130872000
R,Key.backspace,1653604741178849000
P,Key.backspace,1653604741283103000
R,Key.backspace,1653604741347309000
P,'k',1653604742172453000
R,'k',1653604742228739000
P,'r',1653604742340612000
R,'r',1653604742396760000
P,'a',1653604742476776000
P,'i',1653604742548994000
R,'a',1653604742580629000
R,'i',1653604742596744000
P,'n',1653604742701278000
P,'e',1653604742757286000
R,'e',1653604742813748000
R,'n',1653604742814485000
P,Key.space,1653604742901465000
R,Key.space,1653604742981601000
P,'p',1653604743053812000
R,'p',1653604743117881000
P,'e',1653604743157869000
R,'e',1653604743206031000
P,'o',1653604743246097000
R,'o',1653604743310153000
P,'p',1653604743422301000
R,'p',1653604743478385000
P,'l',1653604743574418000
P,'e',1653604743670684000
R,'l',1653604743678141000
R,'e',1653604743702456000
P,'.',1653604745104302000
R,'.',1653604745176626000
P,Key.ctrl,1653604757795156000
P,'c',1653604758091331000
