P,'i',1653603010886641000
R,'i',1653603010950039000
P,'n',1653603011126191000
R,'n',1653603011206118000
P,'s',1653603011238140000
R,'s',1653603011310038000
P,'t',1653603011390125000
R,'t',1653603011464409000
P,'a',1653603011485902000
R,'a',1653603011582117000
P,Key.enter,1653603012030010000
R,Key.enter,1653603012182138000
P,'f',1653603017238362000
R,'f',1653603017357848000
P,'p',1653603017742390000
R,'p',1653603017854255000
P,'d',1653603021374147000
R,'d',1653603021445973000
P,'1',1653603021741953000
R,'1',1653603021829907000
P,'s',1653603022614055000
R,'s',1653603022677915000
P,'o',1653603022701946000
R,'o',1653603022774011000
P,'c',1653603022837904000
R,'c',1653603022885912000
P,'i',1653603022909931000
R,'i',1653603022974044000
P,'a',1653603022997944000
R,'a',1653603023094017000
P,'l',1653603023133919000
R,'l',1653603023229977000
P,Key.shift,1653603023254010000
P,'@',1653603023405995000
R,'@',1653603023501870000
R,Key.shift,1653603023533778000
P,'g',1653603023821880000
R,'g',1653603023877997000
P,'m',1653603023893922000
R,'m',1653603023965988000
P,'a',1653603023997921000
R,'a',1653603024085874000
P,'i',1653603024101857000
R,'i',1653603024165912000
P,'l',1653603024309957000
R,'l',1653603024389792000
P,'.',1653603024541912000
R,'.',1653603024637824000
P,'c',1653603025053724000
R,'c',1653603025085855000
P,'m',1653603025125873000
R,'m',1653603025213877000
P,Key.backspace,1653603025501823000
R,Key.backspace,1653603025605733000
P,'o',1653603025765827000
R,'o',1653603025845764000
P,'m',1653603025997827000
R,'m',1653603026093814000
P,Key.tab,1653603026229798000
P,Key.shift,1653603026757775000
R,Key.shift,1653603027045708000
P,Key.shift,1653603028453664000
R,Key.shift,1653603028717692000
P,Key.shift,1653603029917567000
R,Key.shift,1653603030245517000
P,Key.shift,1653603078322452000
P,'J',1653603083930102000
R,'J',1653603084001823000
R,Key.shift,1653603084106213000
P,'u',1653603084234286000
R,'u',1653603084338375000
P,'s',1653603084442203000
R,'s',1653603084554256000
P,'t',1653603084690130000
R,'t',1653603084754213000
P,Key.space,1653603084866122000
R,Key.space,1653603084954441000
P,'s',1653603085098177000
R,'s',1653603085178129000
P,'a',1653603085306295000
R,'a',1653603085362669000
P,'w',1653603085386095000
R,'w',1653603085489986000
P,Key.space,1653603085626131000
R,Key.space,1653603085705933000
P,Key.shift,1653603085890170000
R,Key.shift,1653603086681834000
P,'a',1653603086858151000
R,'a',1653603086962048000
P,Key.space,1653603087089892000
R,Key.space,1653603087145993000
P,'c',1653603087266023000
R,'c',1653603087330025000
P,'l',1653603087386105000
R,'l',1653603087465435000
P,'i',1653603087977895000
R,'i',1653603088050071000
P,'p',1653603088202065000
R,'p',1653603088306085000
P,Key.space,1653603088338064000
R,Key.space,1653603088393848000
P,'f',1653603088489820000
R,'f',1653603088537988000
P,'r',1653603088650012000
P,'o',1653603088705958000
R,'r',1653603088706613000
R,'o',1653603088794024000
P,'m',1653603089281869000
R,'m',1653603089361912000
P,Key.space,1653603089369786000
R,Key.space,1653603089425862000
P,Key.shift,1653603089505967000
P,'C',1653603089737988000
R,'C',1653603089778570000
R,Key.shift,1653603089817941000
P,Key.shift,1653603089954037000
R,Key.shift,1653603090009940000
P,'o',1653603090193799000
R,'o',1653603090265843000
P,'a',1653603090353967000
R,'a',1653603090441842000
P,'h',1653603090497847000
R,'h',1653603090561661000
P,Key.backspace,1653603091089875000
R,Key.backspace,1653603091209687000
P,'c',1653603091417826000
R,'c',1653603091537173000
P,'h',1653603091577137000
R,'h',1653603091633720000
P,Key.space,1653603091713841000
R,Key.space,1653603091761508000
P,Key.shift,1653603091897911000
P,'C',1653603092033861000
R,'C',1653603092097846000
R,Key.shift,1653603092113810000
P,'a',1653603092225698000
R,'a',1653603092353790000
P,'e',1653603092529669000
R,'e',1653603092562852000
P,Key.backspace,1653603092953673000
P,'r',1653603093049698000
R,Key.backspace,1653603093081988000
R,'r',1653603093121391000
P,'t',1653603093209684000
R,'t',1653603093249659000
P,'e',1653603093361644000
R,'e',1653603093433706000
P,'r',1653603093513627000
R,'r',1653603093553736000
P,Key.shift,1653603093769763000
P,'!',1653603094009631000
R,'!',1653603094113627000
R,Key.shift,1653603094153741000
P,Key.space,1653603094377482000
R,Key.space,1653603094449568000
P,Key.shift,1653603094553750000
P,'I',1653603094649612000
R,Key.shift,1653603094689494000
R,'i',1653603094713597000
P,'t',1653603094857464000
R,'t',1653603094913561000
P,Key.space,1653603094970016000
R,Key.space,1653603095041534000
P,'w',1653603095177561000
P,'a',1653603095257528000
R,'w',1653603095321467000
R,'a',1653603095393523000
P,'s',1653603095409517000
R,'s',1653603095489470000
P,Key.space,1653603095513428000
R,Key.space,1653603095585575000
P,'s',1653603095641514000
R,'s',1653603095720850000
P,'o',1653603095744919000
P,'s',1653603095816908000
R,'o',1653603095824994000
R,'s',1653603095872905000
P,Key.backspace,1653603096153439000
R,Key.backspace,1653603096241305000
P,Key.space,1653603096505462000
R,Key.space,1653603096553436000
P,Key.shift,1653603096865619000
P,'#',1653603097209308000
R,'#',1653603097289501000
R,Key.shift,1653603097305482000
P,'i',1653603097961316000
R,'i',1653603098017289000
P,'n',1653603098169265000
R,'n',1653603098217437000
P,'s',1653603098289510000
R,'s',1653603098361363000
P,'p',1653603098417392000
R,'p',1653603098481430000
P,'i',1653603098601358000
R,'i',1653603098649293000
P,'r',1653603098721208000
R,'r',1653603098761183000
P,'i',1653603098777377000
R,'i',1653603098833334000
P,'n',1653603098937306000
P,'g',1653603099033324000
R,'n',1653603099040912000
R,'g',1653603099089370000
P,'.',1653603101953231000
R,'.',1653603102041055000
P,Key.space,1653603102097226000
R,Key.space,1653603102161109000
P,Key.shift,1653603102657374000
P,'S',1653603104465010000
R,Key.shift,1653603104545066000
R,'s',1653603104552594000
P,'a',1653603104689156000
P,'m',1653603104776889000
R,'a',1653603104784477000
R,'m',1653603104833061000
P,'u',1653603104968974000
R,'u',1653603105024785000
P,'e',1653603105576985000
P,'l',1653603105640987000
R,'e',1653603105648366000
R,'l',1653603105728824000
P,Key.space,1653603105760814000
R,Key.space,1653603105824687000
P,Key.shift,1653603105944808000
P,'L',1653603106040907000
R,'L',1653603106168767000
R,Key.shift,1653603106384800000
P,'.',1653603107216861000
P,Key.space,1653603107312827000
R,'.',1653603107320302000
R,Key.space,1653603107368774000
P,'a',1653603107472861000
P,'n',1653603107552933000
R,'a',1653603107576786000
R,'n',1653603107616754000
P,'d',1653603107696748000
P,Key.space,1653603107752824000
R,'d',1653603107760306000
R,Key.space,1653603107856825000
P,Key.shift,1653603108096997000
P,'C',1653603108432836000
R,'C',1653603108528751000
R,Key.shift,1653603108553417000
P,'h',1653603108640945000
R,'h',1653603108673796000
P,'a',1653603108736760000
R,'a',1653603108816797000
P,'n',1653603108880649000
R,'n',1653603109064719000
P,'n',1653603109328691000
R,'n',1653603109400809000
P,'i',1653603109576709000
R,'i',1653603109640626000
P,'n',1653603109768695000
P,'g',1653603109832676000
R,'n',1653603109864739000
P,Key.space,1653603109888514000
R,'g',1653603109928671000
R,Key.space,1653603109992563000
P,Key.shift,1653603110128731000
P,'T',1653603110184732000
R,Key.shift,1653603110224692000
R,'t',1653603110264740000
P,'a',1653603110320603000
P,'t',1653603110376659000
R,'a',1653603110416564000
R,'t',1653603110440624000
P,'u',1653603110616711000
R,'u',1653603110672595000
P,'m',1653603110840681000
R,'m',1653603110928609000
P,Key.space,1653603110944665000
R,Key.space,1653603110992420000
P,'c',1653603111344594000
R,'c',1653603111392582000
P,'a',1653603111480660000
P,'n',1653603111584718000
R,'a',1653603111592050000
R,'n',1653603111640523000
P,Key.space,1653603111960337000
R,Key.space,1653603112016480000
P,'r',1653603112120612000
R,'r',1653603112176398000
P,'e',1653603112256411000
P,'a',1653603112304361000
R,'e',1653603112328424000
R,'a',1653603112464319000
P,'l',1653603113992312000
R,'l',1653603114040290000
P,'l',1653603114128418000
P,'y',1653603114184477000
R,'l',1653603114199916000
R,'y',1653603114232538000
P,Key.space,1653603114312392000
R,Key.space,1653603114392216000
P,'a',1653603114552480000
R,'a',1653603114648466000
P,'c',1653603114784465000
R,'c',1653603114848472000
P,'t',1653603114960365000
R,'t',1653603115008381000
P,'.',1653603117536350000
R,'.',1653603117680200000
P,Key.space,1653603117904121000
R,Key.space,1653603117976086000
P,Key.shift,1653603127288054000
P,'T',1653603127375875000
R,'T',1653603127479629000
R,Key.shift,1653603127519845000
P,'h',1653603127639695000
P,'e',1653603127719643000
R,'h',1653603127727081000
R,'e',1653603127767599000
P,Key.space,1653603127879593000
R,Key.space,1653603127935612000
P,'e',1653603128039588000
R,'e',1653603128087486000
P,'m',1653603128119631000
R,'m',1653603128199639000
P,'o',1653603128671560000
R,'o',1653603128775681000
P,'t',1653603128831540000
R,'t',1653603128879525000
P,'i',1653603128904181000
R,'i',1653603128967598000
P,'o',1653603129055425000
R,'o',1653603129119558000
P,'n',1653603129223602000
P,Key.space,1653603129311316000
R,'n',1653603129327178000
R,Key.space,1653603129359540000
P,'f',1653603129447440000
R,'f',1653603129479412000
P,'o',1653603129655489000
R,'o',1653603129711342000
P,Key.backspace,1653603129935518000
R,Key.backspace,1653603130039500000
P,'r',1653603130071543000
R,'r',1653603130111532000
P,'o',1653603130151100000
R,'o',1653603130239430000
P,'m',1653603130335548000
P,Key.space,1653603130423482000
R,'m',1653603130438771000
R,Key.space,1653603130479407000
P,'t',1653603130551452000
P,'h',1653603130591498000
R,'t',1653603130607332000
R,'h',1653603130679408000
P,'e',1653603130695422000
R,'e',1653603130775230000
P,Key.space,1653603130791364000
R,Key.space,1653603130903369000
P,'s',1653603130943419000
R,'s',1653603131039360000
P,'c',1653603131183186000
R,'c',1653603131239360000
P,'e',1653603131335363000
P,'n',1653603131383421000
R,'e',1653603131390925000
P,'e',1653603131407224000
R,'n',1653603131471454000
R,'e',1653603131479380000
P,Key.space,1653603131567166000
R,Key.space,1653603131671321000
P,'w',1653603131983343000
R,'w',1653603132111208000
P,'a',1653603132119356000
R,'a',1653603132279303000
P,'s',1653603132303235000
R,'s',1653603132318702000
P,Key.space,1653603132367458000
R,Key.space,1653603132439367000
P,'i',1653603132831379000
R,'i',1653603132903352000
P,'n',1653603132999290000
P,'c',1653603133079270000
R,'n',1653603133095202000
R,'c',1653603133135278000
P,'r',1653603133247278000
R,'r',1653603133303345000
P,'e',1653603133375275000
R,'e',1653603133407227000
P,'d',1653603133503219000
R,'d',1653603133559323000
P,'i',1653603133607356000
R,'i',1653603133679226000
P,'b',1653603133743293000
R,'b',1653603133791203000
P,'l',1653603133823327000
R,'l',1653603133927308000
P,'e',1653603133951219000
R,'e',1653603134007211000
P,Key.space,1653603134095155000
R,Key.space,1653603134167127000
P,Key.backspace,1653603148078462000
R,Key.backspace,1653603148198359000
P,'.',1653603148590470000
R,'.',1653603148686416000
P,Key.space,1653603148734420000
R,Key.space,1653603148806273000
P,Key.ctrl,1653603177028759000
P,'c',1653603177348760000
P,Key.shift,1653603659263810000
R,Key.shift,1653603659615607000
P,'m',1653603660767633000
R,'m',1653603660847579000
P,'o',1653603661343594000
R,'o',1653603661415431000
P,'o',1653603661487645000
R,'o',1653603661583562000
P,'d',1653603661991387000
R,'d',1653603662055539000
P,Key.space,1653603662143592000
R,Key.space,1653603662215523000
P,'a',1653603662295506000
R,'a',1653603662391589000
P,'f',1653603662503479000
R,'f',1653603662567471000
P,'t',1653603662655457000
R,'t',1653603662711605000
P,'e',1653603662831486000
R,'e',1653603662887449000
P,'r',1653603662951550000
P,Key.space,1653603663015302000
R,'r',1653603663047425000
R,Key.space,1653603663135310000
P,'s',1653603663207432000
R,'s',1653603663287317000
P,'e',1653603663447467000
R,'e',1653603663487836000
P,'e',1653603663551535000
R,'e',1653603663607420000
P,'i',1653603663655646000
R,'i',1653603663727575000
P,'n',1653603663847463000
P,'g',1653603663927621000
R,'n',1653603663975530000
R,'g',1653603664015209000
P,Key.space,1653603664023128000
R,Key.space,1653603664095400000
P,'t',1653603664135405000
P,'h',1653603664183558000
R,'t',1653603664215490000
R,'h',1653603664255428000
P,Key.space,1653603664375447000
R,Key.space,1653603664487438000
P,Key.backspace,1653603664671363000
P,'e',1653603664775368000
R,Key.backspace,1653603664807393000
R,'e',1653603664823384000
P,Key.space,1653603664895451000
R,Key.space,1653603664967314000
P,Key.shift,1653603665199249000
R,Key.shift,1653603665735387000
P,Key.shift,1653603665936243000
P,'#',1653603666086669000
R,'#',1653603666183328000
R,Key.shift,1653603666223354000
P,'o',1653603666431294000
R,'o',1653603666551262000
P,'s',1653603666646600000
R,'s',1653603666719065000
P,'c',1653603666854690000
R,'c',1653603666911263000
P,'a',1653603666983100000
R,'a',1653603667079238000
P,'r',1653603667159307000
P,'s',1653603667255254000
R,'r',1653603667270815000
R,'s',1653603667359229000
P,'s',1653603668271176000
R,'s',1653603668343209000
P,'l',1653603668439282000
R,'l',1653603668495164000
P,'a',1653603669919073000
R,'a',1653603669999119000
P,'o',1653603670015011000
R,'o',1653603670143052000
P,Key.backspace,1653603670950987000
R,Key.backspace,1653603671055131000
P,'p',1653603671198903000
R,'p',1653603671286995000
P,'.',1653603671527518000
R,'.',1653603671606963000
P,Key.space,1653603671654915000
R,Key.space,1653603671750936000
P,Key.shift,1653603671958912000
P,'C',1653603672742819000
R,'C',1653603672839081000
R,Key.shift,1653603672846651000
P,'a',1653603673055014000
R,'a',1653603673134891000
P,'n',1653603673166689000
R,'n',1653603673238936000
P,Key.backspace,1653603673966640000
R,Key.backspace,1653603674030317000
P,Key.backspace,1653603675134734000
R,Key.backspace,1653603675213978000
P,Key.backspace,1653603675318016000
R,Key.backspace,1653603675406705000
P,Key.shift,1653603675862663000
P,'I',1653603676270585000
R,'I',1653603676350674000
R,Key.shift,1653603676558747000
P,"""'""",1653603677070051000
R,"""'""",1653603677158601000
P,'m',1653603677350513000
R,'m',1653603677446698000
P,Key.space,1653603677502597000
R,Key.space,1653603677558478000
P,'i',1653603677646688000
R,'i',1653603677718595000
P,'n',1653603677862727000
R,'n',1653603677950385000
P,Key.space,1653603677958559000
R,Key.space,1653603678022610000
P,'t',1653603681270482000
R,'t',1653603681334365000
P,'o',1653603681366532000
R,'o',1653603681438375000
P,'t',1653603681462390000
R,'t',1653603681510338000
P,'a',1653603681678446000
P,'l',1653603681742444000
R,'a',1653603681766167000
R,'l',1653603681838329000
P,Key.space,1653603681846052000
R,Key.space,1653603681926390000
P,'d',1653603682046456000
R,'d',1653603682118330000
P,'i',1653603682142328000
R,'i',1653603682206439000
P,'s',1653603682207092000
R,'s',1653603682294172000
P,'b',1653603682710353000
R,'b',1653603682774253000
P,'e',1653603682878289000
R,'e',1653603682934191000
P,'l',1653603682998365000
R,'l',1653603683054280000
P,'i',1653603683182184000
R,'i',1653603683254298000
P,'e',1653603683270327000
R,'e',1653603683318206000
P,'f',1653603684662092000
R,'f',1653603684726238000
P,Key.space,1653603715948306000
R,Key.space,1653603716012372000
P,'a',1653603716180214000
R,'a',1653603716260348000
P,'t',1653603716396362000
R,'t',1653603716436300000
P,Key.space,1653603716532350000
R,Key.space,1653603716620203000
P,'t',1653603716668251000
R,'t',1653603716724263000
P,'h',1653603716732276000
P,'e',1653603716812331000
R,'h',1653603716819842000
R,'e',1653603716868302000
P,Key.space,1653603716948228000
R,Key.space,1653603717028201000
P,'s',1653603717140245000
R,'s',1653603717220571000
P,'i',1653603717252273000
R,'i',1653603717348187000
P,'t',1653603717444301000
R,'t',1653603717524282000
P,'u',1653603717548321000
R,'u',1653603717628157000
P,'a',1653603717652249000
R,'a',1653603717740226000
P,'t',1653603717860202000
R,'t',1653603717924192000
P,'u',1653603717948028000
R,'u',1653603718020052000
P,Key.backspace,1653603718356139000
R,Key.backspace,1653603718436255000
P,'i',1653603718588153000
R,'i',1653603718644332000
P,'o',1653603718764169000
R,'o',1653603718820197000
P,Key.space,1653603718996193000
R,Key.space,1653603719060178000
P,Key.backspace,1653603719380283000
R,Key.backspace,1653603719476191000
P,'n',1653603719612222000
R,'n',1653603719684056000
P,Key.space,1653603719700013000
R,Key.space,1653603719755841000
P,'h',1653603719828076000
R,'h',1653603719892004000
P,'o',1653603719996155000
R,'o',1653603720060201000
P,'n',1653603720156066000
P,'e',1653603720212142000
R,'n',1653603720236509000
P,'s',1653603720315924000
R,'e',1653603720340117000
R,'s',1653603720420107000
P,'t',1653603720508049000
R,'t',1653603720572004000
P,'l',1653603720620013000
P,'y',1653603720668048000
R,'l',1653603720692620000
R,'y',1653603720732013000
P,'.',1653603720827972000
P,Key.space,1653603720884077000
R,'.',1653603720908708000
R,Key.space,1653603720955994000
P,Key.shift,1653603721060284000
P,'I',1653603721171889000
R,'I',1653603721236066000
R,Key.shift,1653603721252045000
P,Key.space,1653603721371788000
R,Key.space,1653603721444024000
P,'n',1653603721516106000
R,'n',1653603721579942000
P,'e',1653603721603991000
R,'e',1653603721667778000
P,'v',1653603721715991000
R,'v',1653603721796023000
P,'e',1653603721803820000
R,'e',1653603721851938000
P,'r',1653603721916028000
R,'r',1653603722011940000
P,Key.space,1653603722043581000
R,Key.space,1653603722123865000
P,'w',1653603722243939000
R,'w',1653603722307928000
P,'o',1653603722331885000
R,'o',1653603722387817000
P,'u',1653603722484006000
R,'u',1653603722539931000
P,'l',1653603722651985000
P,'d',1653603722756023000
R,'l',1653603722763406000
R,'d',1653603722795862000
P,"""'""",1653603723275274000
R,"""'""",1653603723331725000
P,'v',1653603723347152000
R,'v',1653603723403840000
P,'e',1653603723547262000
R,'e',1653603723603090000
P,Key.space,1653603723668051000
R,Key.space,1653603723755375000
P,'t',1653603723843074000
P,'h',1653603723899229000
R,'t',1653603723907335000
R,'h',1653603723963206000
P,'o',1653603724131887000
R,'o',1653603724195913000
P,'u',1653603724299905000
R,'u',1653603724363889000
P,'g',1653603724427800000
R,'g',1653603724475800000
P,'h',1653603724483795000
R,'h',1653603724571899000
P,'t',1653603724587751000
R,'t',1653603724667744000
P,Key.space,1653603724811733000
R,Key.space,1653603724907732000
P,'t',1653603742874703000
R,'t',1653603742938690000
P,'h',1653603742994768000
R,'h',1653603743066653000
P,'a',1653603743114639000
R,'a',1653603743194655000
P,'t',1653603743322601000
R,'t',1653603743378762000
P,Key.space,1653603743434738000
R,Key.space,1653603743538714000
P,Key.shift,1653603743722884000
P,'W',1653603743986696000
R,'W',1653603744066612000
R,Key.shift,1653603744090501000
P,'i',1653603744266614000
R,'i',1653603744290525000
P,'l',1653603744578618000
R,'l',1653603744634662000
P,'l',1653603744714737000
R,'l',1653603744802443000
P,Key.space,1653603744890471000
R,Key.space,1653603744946559000
P,'w',1653603748610345000
R,'w',1653603748674280000
P,'o',1653603748714429000
R,'o',1653603748786488000
P,'u',1653603748922490000
R,'u',1653603748946264000
P,'l',1653603749098394000
P,'d',1653603749178348000
R,'l',1653603749185758000
R,'d',1653603749242326000
P,Key.space,1653603749282250000
R,Key.space,1653603749346225000
P,'d',1653603749426309000
R,'d',1653603749474154000
P,'o',1653603749490333000
R,'o',1653603749562294000
P,Key.space,1653603749570275000
R,Key.space,1653603749650337000
P,'t',1653603749770280000
R,'t',1653603749826274000
P,'h',1653603749834283000
R,'h',1653603749882354000
P,'a',1653603749954359000
R,'a',1653603750026253000
P,'t',1653603750122283000
R,'t',1653603750178430000
P,'.',1653603750505696000
R,'.',1653603750618295000
P,Key.space,1653603750698292000
R,Key.space,1653603750762128000
P,Key.shift,1653603756065944000
P,'W',1653603757809805000
R,Key.shift,1653603757889948000
R,'w',1653603757905774000
P,'a',1653603758033904000
R,'a',1653603758161778000
P,'s',1653603758193840000
R,'s',1653603758345749000
P,Key.space,1653603758401700000
R,Key.space,1653603758465725000
P,'i',1653603758625598000
R,'i',1653603758730199000
P,'t',1653603758737727000
R,'t',1653603758785758000
P,Key.space,1653603758865719000
R,Key.space,1653603758945688000
P,'e',1653603759249841000
R,'e',1653603759305662000
P,'v',1653603759417681000
R,'v',1653603759513798000
P,'e',1653603759545588000
R,'e',1653603759609575000
P,'r',1653603759689870000
R,'r',1653603759761661000
P,Key.space,1653603759801728000
R,Key.space,1653603759905646000
P,'t',1653603759953525000
P,'h',1653603759993583000
R,'t',1653603759994275000
R,'h',1653603760057794000
P,'e',1653603760233522000
R,'e',1653603760297755000
P,Key.backspace,1653603760633582000
P,'a',1653603760705712000
R,Key.backspace,1653603760729665000
R,'a',1653603760785702000
P,'t',1653603760929605000
R,'t',1653603761033713000
P,Key.space,1653603761065550000
R,Key.space,1653603761185645000
P,'s',1653603761241570000
R,'s',1653603761345628000
P,'e',1653603761393569000
R,'e',1653603761417651000
P,'r',1653603761521676000
R,'r',1653603761577558000
P,'i',1653603761617518000
R,'i',1653603761689556000
P,'o',1653603761801557000
R,'o',1653603761873553000
P,'u',1653603761977554000
P,'s',1653603762041651000
R,'u',1653603762065179000
R,'s',1653603762105598000
P,Key.space,1653603762169595000
R,Key.space,1653603762249359000
P,'m',1653603763937441000
R,'m',1653603763993315000
P,'a',1653603764017447000
R,'a',1653603764113403000
P,'n',1653603764121163000
R,'n',1653603764185490000
P,Key.shift,1653603764297666000
P,'?',1653603764433378000
R,'?',1653603764537393000
R,Key.shift,1653603764601448000
P,Key.space,1653603764705420000
R,Key.space,1653603764777348000
P,Key.shift,1653603764929447000
P,'I',1653603765273457000
R,Key.shift,1653603765321445000
R,'i',1653603765345469000
P,Key.space,1653603765440614000
R,Key.space,1653603765520735000
P,'g',1653603766009365000
R,'g',1653603766049322000
P,'e',1653603766553349000
R,'e',1653603766625259000
P,'n',1653603766737401000
R,'n',1653603766825225000
P,'i',1653603767481223000
R,'i',1653603767553206000
P,'u',1653603767681077000
R,'u',1653603767729205000
P,'n',1653603767857431000
R,'n',1653603767929207000
P,'e',1653603767953269000
R,'e',1653603768017120000
P,'l',1653603768065186000
R,'l',1653603768145190000
P,'y',1653603768161192000
R,'y',1653603768209195000
P,Key.space,1653603768457638000
R,Key.space,1653603768569002000
P,Key.backspace,1653603769081240000
R,Key.backspace,1653603769145124000
P,Key.backspace,1653603769217082000
R,Key.backspace,1653603769376960000
P,Key.backspace,1653603769457096000
R,Key.backspace,1653603769521159000
P,Key.backspace,1653603769609043000
R,Key.backspace,1653603769673095000
P,Key.backspace,1653603769761062000
R,Key.backspace,1653603769841038000
P,'n',1653603771249091000
R,'n',1653603771313065000
P,'e',1653603771392846000
R,'e',1653603771432989000
P,'l',1653603771673047000
R,'l',1653603771752945000
P,'y',1653603771800837000
R,'y',1653603771849046000
P,Key.space,1653603772640964000
R,Key.space,1653603772728823000
P,Key.backspace,1653603773240976000
R,Key.backspace,1653603773288586000
P,Key.backspace,1653603773376699000
R,Key.backspace,1653603773456896000
P,Key.backspace,1653603773712831000
R,Key.backspace,1653603773832924000
P,'l',1653603775024761000
R,'l',1653603775096742000
P,'e',1653603775120714000
R,'e',1653603775168831000
P,'y',1653603775280782000
R,'y',1653603775328749000
P,Key.space,1653603775416798000
R,Key.space,1653603775528711000
P,Key.backspace,1653603775784788000
R,Key.backspace,1653603775840661000
P,Key.backspace,1653603775912701000
R,Key.backspace,1653603775976627000
P,Key.backspace,1653603776080795000
R,Key.backspace,1653603776128665000
P,'y',1653603776376532000
R,'y',1653603776448780000
P,Key.space,1653603776584659000
R,Key.space,1653603776664596000
P,Key.backspace,1653603776968633000
R,Key.backspace,1653603777032596000
P,Key.backspace,1653603777113083000
P,Key.backspace,1653603777613092000
P,Key.backspace,1653603777696966000
P,Key.backspace,1653603777780169000
R,Key.backspace,1653603777791999000
P,Key.backspace,1653603777896537000
R,Key.backspace,1653603777968540000
P,Key.backspace,1653603778056575000
R,Key.backspace,1653603778097588000
P,Key.backspace,1653603778352552000
R,Key.backspace,1653603778424540000
P,Key.backspace,1653603778528549000
R,Key.backspace,1653603778576352000
P,Key.backspace,1653603778680360000
R,Key.backspace,1653603778744508000
P,Key.backspace,1653603779224599000
R,Key.backspace,1653603779328476000
P,Key.space,1653603779504568000
R,Key.space,1653603779624010000
P,'r',1653603780112474000
R,'r',1653603780152466000
P,'e',1653603780264468000
R,'e',1653603780312469000
P,'a',1653603780384461000
R,'a',1653603780512429000
P,'l',1653603780736526000
R,'l',1653603780824419000
P,'l',1653603781032514000
R,'l',1653603781152384000
P,'y',1653603781208376000
R,'y',1653603781272477000
P,Key.space,1653603781360454000
R,Key.space,1653603781448299000
P,Key.backspace,1653603786008566000
R,Key.backspace,1653603786080081000
P,Key.space,1653603787160259000
R,Key.space,1653603787240096000
P,'t',1653603787503352000
R,'t',1653603787567312000
P,'h',1653603787671763000
R,'h',1653603787791337000
P,'i',1653603788249474000
R,'i',1653603788311805000
P,'n',1653603788679824000
R,'n',1653603788751939000
P,'k',1653603788920004000
P,Key.space,1653603788991994000
R,'k',1653603788999371000
R,Key.space,1653603789039685000
P,'t',1653603789136002000
R,'t',1653603789183891000
P,'h',1653603789191943000
R,'h',1653603789255628000
P,'e',1653603789295767000
R,'e',1653603789343967000
P,Key.space,1653603789391873000
R,Key.space,1653603789471944000
P,'w',1653603789559906000
R,'w',1653603789615852000
P,'h',1653603789623650000
R,'h',1653603789671495000
P,'o',1653603789823208000
R,'o',1653603789871229000
P,'l',1653603789991233000
P,'e',1653603790079778000
R,'l',1653603790095574000
R,'e',1653603790135863000
P,Key.space,1653603790207913000
R,Key.space,1653603790271916000
P,'t',1653603790375776000
R,'t',1653603790423846000
P,'h',1653603790447847000
R,'h',1653603790503825000
P,'i',1653603790615816000
R,'i',1653603790679843000
P,'n',1653603790775806000
P,'g',1653603790823748000
R,'n',1653603790887887000
P,Key.space,1653603790911845000
R,'g',1653603790927816000
R,Key.space,1653603791015742000
P,'w',1653603791215799000
P,'a',1653603791327804000
R,'w',1653603791351445000
R,'a',1653603791471844000
P,'s',1653603791487775000
R,'s',1653603791575878000
P,Key.space,1653603791576585000
R,Key.space,1653603791671702000
P,'r',1653603795175711000
R,'r',1653603795231698000
P,'i',1653603795279145000
R,'i',1653603795343533000
P,'d',1653603795391548000
R,'d',1653603795447544000
P,'i',1653603795487530000
R,'i',1653603795551609000
P,'c',1653603795647531000
R,'c',1653603795703508000
P,'u',1653603795799448000
R,'u',1653603795855569000
P,'l',1653603796014831000
R,'l',1653603796078876000
P,'o',1653603796191339000
R,'o',1653603796247352000
P,'u',1653603796335474000
R,'u',1653603796407414000
P,'s',1653603796439538000
R,'s',1653603796519534000
P,'.',1653603796599465000
P,Key.space,1653603796671510000
R,'.',1653603796686821000
R,Key.space,1653603796743511000
P,Key.shift,1653603796927508000
P,'T',1653603798095092000
R,'T',1653603798174707000
R,Key.shift,1653603798295597000
P,Key.backspace,1653603798711402000
R,Key.backspace,1653603798807266000
P,Key.shift,1653603799111457000
R,Key.shift,1653603799231395000
P,Key.shift,1653603799263226000
P,'T',1653603799951352000
R,'T',1653603800007267000
R,Key.shift,1653603800039352000
P,'h',1653603800159316000
P,'e',1653603800231261000
R,'h',1653603800238687000
R,'e',1653603800287341000
P,Key.space,1653603800327270000
R,Key.space,1653603800407136000
P,'w',1653603801167205000
R,'w',1653603801223282000
P,'h',1653603801231203000
R,'h',1653603801287209000
P,'o',1653603801447123000
R,'o',1653603801503163000
P,'l',1653603801615173000
P,'e',1653603801703330000
R,'l',1653603801710642000
R,'e',1653603801751259000
P,Key.space,1653603801839198000
R,Key.space,1653603801895289000
P,'d',1653603802023174000
R,'d',1653603802095219000
P,'i',1653603802127213000
P,'s',1653603802183150000
R,'i',1653603802190588000
R,'s',1653603802271084000
P,'c',1653603802927156000
R,'c',1653603802991156000
P,'o',1653603803007091000
R,'o',1653603803071089000
P,'u',1653603803175107000
P,'r',1653603803246979000
R,'u',1653603803254497000
R,'r',1653603803287047000
P,'s',1653603803855012000
R,'s',1653603803951017000
P,'e',1653603803999031000
R,'e',1653603804062959000
P,Key.space,1653603804151052000
R,Key.space,1653603804214979000
P,'f',1653603805254959000
R,'f',1653603805318991000
P,Key.backspace,1653603805734994000
R,Key.backspace,1653603805830807000
P,'f',1653603806526759000
R,'f',1653603806567159000
P,'r',1653603806695124000
R,'r',1653603806750905000
P,Key.space,1653603806879039000
R,Key.space,1653603806942776000
P,Key.backspace,1653603807086758000
R,Key.backspace,1653603807166796000
P,'o',1653603807366819000
R,'o',1653603807414140000
P,Key.backspace,1653603807614782000
R,Key.backspace,1653603807670917000
P,Key.backspace,1653603807750830000
R,Key.backspace,1653603807838776000
P,'o',1653603808062895000
R,'o',1653603808142845000
P,'r',1653603808190810000
R,'r',1653603808254750000
P,Key.space,1653603808334743000
R,Key.space,1653603808406718000
P,Key.backspace,1653603822774520000
R,Key.backspace,1653603822870243000
P,Key.backspace,1653603822934402000
R,Key.backspace,1653603822998270000
P,Key.backspace,1653603823078293000
R,Key.backspace,1653603823150436000
P,Key.backspace,1653603823222548000
R,Key.backspace,1653603823294457000
P,'a',1653603823822962000
R,'a',1653603823910672000
P,'r',1653603824070675000
R,'r',1653603824103596000
P,'o',1653603824134613000
R,'o',1653603824214711000
P,'u',1653603824302544000
R,'u',1653603824374521000
P,'n',1653603824494747000
P,'d',1653603824550757000
R,'n',1653603824590688000
R,'d',1653603824606682000
P,Key.space,1653603824670684000
R,Key.space,1653603824757965000
P,'t',1653603824910810000
R,'t',1653603824974820000
P,'h',1653603825022763000
R,'h',1653603825086752000
P,'e',1653603825158799000
R,'e',1653603825222134000
P,Key.space,1653603825294073000
R,Key.space,1653603825358144000
P,'s',1653603828943247000
R,'s',1653603829031400000
P,'i',1653603829047239000
R,'i',1653603829119244000
P,'t',1653603829159332000
R,'t',1653603829207335000
P,'u',1653603829295348000
R,'u',1653603829367158000
P,'a',1653603829423250000
R,'a',1653603829511352000
P,Key.backspace,1653603829679199000
R,Key.backspace,1653603829759238000
P,Key.backspace,1653603829991361000
R,Key.backspace,1653603830047276000
P,Key.backspace,1653603830151301000
R,Key.backspace,1653603830191277000
P,Key.backspace,1653603830287278000
R,Key.backspace,1653603830351304000
P,Key.backspace,1653603830431306000
R,Key.backspace,1653603830495405000
P,Key.backspace,1653603832239437000
R,Key.backspace,1653603832319396000
P,Key.backspace,1653603832391476000
R,Key.backspace,1653603832463488000
P,Key.backspace,1653603832527580000
R,Key.backspace,1653603832607714000
P,Key.backspace,1653603832663515000
R,Key.backspace,1653603832743573000
P,'i',1653603833039761000
R,'i',1653603833095628000
P,'t',1653603833103007000
R,'t',1653603833167618000
P,Key.space,1653603833191492000
R,Key.space,1653603833295591000
P,'a',1653603833383650000
R,'a',1653603833487539000
P,'l',1653603833495596000
R,'l',1653603833551368000
P,'l',1653603833623602000
R,'l',1653603833703568000
P,Key.space,1653603833783665000
R,Key.space,1653603833839107000
P,'w',1653603834022947000
P,'a',1653603834094988000
R,'w',1653603834111021000
R,'a',1653603834279546000
P,'s',1653603834479591000
R,'s',1653603834591696000
P,Key.space,1653603834655596000
R,Key.space,1653603834719587000
P,'a',1653603834791717000
R,'a',1653603834895711000
P,'w',1653603834983680000
R,'w',1653603835047744000
P,'f',1653603835207662000
P,'u',1653603835263579000
R,'f',1653603835279171000
R,'u',1653603835343653000
P,'l',1653603835503674000
P,Key.space,1653603835552228000
R,'l',1653603835583904000
R,Key.space,1653603835623613000
P,'t',1653603835751666000
P,'o',1653603835799596000
R,'t',1653603835807131000
R,'o',1653603835847796000
P,'o',1653603835911695000
R,'o',1653603835999656000
P,'.',1653603836183805000
R,'.',1653603836263702000
P,Key.space,1653603836303671000
R,Key.space,1653603836359487000
P,Key.shift,1653603837608005000
P,'H',1653603837840190000
R,'H',1653603837895881000
R,Key.shift,1653603837911838000
P,'e',1653603838047743000
P,'a',1653603838111949000
R,'e',1653603838112557000
R,'a',1653603838231841000
P,'r',1653603838311841000
P,'i',1653603838367862000
R,'r',1653603838368490000
R,'i',1653603838423751000
P,'n',1653603838511964000
P,'g',1653603838567859000
R,'n',1653603838623740000
R,'g',1653603838648009000
P,Key.space,1653603838648660000
R,Key.space,1653603838719725000
P,'a',1653603838799622000
P,'b',1653603838847820000
R,'a',1653603838903739000
R,'b',1653603838911799000
P,'o',1653603839079805000
R,'o',1653603839143778000
P,'u',1653603839239766000
P,'t',1653603839319871000
R,'u',1653603839320558000
R,'t',1653603839367908000
P,'t',1653603839511921000
R,'t',1653603839575754000
P,Key.space,1653603839735877000
R,Key.space,1653603839807754000
P,Key.backspace,1653603839863770000
R,Key.backspace,1653603839951831000
P,Key.backspace,1653603840055621000
R,Key.backspace,1653603840127896000
P,Key.space,1653603840183885000
R,Key.space,1653603840271727000
P,'t',1653603840351772000
R,'t',1653603840423809000
P,'h',1653603840431828000
R,'h',1653603840479879000
P,'i',1653603840591906000
P,'s',1653603840607264000
R,'i',1653603840671839000
R,'s',1653603840679823000
P,Key.space,1653603840703756000
R,Key.space,1653603840879673000
P,'f',1653603841023859000
R,'f',1653603841071849000
P,'o',1653603841095931000
P,'r',1653603841143853000
R,'o',1653603841176898000
R,'r',1653603841199801000
P,Key.space,1653603841247912000
R,Key.space,1653603841319793000
P,'d',1653603841503737000
R,'d',1653603841551939000
P,'a',1653603841615813000
R,'a',1653603841687827000
P,'y',1653603841703694000
R,'y',1653603841751856000
P,'s',1653603841783960000
P,Key.space,1653603841855828000
R,'s',1653603841887751000
R,Key.space,1653603841959705000
P,'o',1653603842047982000
R,'o',1653603842111828000
P,'n',1653603842256166000
P,Key.space,1653603842295797000
R,'n',1653603842319301000
R,Key.space,1653603842359912000
P,'i',1653603842471921000
R,'i',1653603842527849000
P,'n',1653603842607860000
R,'n',1653603842719850000
P,Key.backspace,1653603842959891000
R,Key.backspace,1653603843031919000
P,Key.backspace,1653603843095941000
R,Key.backspace,1653603843175784000
P,'e',1653603843215859000
R,'e',1653603843279944000
P,'n',1653603843343802000
R,'n',1653603843407847000
P,'d',1653603843439818000
R,'d',1653603843559823000
P,Key.space,1653603843575504000
R,Key.space,1653603843647807000
P,'w',1653603843871854000
P,'a',1653603843959932000
R,'w',1653603843975230000
R,'a',1653603844087765000
P,'s',1653603844111923000
R,'s',1653603844207869000
P,'n',1653603844711550000
R,'n',1653603844759908000
P,'t',1653603845191836000
R,'t',1653603845239694000
P,Key.backspace,1653603845463858000
R,Key.backspace,1653603845519885000
P,"""'""",1653603845735989000
P,'t',1653603845799849000
R,"""'""",1653603845823904000
R,'t',1653603845855918000
P,Key.space,1653603845911888000
R,Key.space,1653603845999904000
P,'f',1653603846415915000
R,'f',1653603846471982000
P,'u',1653603846472633000
R,'u',1653603846543824000
P,'n',1653603846647828000
P,Key.space,1653603846703980000
R,'n',1653603846735891000
R,Key.space,1653603846759812000
P,'f',1653603846839821000
R,'f',1653603846887498000
P,'o',1653603846903799000
R,'o',1653603846983882000
P,Key.space,1653603847063812000
R,Key.space,1653603847135606000
P,Key.backspace,1653603847335835000
P,'r',1653603847407074000
R,Key.backspace,1653603847431076000
R,'r',1653603847471195000
P,Key.space,1653603847503077000
R,Key.space,1653603847583122000
P,'m',1653603847839836000
R,'m',1653603847911884000
P,'e',1653603847919549000
R,'e',1653603847975763000
P,'.',1653603849919922000
R,'.',1653603850007244000
P,Key.ctrl,1653603870207362000
R,Key.ctrl,1653603871359192000
P,Key.ctrl,1653603872519098000
P,'c',1653603873134972000
P,Key.shift,1653604800970187000
P,'I',1653604802585853000
R,'I',1653604802729813000
R,Key.shift,1653604802777868000
P,Key.space,1653604802929809000
R,Key.space,1653604803001786000
P,'j',1653604803553913000
R,'j',1653604803609785000
P,'u',1653604803745664000
R,'u',1653604803801809000
P,'s',1653604803817822000
R,'s',1653604803905869000
P,'t',1653604804017822000
R,'t',1653604804073862000
P,Key.space,1653604804153831000
R,Key.space,1653604804225766000
P,'s',1653604804297767000
R,'s',1653604804393865000
P,'w',1653604804489798000
R,'w',1653604804681666000
P,Key.backspace,1653604804953764000
R,Key.backspace,1653604805065738000
P,'a',1653604805073532000
R,'a',1653604805177885000
P,'w',1653604805617659000
R,'w',1653604805657881000
P,Key.space,1653604805777788000
R,Key.space,1653604805833799000
P,'t',1653604807561757000
P,'h',1653604807609704000
R,'t',1653604807617169000
R,'h',1653604807681785000
P,'e',1653604807721875000
R,'e',1653604807785661000
P,Key.space,1653604807849752000
R,Key.space,1653604807929716000
P,Key.shift,1653604808025952000
P,'P',1653604808129628000
R,Key.shift,1653604808185845000
R,'p',1653604808201760000
P,'r',1653604808337776000
R,'r',1653604808377906000
P,'e',1653604808457840000
P,'s',1653604808513565000
R,'e',1653604808529748000
R,'s',1653604808649713000
P,'i',1653604808721614000
R,'i',1653604808785715000
P,'d',1653604808825766000
R,'d',1653604808850194000
P,'e',1653604808937840000
R,'e',1653604809025839000
P,'n',1653604809041740000
R,'n',1653604809105751000
P,'t',1653604809161775000
R,'t',1653604809225775000
P,"""'""",1653604809553859000
P,'s',1653604809593848000
R,'s',1653604809658018000
R,"""'""",1653604809658937000
P,Key.space,1653604809705809000
R,Key.space,1653604809785603000
P,'s',1653604809849732000
P,'p',1653604809937826000
R,'s',1653604809953192000
R,'p',1653604810025725000
P,'e',1653604810049722000
R,'e',1653604810113573000
P,'e',1653604810137821000
R,'e',1653604810209806000
P,'c',1653604810553832000
R,'c',1653604810649732000
P,Key.space,1653604810681556000
R,Key.space,1653604810769807000
P,Key.backspace,1653604811073732000
R,Key.backspace,1653604811145672000
P,'h',1653604811297733000
P,Key.space,1653604811361555000
R,'h',1653604811377565000
R,Key.space,1653604811433801000
P,'r',1653604811546243000
R,'r',1653604811601779000
P,'e',1653604811689741000
R,'e',1653604811737785000
P,'g',1653604811857554000
R,'g',1653604811905682000
P,'a',1653604812001782000
R,'a',1653604812073808000
P,'r',1653604812137623000
R,'r',1653604812185690000
P,'d',1653604812289778000
R,'d',1653604812353851000
P,'i',1653604812369714000
R,'i',1653604812425898000
P,'n',1653604812513601000
P,'g',1653604812577714000
R,'n',1653604812641758000
P,Key.space,1653604812665602000
R,'g',1653604812681260000
R,Key.space,1653604812769651000
P,'t',1653604813009676000
P,'h',1653604813041645000
R,'t',1653604813049205000
R,'h',1653604813097582000
P,'e',1653604813129711000
R,'e',1653604813185697000
P,Key.space,1653604813297502000
R,Key.space,1653604813361680000
P,Key.shift,1653604813473769000
P,'U',1653604813593789000
R,'U',1653604813641766000
R,Key.shift,1653604813657785000
P,'k',1653604813841778000
R,'k',1653604813921766000
P,'r',1653604814001553000
R,'r',1653604814040832000
P,'a',1653604814129752000
R,'a',1653604814209226000
P,'i',1653604814209756000
R,'i',1653604814257679000
P,'n',1653604814361677000
P,'e',1653604814393661000
R,'e',1653604814441786000
R,'n',1653604814457655000
P,Key.space,1653604814521093000
R,Key.space,1653604814593640000
P,'s',1653604814745761000
R,'s',1653604814825721000
P,'u',1653604814897535000
R,'u',1653604814945758000
P,Key.backspace,1653604815169701000
R,Key.backspace,1653604815240834000
P,'i',1653604815385115000
R,'i',1653604815465654000
P,'t',1653604815473682000
R,'t',1653604815529794000
P,'u',1653604815657858000
R,'u',1653604815721609000
P,'a',1653604815729666000
R,'a',1653604815793653000
P,'t',1653604815921746000
R,'t',1653604815977642000
P,'i',1653604815985084000
R,'i',1653604816041754000
P,'o',1653604816137696000
R,'o',1653604816209510000
P,'n',1653604816321637000
R,'n',1653604816393623000
P,Key.space,1653604816409597000
R,Key.space,1653604816481550000
P,Key.backspace,1653604816705664000
R,Key.backspace,1653604816785447000
P,'.',1653604817377576000
R,'.',1653604817433616000
P,Key.space,1653604817449576000
R,Key.space,1653604817513702000
P,Key.shift,1653604824913533000
P,'I',1653604825009334000
R,'I',1653604825081510000
R,Key.shift,1653604825088890000
P,'t',1653604825681494000
R,'t',1653604825721872000
P,Key.backspace,1653604826113513000
R,Key.backspace,1653604826177381000
P,Key.backspace,1653604826225601000
R,Key.backspace,1653604826321358000
P,Key.backspace,1653604826497435000
R,Key.backspace,1653604826569347000
P,Key.space,1653604826977401000
R,Key.space,1653604827041365000
P,Key.shift,1653604827153521000
P,'T',1653604827225352000
R,'T',1653604827281455000
R,Key.shift,1653604827297317000
P,'h',1653604827416755000
P,'e',1653604827472748000
R,'h',1653604827504776000
R,'e',1653604827529047000
P,Key.space,1653604827609438000
R,Key.space,1653604827681162000
P,'w',1653604827841456000
R,'w',1653604827889322000
P,'h',1653604827905359000
R,'h',1653604827961315000
P,'o',1653604828121338000
R,'o',1653604828209238000
P,'l',1653604828377392000
R,'l',1653604828457406000
P,'e',1653604828489312000
R,'e',1653604828545333000
P,Key.space,1653604828633216000
R,Key.space,1653604828721398000
P,'s',1653604828729024000
R,'s',1653604828849272000
P,'t',1653604828969328000
R,'t',1653604829025444000
P,'a',1653604829137338000
R,'a',1653604829209305000
P,'t',1653604829305305000
R,'t',1653604829361172000
P,'e',1653604829369335000
R,'e',1653604829409321000
P,Key.space,1653604829505376000
R,Key.space,1653604829569262000
P,'o',1653604829633129000
P,'f',1653604829705392000
R,'o',1653604829729060000
P,Key.space,1653604829793349000
R,'f',1653604829800873000
R,Key.space,1653604829881380000
P,'a',1653604830593243000
R,'a',1653604830641298000
P,'f',1653604830817258000
R,'f',1653604830857205000
P,'f',1653604830921437000
R,'f',1653604830985261000
P,'a',1653604831321238000
R,'a',1653604831377129000
P,'i',1653604832009241000
P,'r',1653604832089127000
R,'i',1653604832096683000
R,'r',1653604832145303000
P,'s',1653604832201244000
R,'s',1653604832289294000
P,Key.space,1653604832321256000
R,Key.space,1653604832385148000
P,'h',1653604832449265000
R,'h',1653604832497407000
P,'a',1653604832505285000
R,'a',1653604832585215000
P,'s',1653604832801219000
R,'s',1653604832833051000
P,Key.space,1653604832913241000
R,Key.space,1653604832969177000
P,'b',1653604833545260000
R,'b',1653604833617043000
P,'e',1653604833681323000
R,'e',1653604833721286000
P,'e',1653604833785202000
R,'e',1653604833857145000
P,'n',1653604833905256000
R,'n',1653604833993280000
P,Key.space,1653604834009685000
R,Key.space,1653604834065210000
P,'c',1653604834153171000
R,'c',1653604834225183000
P,'r',1653604834345277000
R,'r',1653604834401174000
P,'a',1653604834465281000
R,'a',1653604834569071000
P,'y',1653604834729255000
R,'y',1653604834809132000
P,Key.backspace,1653604835065147000
R,Key.backspace,1653604835129111000
P,'z',1653604835177119000
R,'z',1653604835249292000
P,'y',1653604835321212000
R,'y',1653604835400963000
P,Key.space,1653604835409123000
R,Key.space,1653604835472944000
P,'r',1653604835601002000
R,'r',1653604835656463000
P,'e',1653604835744457000
R,'e',1653604835784512000
P,'c',1653604835904484000
R,'c',1653604835969116000
P,'e',1653604836057087000
R,'e',1653604836120657000
P,'n',1653604836153074000
R,'n',1653604836225109000
P,'t',1653604836281200000
R,'t',1653604836337179000
P,'l',1653604836369103000
R,'l',1653604836457164000
P,'y',1653604836473109000
R,'y',1653604836529207000
P,'.',1653604836633235000
P,Key.space,1653604836713091000
R,'.',1653604836720530000
R,Key.space,1653604836769106000
P,Key.shift,1653604837225181000
P,'P',1653604837304562000
R,Key.shift,1653604837369133000
R,'p',1653604837377108000
P,'u',1653604837513133000
R,'u',1653604837577048000
P,'t',1653604837609068000
R,'t',1653604837657068000
P,'i',1653604837720927000
R,'i',1653604837793117000
P,'n',1653604837873027000
P,Key.space,1653604837953053000
R,'n',1653604837985075000
R,Key.space,1653604838016910000
P,'g',1653604838345143000
R,'g',1653604838392964000
P,'o',1653604838457033000
R,'o',1653604838521013000
P,'i',1653604838625103000
R,'i',1653604838681038000
P,'n',1653604838793030000
P,'g',1653604838841087000
R,'n',1653604838881125000
R,'g',1653604838905014000
P,Key.space,1653604838929059000
R,Key.space,1653604839016827000
P,'m',1653604839193090000
R,'m',1653604839265126000
P,'a',1653604839305002000
R,'a',1653604839385010000
P,'d',1653604839545030000
R,'d',1653604839641010000
P,Key.space,1653604839761041000
R,Key.space,1653604839936968000
P,'w',1653604840809118000
R,'w',1653604840873049000
P,'i',1653604840897030000
R,'i',1653604840952969000
P,'t',1653604841000869000
R,'t',1653604841065048000
P,'h',1653604841072707000
R,'h',1653604841136960000
P,Key.space,1653604841144957000
R,Key.space,1653604841233492000
P,'p',1653604841345055000
R,'p',1653604841400808000
P,'o',1653604841497051000
R,'o',1653604841576950000
P,'w',1653604841936924000
R,'w',1653604841984945000
P,'e',1653604842096936000
R,'e',1653604842144938000
P,'r',1653604842264951000
R,'r',1653604842392895000
P,Key.space,1653604842441096000
R,Key.space,1653604842520867000
P,'a',1653604842664763000
P,'n',1653604842721007000
R,'a',1653604842744695000
R,'n',1653604842856927000
P,'d',1653604842896969000
R,'d',1653604842968776000
P,Key.space,1653604843752997000
R,Key.space,1653604843840913000
P,'t',1653604843960790000
P,'h',1653604844016775000
R,'t',1653604844017315000
R,'h',1653604844072970000
P,'r',1653604844160811000
R,'r',1653604844216845000
P,'o',1653604844272895000
R,'o',1653604844360888000
P,'w',1653604844392880000
R,'w',1653604844472863000
P,'i',1653604844480730000
R,'i',1653604844552877000
P,'n',1653604844680929000
P,'g',1653604844768867000
R,'n',1653604844784573000
R,'g',1653604844840930000
P,Key.space,1653604844848874000
R,Key.space,1653604844952795000
P,'h',1653604845184688000
R,'h',1653604845248908000
P,Key.backspace,1653604845632881000
R,Key.backspace,1653604845728757000
P,Key.shift,1653604845744605000
P,'R',1653604845968668000
R,'R',1653604846000431000
R,Key.shift,1653604846048694000
P,'u',1653604846256390000
R,'u',1653604846368623000
P,'s',1653604846432883000
R,'s',1653604846496875000
P,'s',1653604846560755000
R,'s',1653604846640845000
P,'i',1653604846688785000
R,'i',1653604846752616000
P,'a',1653604846768752000
R,'a',1653604846840805000
P,"""'""",1653604847032882000
P,'s',1653604847120695000
R,"""'""",1653604847128302000
R,'s',1653604847168778000
P,Key.space,1653604847232662000
R,Key.space,1653604847312707000
P,'w',1653604847496973000
R,'w',1653604847552798000
P,'e',1653604847688781000
R,'e',1653604847752736000
P,'i',1653604847792838000
R,'i',1653604847856818000
P,'g',1653604847936751000
R,'g',1653604847984631000
P,'h',1653604848000746000
R,'h',1653604848064813000
P,'t',1653604848072443000
R,'t',1653604848136739000
P,Key.space,1653604848184539000
R,Key.space,1653604848280800000
P,'a',1653604848376815000
R,'a',1653604848472634000
P,'r',1653604848584819000
R,'r',1653604848648647000
P,'o',1653604848689211000
R,'o',1653604848744784000
P,'u',1653604848840742000
R,'u',1653604848888643000
P,'n',1653604849008725000
P,'d',1653604849080724000
R,'n',1653604849104145000
R,'d',1653604849128584000
P,Key.space,1653604849184651000
R,Key.space,1653604849248485000
P,'h',1653604849256705000
R,'h',1653604849320713000
P,'a',1653604849336524000
R,'a',1653604849472691000
P,'s',1653604849488522000
R,'s',1653604849576776000
P,Key.space,1653604849584168000
R,Key.space,1653604849656628000
P,'b',1653604849752687000
R,'b',1653604849800744000
P,'e',1653604849840721000
R,'e',1653604849896758000
P,'e',1653604849960533000
R,'e',1653604850000681000
P,'n',1653604850128545000
P,Key.space,1653604850192856000
R,'n',1653604850200170000
R,Key.space,1653604850232798000
P,'a',1653604852192688000
R,'a',1653604852272610000
P,'p',1653604852296714000
R,'p',1653604852352493000
P,'p',1653604852424701000
R,'p',1653604852496668000
P,'a',1653604852576676000
R,'a',1653604852640686000
P,'l',1653604852656603000
R,'l',1653604852712398000
P,'i',1653604852824680000
R,'i',1653604852872461000
P,'n',1653604852992460000
P,'g',1653604853088619000
R,'n',1653604853096068000
R,'g',1653604853152417000
P,Key.space,1653604853160543000
R,Key.space,1653604853256536000
P,'t',1653604853280676000
P,'o',1653604853328767000
R,'t',1653604853336047000
P,Key.space,1653604853408690000
R,'o',1653604853416008000
R,Key.space,1653604853480425000
P,'s',1653604853616568000
R,'s',1653604853688552000
P,'e',1653604853808545000
R,'e',1653604853944662000
P,'e',1653604854152395000
R,'e',1653604854232628000
P,Key.backspace,1653604856632498000
R,Key.backspace,1653604856736275000
P,'e',1653604857856448000
R,'e',1653604857904430000
P,Key.backspace,1653604859912214000
R,Key.backspace,1653604860072343000
P,';',1653604862224220000
R,';',1653604862288295000
P,Key.backspace,1653604862560267000
R,Key.backspace,1653604862672303000
P,'l',1653604862872276000
R,'l',1653604862944336000
P,Key.up,1653604865863944000
R,Key.up,1653604865960119000
P,Key.up,1653604866104143000
R,Key.up,1653604866168165000
P,Key.backspace,1653604867680183000
R,Key.backspace,1653604867816141000
P,'s',1653604871527933000
P,'h',1653604871599984000
R,'s',1653604871615842000
R,'h',1653604871655989000
P,'o',1653604871816057000
R,'o',1653604871888355000
P,'c',1653604871951980000
R,'c',1653604871999897000
P,'k',1653604872039813000
R,'k',1653604872135831000
P,'i',1653604872247820000
R,'i',1653604872304040000
P,'n',1653604872416059000
P,'g',1653604872479965000
R,'g',1653604872536353000
R,'n',1653604872537046000
P,'.',1653604880295845000
R,'.',1653604880375681000
P,Key.space,1653604880431786000
R,Key.space,1653604880479277000
P,Key.shift,1653604887087824000
P,'I',1653604888695494000
R,Key.shift,1653604888775471000
R,'i',1653604888807384000
P,Key.space,1653604888919334000
R,Key.space,1653604888991066000
P,'t',1653604889151415000
R,'t',1653604889199409000
P,'r',1653604889303393000
R,'r',1653604889375404000
P,'u',1653604889399411000
R,'u',1653604889463471000
P,'l',1653604889639478000
R,'l',1653604889727375000
P,'y',1653604889983400000
R,'y',1653604890023346000
P,Key.space,1653604890111325000
R,Key.space,1653604890183349000
P,'f',1653604890319371000
R,'f',1653604890383317000
P,'e',1653604890679376000
R,'e',1653604890711101000
P,'e',1653604890911384000
R,'e',1653604890999335000
P,'l',1653604891103383000
P,Key.space,1653604891199390000
R,'l',1653604891207076000
R,Key.space,1653604891247394000
P,'f',1653604892247164000
R,'f',1653604892287378000
P,'o',1653604892351412000
P,'r',1653604892391235000
R,'o',1653604892407287000
R,'r',1653604892447331000
P,Key.space,1653604892535227000
R,Key.space,1653604892607288000
P,'t',1653604892719357000
R,'t',1653604892791134000
P,'h',1653604892847369000
P,'e',1653604892903528000
R,'h',1653604892904091000
R,'e',1653604892967277000
P,Key.space,1653604893039271000
R,Key.space,1653604893119308000
P,Key.shift,1653604893519419000
P,'U',1653604893607069000
R,'U',1653604893663343000
R,Key.shift,1653604893743300000
P,Key.backspace,1653604894495481000
R,Key.backspace,1653604894583261000
P,'p',1653604894783099000
R,'p',1653604894847297000
P,'e',1653604894895246000
R,'e',1653604894943199000
P,'o',1653604895327211000
R,'o',1653604895391004000
P,'p',1653604895511070000
R,'p',1653604895583186000
P,'l',1653604895670531000
P,'e',1653604895758568000
R,'l',1653604895774632000
R,'e',1653604895806490000
P,Key.space,1653604895894498000
P,'i',1653604895942574000
R,Key.space,1653604895967103000
R,'i',1653604895991254000
P,'n',1653604896103621000
P,Key.space,1653604896183151000
R,'n',1653604896190616000
R,Key.space,1653604896231222000
P,Key.shift,1653604896351339000
P,'U',1653604896639354000
R,'U',1653604896687250000
R,Key.shift,1653604896743214000
P,'k',1653604896863226000
R,'k',1653604896927135000
P,'r',1653604897039058000
R,'r',1653604897095147000
P,'a',1653604897215212000
R,'a',1653604897287190000
P,'i',1653604897303179000
R,'i',1653604897351139000
P,'n',1653604897463136000
P,'e',1653604897511147000
R,'n',1653604897535157000
R,'e',1653604897558814000
P,'.',1653604897735137000
P,Key.space,1653604897782970000
R,'.',1653604897806975000
R,Key.space,1653604897863191000
P,Key.shift,1653604897951207000
R,Key.shift,1653604898143180000
P,Key.shift,1653604898439198000
P,'I',1653604898583184000
R,Key.shift,1653604898647357000
R,'i',1653604898654853000
P,Key.space,1653604898758917000
R,Key.space,1653604898847122000
P,'c',1653604898967130000
R,'c',1653604899023200000
P,'a',1653604899111085000
R,'a',1653604899183139000
P,'n',1653604899199077000
R,'n',1653604899247073000
P,';',1653604899495073000
R,';',1653604899559047000
P,'t',1653604899615020000
R,'t',1653604899671045000
P,Key.space,1653604899767111000
R,Key.space,1653604899839010000
P,Key.backspace,1653604899983014000
R,Key.backspace,1653604900055024000
P,Key.backspace,1653604900135014000
R,Key.backspace,1653604900342994000
P,Key.backspace,1653604900431111000
R,Key.backspace,1653604900494974000
P,'t',1653604900759001000
R,'t',1653604900814906000
P,Key.backspace,1653604901046933000
R,Key.backspace,1653604901118951000
P,'t',1653604901319093000
R,'t',1653604901374828000
P,Key.space,1653604901455051000
R,Key.space,1653604901534992000
P,Key.backspace,1653604901966966000
R,Key.backspace,1653604902022854000
P,Key.backspace,1653604902087056000
R,Key.backspace,1653604902167008000
P,"""'""",1653604902391155000
R,"""'""",1653604902471069000
P,'t',1653604902526954000
R,'t',1653604902583025000
P,Key.space,1653604902623002000
R,Key.space,1653604902718785000
P,'i',1653604902862969000
R,'i',1653604902926950000
P,'m',1653604903062950000
P,'a',1653604903134955000
R,'m',1653604903150502000
R,'a',1653604903223139000
P,'g',1653604903374796000
R,'g',1653604903423097000
P,'i',1653604903454969000
R,'i',1653604903486899000
P,'n',1653604903591024000
R,'n',1653604903694888000
P,'e',1653604903710872000
R,'e',1653604903759217000
P,Key.space,1653604903846914000
R,Key.space,1653604903926882000
P,'h',1653604903990958000
R,'h',1653604904039012000
P,'o',1653604904167132000
P,'w',1653604904247163000
R,'o',1653604904254357000
R,'w',1653604904294941000
P,Key.space,1653604904406878000
R,Key.space,1653604904454935000
P,'i',1653604904462922000
R,'i',1653604904518974000
P,'t',1653604904542752000
R,'t',1653604904598899000
P,Key.space,1653604904638933000
R,Key.space,1653604904718928000
P,'m',1653604904726628000
R,'m',1653604904790966000
P,'u',1653604904894902000
R,'u',1653604904966887000
P,'s',1653604905134880000
R,'s',1653604905222230000
P,'t',1653604905294251000
R,'t',1653604905342222000
P,Key.space,1653604905422802000
R,Key.space,1653604905510849000
P,'f',1653604905734865000
R,'f',1653604905798860000
P,'e',1653604905918933000
R,'e',1653604906094838000
P,'e',1653604906286796000
R,'e',1653604906342674000
P,'l',1653604906390848000
P,Key.space,1653604906478832000
R,'l',1653604906511493000
R,Key.space,1653604906534883000
P,'t',1653604906614915000
P,'o',1653604906654820000
R,'t',1653604906694891000
R,'o',1653604906742658000
P,'b',1653604907134770000
R,'b',1653604907207099000
P,Key.backspace,1653604907446781000
R,Key.backspace,1653604907526605000
P,Key.space,1653604907582574000
R,Key.space,1653604907654903000
P,'b',1653604907726616000
P,'e',1653604907790865000
R,'b',1653604907798190000
R,'e',1653604907846719000
P,Key.space,1653604907910747000
R,Key.space,1653604907990804000
P,'u',1653604908134745000
R,'u',1653604908198973000
P,'p',1653604908342850000
R,'p',1653604908414770000
P,'r',1653604908446785000
R,'r',1653604908494772000
P,'o',1653604908526646000
R,'o',1653604908606742000
P,'t',1653604908854740000
R,'t',1653604908878695000
P,Key.backspace,1653604909094726000
R,Key.backspace,1653604909158546000
P,'o',1653604909374788000
R,'o',1653604909462729000
P,'t',1653604909470655000
R,'t',1653604909518570000
P,'e',1653604909638809000
R,'e',1653604909718116000
P,'d',1653604909822723000
R,'d',1653604909918720000
P,Key.space,1653604909998793000
R,Key.space,1653604910046637000
P,'f',1653604911038660000
R,'f',1653604911086702000
P,'r',1653604911182677000
R,'r',1653604911238749000
P,'o',1653604911262554000
R,'o',1653604911286608000
P,'m',1653604911415204000
P,Key.space,1653604911478637000
R,'m',1653604911526566000
R,Key.space,1653604911534228000
P,'y',1653604911646622000
R,'y',1653604911710648000
P,'o',1653604911726509000
R,'o',1653604911774805000
P,'u',1653604911870758000
R,'u',1653604911942742000
P,'r',1653604911958624000
R,'r',1653604912006652000
P,Key.space,1653604912078636000
R,Key.space,1653604912142546000
P,'l',1653604912182720000
R,'l',1653604912294652000
P,'i',1653604913006592000
P,'f',1653604913078640000
R,'f',1653604913110450000
R,'i',1653604913118289000
P,'e',1653604913206599000
R,'e',1653604913254602000
P,Key.space,1653604913334580000
R,Key.space,1653604913398565000
P,'b',1653604913526423000
P,'e',1653604913574587000
R,'b',1653604913582021000
R,'e',1653604913638675000
P,'c',1653604913774600000
R,'c',1653604913822626000
P,'a',1653604913902661000
R,'a',1653604913982458000
P,'u',1653604913983039000
P,'s',1653604914038684000
R,'u',1653604914054213000
R,'s',1653604914174636000
P,'e',1653604914182315000
R,'e',1653604914246575000
P,Key.space,1653604914318551000
R,Key.space,1653604914390562000
P,'o',1653604914398576000
P,'f',1653604914470468000
R,'o',1653604914510482000
R,'f',1653604914558564000
P,Key.space,1653604914566552000
R,Key.space,1653604914630534000
P,'o',1653604914734436000
R,'o',1653604914790333000
P,'n',1653604914886554000
P,'e',1653604914958250000
R,'n',1653604914990598000
R,'e',1653604915006357000
P,Key.space,1653604915270483000
R,Key.space,1653604915334509000
P,'m',1653604915631606000
R,'m',1653604915694548000
P,'a',1653604915734580000
R,'a',1653604915822534000
P,'d',1653604915942621000
R,'d',1653604916006476000
P,'m',1653604916054477000
P,'a',1653604916118743000
R,'m',1653604916119360000
P,'n',1653604916206591000
R,'a',1653604916222492000
R,'n',1653604916278474000
P,'.',1653604916494380000
P,Key.space,1653604916574599000
R,'.',1653604916575363000
R,Key.space,1653604916630423000
P,Key.shift,1653604917030545000
P,'I',1653604917126539000
R,'I',1653604917198400000
R,Key.shift,1653604917206335000
P,'t',1653604917390582000
R,'t',1653604917446253000
P,"""'""",1653604918206555000
R,"""'""",1653604918294389000
P,'s',1653604918302168000
R,'s',1653604918342568000
P,Key.space,1653604918422487000
R,Key.space,1653604918478616000
P,Key.shift,1653604918902563000
P,'#',1653604919302399000
R,'#',1653604919382392000
R,Key.shift,1653604919430472000
P,'c',1653604922606298000
R,'c',1653604922653976000
P,'r',1653604922830301000
R,'r',1653604922878155000
P,'a',1653604922974015000
R,'a',1653604923038254000
P,'z',1653604923189667000
R,'z',1653604923246298000
P,'y',1653604923262122000
R,'y',1653604923366249000
P,'a',1653604924430209000
R,'a',1653604924510311000
P,'f',1653604924661605000
R,'f',1653604924742281000
P,Key.space,1653604929166059000
R,Key.space,1653604929222045000
P,'i',1653604929374072000
R,'i',1653604929446049000
P,'f',1653604929742113000
R,'f',1653604929790121000
P,Key.space,1653604929854122000
R,Key.space,1653604929942093000
P,Key.shift,1653604930061960000
P,'I',1653604930142126000
R,'I',1653604930206033000
R,Key.shift,1653604930222085000
P,"""'""",1653604930478111000
R,"""'""",1653604930509937000
P,'m',1653604931054033000
R,'m',1653604931125942000
P,Key.space,1653604931134012000
R,Key.space,1653604931197976000
P,'b',1653604931414014000
R,'b',1653604931453862000
P,'e',1653604931581991000
R,'e',1653604931629993000
P,'i',1653604931661868000
R,'i',1653604931709982000
P,'n',1653604931805997000
P,'g',1653604931869988000
R,'n',1653604931918055000
R,'g',1653604931942042000
P,Key.space,1653604931949693000
R,Key.space,1653604932038937000
P,'h',1653604932078092000
R,'h',1653604932133975000
P,'o',1653604932669825000
R,'o',1653604932741935000
P,'n',1653604932846082000
P,'e',1653604932933959000
R,'n',1653604932949305000
R,'e',1653604933086017000
P,'s',1653604933381965000
R,'s',1653604933478087000
P,'t',1653604933581948000
R,'t',1653604933629756000
P,'.',1653604934605860000
R,'.',1653604934693761000
P,Key.ctrl,1653604946821604000
P,'c',1653604947613389000
