EID ,key ,direction ,time
0,'t',1,1653603185388376000
1,'w',0,1653603185820241000
2,'w',1,1653603185924179000
3,'i',0,1653603185972186000
4,'i',1,1653603186140234000
5,'t',0,1653603186228059000
6,'t',1,1653603186300184000
7,'t',0,1653603186404188000
8,'t',1,1653603186484159000
9,Key.enter,0,1653603186852125000
10,Key.enter,1,1653603186995614000
11,'f',0,1653603195282896000
12,'f',1,1653603195386887000
13,'p',0,1653603195563498000
14,'p',1,1653603195675471000
15,'d',0,1653603195683545000
16,'d',1,1653603195795475000
17,'1',0,1653603196235410000
18,'1',1,1653603196307384000
19,'s',0,1653603196723425000
20,'s',1,1653603196795512000
21,'o',0,1653603196827387000
22,'o',1,1653603196899511000
23,'c',0,1653603196979437000
24,'c',1,1653603197051305000
25,'i',0,1653603197083454000
26,'i',1,1653603197139352000
27,'a',0,1653603197211451000
28,'a',1,1653603197299549000
29,'l',0,1653603197331523000
30,'l',1,1653603197411326000
31,Key.shift,0,1653603197683460000
32,'@',0,1653603197827426000
33,'@',1,1653603197923290000
34,Key.shift,1,1653603197971551000
35,'g',0,1653603198739402000
36,'g',1,1653603198787280000
37,'m',0,1653603198827308000
38,'m',1,1653603198899219000
39,'a',0,1653603198979333000
40,'i',0,1653603199067478000
41,'a',1,1653603199074794000
42,'i',1,1653603199139418000
43,'l',0,1653603199331447000
44,'l',1,1653603199387384000
45,'.',0,1653603199547390000
46,'.',1,1653603199618897000
47,'c',0,1653603199691353000
48,'c',1,1653603199755084000
49,'o',0,1653603199803300000
50,'o',1,1653603199867314000
51,'m',0,1653603200027358000
52,'m',1,1653603200091371000
53,Key.enter,0,1653603200907250000
54,Key.enter,1,1653603200995170000
55,Key.shift,0,1653603202723063000
56,Key.shift,1,1653603203043246000
57,Key.shift,0,1653603204115205000
58,Key.shift,1,1653603204603069000
59,Key.shift,0,1653603228073586000
60,'C',0,1653603231977531000
61,'C',1,1653603232161331000
62,Key.shift,1,1653603232289494000
63,'o',0,1653603233329413000
64,'o',1,1653603233441225000
65,'a',0,1653603233601407000
66,'a',1,1653603233674621000
67,'c',0,1653603233833128000
68,'c',1,1653603233897269000
69,'h',0,1653603233913069000
70,'h',1,1653603234009266000
71,Key.space,0,1653603234041167000
72,Key.space,1,1653603234144756000
73,Key.shift,0,1653603234321124000
74,'C',0,1653603234641270000
75,'C',1,1653603234769265000
76,Key.shift,1,1653603234785245000
77,'a',0,1653603234977234000
78,'a',1,1653603235113227000
79,'r',0,1653603235273682000
80,'r',1,1653603235353218000
81,'t',0,1653603235481145000
82,'t',1,1653603235529039000
83,'e',0,1653603235673144000
84,'e',1,1653603235729252000
85,'r',0,1653603235801130000
86,'r',1,1653603235873026000
87,Key.space,0,1653603235977171000
88,Key.space,1,1653603236041150000
89,'i',0,1653603270455104000
90,'i',1,1653603270551248000
91,'s',0,1653603270551951000
92,'s',1,1653603270592594000
93,Key.space,0,1653603270678962000
94,Key.space,1,1653603270758989000
95,'a',0,1653603270863025000
96,'a',1,1653603270950979000
97,Key.space,0,1653603271031051000
98,Key.space,1,1653603271110826000
99,'r',0,1653603271327050000
100,'r',1,1653603271391125000
101,'e',0,1653603271735077000
102,'e',1,1653603271822917000
103,'a',0,1653603271918965000
104,'a',1,1653603272063009000
105,Key.backspace,0,1653603272239013000
106,Key.backspace,1,1653603272302844000
107,Key.backspace,0,1653603272534890000
108,Key.backspace,1,1653603272598952000
109,Key.backspace,0,1653603272679013000
110,Key.backspace,1,1653603272742755000
111,'t',0,1653603273654865000
112,'t',1,1653603273689361000
113,'r',0,1653603273814830000
114,'r',1,1653603273878829000
115,'u',0,1653603274422742000
116,'u',1,1653603274486929000
117,'l',0,1653603274638884000
118,'y',0,1653603274734872000
119,'l',1,1653603274742269000
120,'y',1,1653603274790807000
121,Key.space,0,1653603274878828000
122,Key.space,1,1653603274958757000
123,'i',0,1653603275294823000
124,'i',1,1653603275358820000
125,'n',0,1653603275462753000
126,'n',1,1653603275526620000
127,'s',0,1653603275542717000
128,'s',1,1653603275606698000
129,'p',0,1653603275686243000
130,'p',1,1653603275726339000
131,'i',0,1653603276174733000
132,'i',1,1653603276246682000
133,'r',0,1653603276294641000
134,'r',1,1653603276341999000
135,'i',0,1653603276358395000
136,'i',1,1653603276414261000
137,'n',0,1653603276494719000
138,'g',0,1653603276558808000
139,'n',1,1653603276606308000
140,'g',1,1653603276646357000
141,Key.space,0,1653603276647048000
142,Key.space,1,1653603276750496000
143,'f',0,1653603276910500000
144,'f',1,1653603276990737000
145,'i',0,1653603277006508000
146,'i',1,1653603277062609000
147,'l',0,1653603277222547000
148,'l',1,1653603277286587000
149,'m',0,1653603277438604000
150,'m',1,1653603277486696000
151,'.',0,1653603277710432000
152,'.',1,1653603277774761000
153,Key.space,0,1653603277798465000
154,Key.space,1,1653603277862527000
155,Key.shift,0,1653603278022735000
156,'I',0,1653603278126709000
157,Key.shift,1,1653603278222712000
158,'i',1,1653603278246520000
159,'t',0,1653603278358647000
160,'t',1,1653603278422976000
161,';',0,1653603278734373000
162,'s',0,1653603278798404000
163,';',1,1653603278830405000
164,'s',1,1653603278870584000
165,Key.backspace,0,1653603279094448000
166,Key.backspace,1,1653603279158457000
167,Key.backspace,0,1653603279230482000
168,Key.backspace,1,1653603279293887000
169," ""' """,0,1653603279462087000
170,'s',0,1653603279518655000
171," ""' """,1,1653603279541859000
172,'s',1,1653603279574626000
173,Key.space,0,1653603279622448000
174,Key.space,1,1653603279694467000
175,'a',0,1653603279742050000
176,'a',1,1653603279822389000
177,Key.space,0,1653603279910440000
178,Key.space,1,1653603279982527000
179,Key.shift,0,1653603280406516000
180,'#',0,1653603281126356000
181,'#',1,1653603281192150000
182,Key.shift,1,1653603281246485000
183,'c',0,1653603281790513000
184,'i',0,1653603281837799000
185,'c',1,1653603281845710000
186,'i',1,1653603281894270000
187,'n',0,1653603282022220000
188,'n',1,1653603282086285000
189,'e',0,1653603282118440000
190,'e',1,1653603282182121000
191,'m',0,1653603282278190000
192,'m',1,1653603282358533000
193,'c',0,1653603282447756000
194,'c',1,1653603282486231000
195,Key.backspace,0,1653603282765765000
196,Key.backspace,1,1653603282870170000
197,'a',0,1653603282886215000
198,'a',1,1653603282982396000
199,'t',0,1653603283334247000
200,'t',1,1653603283376524000
201,'i',0,1653603284126433000
202,'c',0,1653603284206627000
203,'i',1,1653603284207374000
204,'c',1,1653603284254240000
205,Key.backspace,0,1653603288381971000
206,Key.backspace,1,1653603288509656000
207,Key.backspace,0,1653603289109679000
208,Key.backspace,1,1653603289198216000
209,Key.space,0,1653603291757655000
210,Key.space,1,1653603291821615000
211,'a',0,1653603291965831000
212,'n',0,1653603292077850000
213,'a',1,1653603292085249000
214,'n',1,1653603292157696000
215,'d',0,1653603292189699000
216,Key.space,0,1653603292301827000
217,'d',1,1653603292309181000
218,Key.space,1,1653603292389770000
219,Key.shift,0,1653603292717803000
220,'#',0,1653603292965707000
221,'#',1,1653603293037454000
222,Key.shift,1,1653603293077635000
223,'t',0,1653603293893746000
224,'t',1,1653603293934138000
225,'o',0,1653603293957723000
226,'o',1,1653603294021651000
227,'u',0,1653603294133731000
228,'u',1,1653603294197584000
229,'g',0,1653603294269624000
230,'h',0,1653603294317883000
231,'g',1,1653603294325013000
232,'h',1,1653603294397673000
233,Key.space,0,1653603297461380000
234,Key.space,1,1653603297525488000
235,Key.backspace,0,1653603297757460000
236,Key.backspace,1,1653603297869356000
237,Key.space,0,1653603298181354000
238,Key.space,1,1653603298229202000
239,Key.backspace,0,1653603298789393000
240,Key.backspace,1,1653603298877356000
241,'.',0,1653603299069942000
242,'.',1,1653603299125318000
243,Key.space,0,1653603299181289000
244,Key.space,1,1653603299244856000
245,Key.shift,0,1653603299485347000
246,'C',0,1653603300125325000
247,'C',1,1653603300197224000
248,Key.shift,1,1653603300245301000
249,'h',0,1653603300397331000
250,'h',1,1653603300453116000
251,'a',0,1653603300501258000
252,'a',1,1653603300589237000
253,'n',0,1653603300637567000
254,'n',1,1653603300813296000
255,'n',0,1653603301093220000
256,'n',1,1653603301213325000
257,'i',0,1653603301325198000
258,'i',1,1653603301389271000
259,'n',0,1653603301492777000
260,'g',0,1653603301557288000
261,'n',1,1653603301589305000
262,Key.space,0,1653603301590031000
263,'g',1,1653603301637176000
264,Key.space,1,1653603301733130000
265,Key.shift,0,1653603301869266000
266,'T',0,1653603301965253000
267,Key.shift,1,1653603301988952000
268,'t',1,1653603302037074000
269,'a',0,1653603302093207000
270,'t',0,1653603302149178000
271,'a',1,1653603302197112000
272,'t',1,1653603302221138000
273,'u',0,1653603302405212000
274,'u',1,1653603302469222000
275,'m',0,1653603302645117000
276,Key.space,0,1653603302701092000
277,'m',1,1653603302716434000
278,Key.space,1,1653603302789144000
279,'r',0,1653603303173114000
280,'r',1,1653603303228949000
281,'e',0,1653603303333078000
282,'a',0,1653603303436820000
283,'e',1,1653603303460631000
284,'a',1,1653603303581018000
285,'l',0,1653603303605051000
286,'l',1,1653603303669138000
287,'l',0,1653603303741089000
288,'y',0,1653603303797025000
289,'l',1,1653603303831138000
290,'y',1,1653603303844625000
291,Key.space,0,1653603303957131000
292,Key.space,1,1653603304004792000
293,'s',0,1653603304228888000
294,'s',1,1653603304316983000
295,'t',0,1653603304453038000
296,'t',1,1653603304492942000
297,'o',0,1653603304516987000
298,'o',1,1653603304564992000
299,'l',0,1653603304669082000
300,'e',0,1653603304741070000
301,'l',1,1653603304781009000
302,'e',1,1653603304805045000
303,Key.space,0,1653603304860944000
304,Key.space,1,1653603304932928000
305,Key.backspace,0,1653603319315657000
306,Key.backspace,1,1653603319339430000
307,Key.backspace,0,1653603319468087000
308,Key.backspace,1,1653603319516087000
309,Key.backspace,0,1653603319619981000
310,Key.backspace,1,1653603319660730000
311,Key.backspace,0,1653603319772143000
312,Key.backspace,1,1653603319803711000
313,Key.backspace,0,1653603319924145000
314,Key.backspace,1,1653603319979941000
315,Key.backspace,0,1653603320076199000
316,Key.backspace,1,1653603320123879000
317,'s',0,1653603331554776000
318,'s',1,1653603331643297000
319,'t',0,1653603331763444000
320,'t',1,1653603331827317000
321,'o',0,1653603331843427000
322,'o',1,1653603331907938000
323,'l',0,1653603332027356000
324,'e',0,1653603332115342000
325,'l',1,1653603332122858000
326,'e',1,1653603332171304000
327,Key.space,0,1653603332275065000
328,Key.space,1,1653603332339396000
329,'t',0,1653603332627319000
330,'t',1,1653603332675278000
331,'h',0,1653603332691179000
332,'h',1,1653603332755374000
333,'e',0,1653603332787430000
334,'e',1,1653603332835310000
335,Key.space,0,1653603332907381000
336,Key.space,1,1653603332971147000
337,'s',0,1653603333034776000
338,'s',1,1653603333123254000
339,'h',0,1653603333131230000
340,'h',1,1653603333187326000
341,'o',0,1653603333323096000
342,'o',1,1653603333403358000
343,'w',0,1653603333427281000
344,'w',1,1653603333458892000
345,Key.space,0,1653603333883332000
346,Key.space,1,1653603333931204000
347,'w',0,1653603353210174000
348,'w',1,1653603353282115000
349,'i',0,1653603353290082000
350,'i',1,1653603353346115000
351,'t',0,1653603353418025000
352,'t',1,1653603353490036000
353,'h',0,1653603353497934000
354,'h',1,1653603353546122000
355,Key.space,0,1653603353554163000
356,Key.space,1,1653603353649934000
357,'h',0,1653603353714030000
358,'h',1,1653603353770109000
359,'i',0,1653603353906133000
360,'s',0,1653603353937494000
361,'i',1,1653603353986066000
362,'s',1,1653603354010018000
363,Key.space,0,1653603354058044000
364,Key.space,1,1653603354105991000
365,'p',0,1653603354193351000
366,'p',1,1653603354274137000
367,'e',0,1653603354305944000
368,'e',1,1653603354369387000
369,'r',0,1653603354450073000
370,'r',1,1653603354505556000
371,'f',0,1653603354633869000
372,'f',1,1653603354681982000
373,'o',0,1653603354714054000
374,'r',0,1653603354785982000
375,'o',1,1653603354793408000
376,'r',1,1653603354842050000
377,'m',0,1653603354913938000
378,'a',0,1653603354969930000
379,'m',1,1653603354977419000
380,'a',1,1653603355041860000
381,'n',0,1653603355073830000
382,'n',1,1653603355145904000
383,'c',0,1653603355154000000
384,'c',1,1653603355210023000
385,'e',0,1653603355281945000
386,'e',1,1653603355345894000
387,'.',0,1653603355410029000
388,Key.space,0,1653603355473862000
389,'.',1,1653603355489186000
390,Key.space,1,1653603355537982000
391,Key.shift,0,1653603355770022000
392,'C',0,1653603356137905000
393,'C',1,1653603356177853000
394,Key.shift,1,1653603356201993000
395,'a',0,1653603356409984000
396,'a',1,1653603356498056000
397,'n',0,1653603356498705000
398,'n',1,1653603356577931000
399,Key.space,0,1653603356609574000
400,Key.space,1,1653603356657719000
401,'w',0,1653603356769939000
402,'w',1,1653603356825878000
403,'e',0,1653603356890367000
404,'e',1,1653603356969932000
405,Key.space,0,1653603357025883000
406,Key.space,1,1653603357121885000
407,'g',0,1653603357241813000
408,'g',1,1653603357297789000
409,'o',0,1653603357329832000
410,'o',1,1653603357393818000
411,Key.space,0,1653603357441873000
412,Key.space,1,1653603357521713000
413,'b',0,1653603357609888000
414,'b',1,1653603357665811000
415,'a',0,1653603357681814000
416,'a',1,1653603357753871000
417,'c',0,1653603357865797000
418,'c',1,1653603357937539000
419,'k',0,1653603357980121000
420,'k',1,1653603358041792000
421,Key.space,0,1653603358049558000
422,Key.space,1,1653603358097475000
423,'t',0,1653603358225648000
424,'o',0,1653603358281837000
425,'t',1,1653603358289260000
426,'o',1,1653603358369749000
427,Key.space,0,1653603358401652000
428,Key.space,1,1653603358473814000
429,'t',0,1653603358513764000
430,'h',0,1653603358561875000
431,'t',1,1653603358569287000
432,'h',1,1653603358625759000
433,'e',0,1653603358633762000
434,'e',1,1653603358697956000
435,Key.space,0,1653603358745788000
436,Key.space,1,1653603358825688000
437,'9',0,1653603359282126000
438,'9',1,1653603359345779000
439,'0',0,1653603359497691000
440,'0',1,1653603359577777000
441,'s',0,1653603359609680000
442,'s',1,1653603359689565000
443,Key.space,0,1653603360265629000
444,Key.space,1,1653603360329691000
445,'a',0,1653603360449611000
446,'l',0,1653603360497617000
447,'a',1,1653603360530826000
448,'l',1,1653603360577700000
449,'r',0,1653603360673435000
450,'r',1,1653603360729542000
451,'e',0,1653603360785706000
452,'a',0,1653603360841637000
453,'e',1,1653603360865034000
454,'a',1,1653603360977580000
455,'d',0,1653603361049575000
456,'d',1,1653603361121377000
457,'y',0,1653603361129625000
458,'y',1,1653603361193670000
459,Key.shift,0,1653603361264980000
460,'?',0,1653603361465669000
461,'?',1,1653603361553595000
462,Key.shift,1,1653603361617606000
463,Key.space,0,1653603361737604000
464,Key.space,1,1653603361793537000
465,Key.shift,0,1653603362169555000
466,'I',0,1653603362673578000
467,'I',1,1653603362745704000
468,Key.shift,1,1653603362761621000
469,Key.space,0,1653603362889462000
470,Key.space,1,1653603362937471000
471,'m',0,1653603362993554000
472,'m',1,1653603363073561000
473,Key.backspace,0,1653603363865485000
474,Key.backspace,1,1653603363937467000
475,'m',0,1653603364545435000
476,'m',1,1653603364625382000
477,'i',0,1653603364745486000
478,'i',1,1653603364825369000
479,'s',0,1653603364873454000
480,'s',1,1653603364929357000
481,'s',0,1653603365041253000
482,'s',1,1653603365113523000
483,Key.space,0,1653603365193415000
484,Key.space,1,1653603365273849000
485,'t',0,1653603365385359000
486,'h',0,1653603365433476000
487,'t',1,1653603365440622000
488,'h',1,1653603365497388000
489,'e',0,1653603365545414000
490,'e',1,1653603365609485000
491,Key.space,0,1653603365641260000
492,Key.space,1,1653603365721355000
493,'b',0,1653603365769393000
494,'b',1,1653603365849282000
495,'a',0,1653603365865304000
496,'a',1,1653603365953306000
497,'g',0,1653603366137416000
498,'g',1,1653603366201256000
499,'g',0,1653603366217295000
500,'g',1,1653603366305213000
501,'g',0,1653603366521415000
502,'g',1,1653603366577336000
503,Key.backspace,0,1653603366969191000
504,'y',0,1653603367081486000
505,Key.backspace,1,1653603367082229000
506,'y',1,1653603367138139000
507,Key.space,0,1653603367225158000
508,Key.space,1,1653603367305137000
509,'c',0,1653603367905046000
510,'c',1,1653603367969260000
511,'l',0,1653603367970057000
512,'l',1,1653603368017157000
513,'o',0,1653603368121266000
514,'o',1,1653603368177075000
515,'t',0,1653603368257248000
516,'t',1,1653603368305170000
517,'h',0,1653603368312653000
518,'h',1,1653603368377160000
519,'e',0,1653603368433143000
520,'s',0,1653603368513007000
521,'e',1,1653603368545027000
522,'s',1,1653603368665343000
523,Key.space,0,1653603368753018000
524,Key.space,1,1653603368841175000
525,'t',0,1653603368993122000
526,'t',1,1653603369049094000
527,'h',0,1653603369073040000
528,'h',1,1653603369129203000
529,'a',0,1653603369177113000
530,'a',1,1653603369257183000
531,'t',0,1653603369353111000
532,'t',1,1653603369433060000
533,Key.space,0,1653603369441088000
534,Key.space,1,1653603369544877000
535,'p',0,1653603369577181000
536,'p',1,1653603369648973000
537,'e',0,1653603369673179000
538,'e',1,1653603369737068000
539,'o',0,1653603369769189000
540,'o',1,1653603369833152000
541,'p',0,1653603369945075000
542,'p',1,1653603369993083000
543,'l',0,1653603370088439000
544,'e',0,1653603370169081000
545,'l',1,1653603370192890000
546,'e',1,1653603370217026000
547,Key.space,0,1653603370281005000
548,Key.space,1,1653603370345022000
549,'u',0,1653603370369037000
550,'s',0,1653603370441285000
551,'u',1,1653603370442054000
552,'s',1,1653603370528994000
553,'e',0,1653603370560803000
554,'e',1,1653603370737002000
555,'d',0,1653603370801031000
556,'d',1,1653603370952938000
557,Key.space,0,1653603370985032000
558,Key.space,1,1653603371065077000
559,'t',0,1653603371113107000
560,'o',0,1653603371177023000
561,'t',1,1653603371184401000
562,Key.space,0,1653603371233047000
563,'o',1,1653603371266572000
564,Key.space,1,1653603371305002000
565,'w',0,1653603371417384000
566,'w',1,1653603371544743000
567,'e',0,1653603371656795000
568,'e',1,1653603371784964000
569,'a',0,1653603371800946000
570,'a',1,1653603371913004000
571,'r',0,1653603372016660000
572,'r',1,1653603372088939000
573,Key.space,0,1653603372385004000
574,Key.space,1,1653603372448885000
575,'b',0,1653603372496901000
576,'b',1,1653603372576992000
577,'a',0,1653603372592904000
578,'a',1,1653603372680965000
579,'c',0,1653603372809013000
580,'k',0,1653603372856879000
581,'c',1,1653603372896195000
582,Key.space,0,1653603372912615000
583,'k',1,1653603372936173000
584,Key.space,1,1653603373008841000
585,'i',0,1653603373168935000
586,'i',1,1653603373208900000
587,'n',0,1653603373320953000
588,Key.space,0,1653603373400755000
589,'n',1,1653603373416126000
590,Key.space,1,1653603373464881000
591,'t',0,1653603373560823000
592,'h',0,1653603373592759000
593,'t',1,1653603373608158000
594,'h',1,1653603373632730000
595,'o',0,1653603373776862000
596,'s',0,1653603373808866000
597,'o',1,1653603373880579000
598,'s',1,1653603373896822000
599,'e',0,1653603373920780000
600,'e',1,1653603373992831000
601,Key.space,0,1653603374048163000
602,Key.space,1,1653603374144767000
603,'d',0,1653603374240897000
604,'d',1,1653603374296825000
605,'a',0,1653603374368650000
606,'y',0,1653603374416929000
607,'a',1,1653603374450048000
608,'y',1,1653603374480859000
609,'s',0,1653603374528881000
610,'s',1,1653603374624777000
611,'.',0,1653603374728796000
612,Key.space,0,1653603374776865000
613,'.',1,1653603374816630000
614,Key.space,1,1653603374832686000
615,Key.shift,0,1653603375608916000
616,'E',0,1653603375817322000
617,Key.shift,1,1653603375880866000
618,'e',1,1653603375888615000
619,'a',0,1653603375968634000
620,'a',1,1653603376048437000
621,'r',0,1653603376168630000
622,'r',1,1653603376216537000
623,'l',0,1653603376248547000
624,'l',1,1653603376328707000
625,'y',0,1653603376336293000
626,'y',1,1653603376392823000
627,Key.space,0,1653603376424643000
628,Key.space,1,1653603376536476000
629,'2',0,1653603376720371000
630,'2',1,1653603376808697000
631,'0',0,1653603376809456000
632,'0',1,1653603376864691000
633,'0',0,1653603376920663000
634,'0',1,1653603377008231000
635,'0',0,1653603377248620000
636,'0',1,1653603377328625000
637,'s',0,1653603377384744000
638,'s',1,1653603377472616000
639,Key.space,0,1653603377536503000
640,Key.space,1,1653603377616647000
641,'t',0,1653603378056155000
642,'t',1,1653603378112696000
643,'o',0,1653603378152565000
644,'o',1,1653603378216573000
645,'o',0,1653603378288744000
646,'o',1,1653603378385194000
647,Key.space,0,1653603378385590000
648,Key.space,1,1653603378440376000
649,'c',0,1653603378528557000
650,'c',1,1653603378592557000
651,'o',0,1653603378600285000
652,'o',1,1653603378648595000
653,'u',0,1653603378800513000
654,'u',1,1653603378880600000
655,'n',0,1653603379072610000
656,'n',1,1653603379160494000
657,'s',0,1653603379176514000
658,'s',1,1653603379256628000
659,Key.backspace,0,1653603379512351000
660,'t',0,1653603379576608000
661,'t',1,1653603379632592000
662,Key.backspace,1,1653603379633351000
663,'s',0,1653603379704581000
664,'s',1,1653603379800462000
665,Key.space,0,1653603379856432000
666,Key.space,1,1653603379912442000
667,'a',0,1653603382368381000
668,'a',1,1653603382448303000
669,'s',0,1653603382528277000
670,'s',1,1653603382672302000
671,Key.space,0,1653603382679976000
672,Key.space,1,1653603382768458000
673,'w',0,1653603382912313000
674,'w',1,1653603382976364000
675,'e',0,1653603383071988000
676,'e',1,1653603383136074000
677,'l',0,1653603383175950000
678,'l',1,1653603383231962000
679,'l',0,1653603383312398000
680,'l',1,1653603383416256000
681,'.',0,1653603384200297000
682,'.',1,1653603384272301000
683,Key.space,0,1653603384328002000
684,Key.space,1,1653603384384010000
685,Key.shift,0,1653603384976306000
686,'T',0,1653603386456084000
687,Key.shift,1,1653603386504152000
688,'t',1,1653603386552040000
689,'h',0,1653603386703983000
690,'h',1,1653603386768193000
691,'a',0,1653603386824032000
692,'a',1,1653603386904154000
693,'t',0,1653603386912071000
694,'t',1,1653603386960078000
695,';',0,1653603387224045000
696,';',1,1653603387320136000
697,'s',0,1653603387344105000
698,'s',1,1653603387407652000
699,Key.space,0,1653603387463396000
700,Key.space,1,1653603387535352000
701,Key.backspace,0,1653603387944052000
702,Key.backspace,1,1653603387975811000
703,Key.backspace,0,1653603388080052000
704,Key.backspace,1,1653603388143948000
705,Key.backspace,0,1653603388384066000
706,Key.backspace,1,1653603388455884000
707," ""' """,0,1653603388655954000
708,'s',0,1653603388712040000
709," ""' """,1,1653603388736633000
710,'s',1,1653603388799998000
711,Key.space,0,1653603388823899000
712,Key.space,1,1653603388904030000
713,'a',0,1653603388944006000
714,'a',1,1653603389048002000
715,'l',0,1653603389079979000
716,'l',1,1653603389135777000
717,'l',0,1653603389199802000
718,'l',1,1653603389287957000
719,Key.space,0,1653603389303601000
720,Key.space,1,1653603389375869000
721,'f',0,1653603389479919000
722,'o',0,1653603389559440000
723,'f',1,1653603389567196000
724,'o',1,1653603389615993000
725,'l',0,1653603389743417000
726,'l',1,1653603389807894000
727,'k',0,1653603389928226000
728,'k',1,1653603390023851000
729,'s',0,1653603390143828000
730,'s',1,1653603390223831000
731,'.',0,1653603391487107000
732,'.',1,1653603391567184000
733,Key.backspace,0,1653603392863694000
734,Key.backspace,1,1653603392951656000
735,Key.ctrl,0,1653603405239062000
736,'c',0,1653603405966942000
737,Key.shift,0,1653603884006660000
738,'J',0,1653603884358587000
739,'J',1,1653603884438514000
740,Key.shift,1,1653603884502454000
741,'u',0,1653603884590407000
742,'u',1,1653603884678305000
743,'s',0,1653603884702344000
744,'s',1,1653603884790478000
745,'t',0,1653603884878481000
746,'t',1,1653603884950394000
747,Key.space,0,1653603885014372000
748,Key.space,1,1653603885102421000
749,'s',0,1653603885214308000
750,'s',1,1653603885293674000
751,'a',0,1653603885389693000
752,'a',1,1653603885470476000
753,'w',0,1653603885502365000
754,'w',1,1653603885646454000
755,Key.space,0,1653603885734423000
756,Key.space,1,1653603885814302000
757,'t',0,1653603885878457000
758,'t',1,1653603885920338000
759,'h',0,1653603885934108000
760,'e',0,1653603886014343000
761,'h',1,1653603886037808000
762,Key.space,0,1653603886134311000
763,'e',1,1653603886141805000
764,Key.space,1,1653603886198209000
765,Key.shift,0,1653603886590422000
766,'#',0,1653603886950372000
767,'#',1,1653603887014244000
768,Key.shift,1,1653603887062304000
769,'o',0,1653603887510383000
770,'s',0,1653603887590141000
771,'o',1,1653603887598388000
772,'s',1,1653603887661913000
773,'c',0,1653603887750092000
774,'c',1,1653603887814204000
775,'a',0,1653603887902211000
776,'a',1,1653603887990174000
777,'r',0,1653603888085771000
778,'s',0,1653603888182354000
779,'r',1,1653603888197373000
780,'s',1,1653603888301804000
781,'s',0,1653603888774217000
782,'s',1,1653603888854159000
783,'a',0,1653603888950253000
784,'a',1,1653603889038256000
785,'p',0,1653603889206216000
786,'p',1,1653603889349687000
787,Key.backspace,0,1653603889717837000
788,Key.backspace,1,1653603889782171000
789,Key.backspace,0,1653603889862175000
790,Key.backspace,1,1653603889934034000
791,'l',0,1653603890150108000
792,'l',1,1653603890205465000
793,'a',0,1653603890390126000
794,'a',1,1653603890454690000
795,'p',0,1653603890494113000
796,'p',1,1653603890582625000
797,Key.backspace,0,1653603892093319000
798,Key.backspace,1,1653603892165937000
799,Key.backspace,0,1653603892261984000
800,Key.backspace,1,1653603892349816000
801,Key.backspace,0,1653603892957933000
802,Key.backspace,1,1653603893061914000
803,Key.backspace,0,1653603897717698000
804,Key.backspace,1,1653603897853758000
805,'s',0,1653603914508971000
806,'s',1,1653603914636611000
807,Key.backspace,0,1653603915148715000
808,Key.backspace,1,1653603915292832000
809,'2',0,1653603916676598000
810,'0',0,1653603916772741000
811,'2',1,1653603916780233000
812,'0',1,1653603916884227000
813,'2',0,1653603916900642000
814,'2',1,1653603916956131000
815,'2',0,1653603917012797000
816,'2',1,1653603917092740000
817,Key.space,0,1653603953978897000
818,Key.space,1,1653603954058528000
819,'s',0,1653603954338553000
820,'s',1,1653603954394181000
821,'l',0,1653603954434819000
822,'l',1,1653603954498613000
823,'a',0,1653603954530521000
824,'a',1,1653603954618518000
825,'p',0,1653603954626314000
826,'p',1,1653603954690519000
827,'.',0,1653603954882519000
828,'.',1,1653603954954597000
829,Key.space,0,1653603954962493000
830,Key.space,1,1653603955026555000
831,Key.shift,0,1653603955178788000
832,'M',0,1653603955274467000
833,'M',1,1653603955370380000
834,Key.shift,1,1653603955450645000
835,'a',0,1653603955834482000
836,'n',0,1653603955890554000
837,'a',1,1653603955914376000
838,'n',1,1653603955986543000
839,Key.space,0,1653603956042488000
840,Key.space,1,1653603956122411000
841,'i',0,1653603956394470000
842,'i',1,1653603956514508000
843,'s',0,1653603956522460000
844,'s',1,1653603956610494000
845,Key.space,0,1653603956650454000
846,Key.space,1,1653603956730524000
847,Key.shift,0,1653603956858664000
848,'W',0,1653603956954492000
849,'W',1,1653603957034488000
850,Key.shift,1,1653603957066445000
851,'i',0,1653603957098466000
852,'i',1,1653603957162353000
853,'l',0,1653603957314376000
854,'l',1,1653603957378466000
855,'l',0,1653603957450432000
856,Key.space,0,1653603957514439000
857,'l',1,1653603957529787000
858,Key.space,1,1653603957570287000
859,Key.shift,0,1653603957698529000
860,Key.shift,1,1653603958418345000
861,'i',0,1653603958618398000
862,'s',0,1653603958706368000
863,'i',1,1653603958738373000
864,'s',1,1653603958762209000
865,Key.space,0,1653603958818276000
866,Key.space,1,1653603958882357000
867,'s',0,1653603959346959000
868,'s',1,1653603959418150000
869,'u',0,1653603959434048000
870,'u',1,1653603959506362000
871,'c',0,1653603959626332000
872,'c',1,1653603959682359000
873,'k',0,1653603959730160000
874,'a',0,1653603959794264000
875,'k',1,1653603959809531000
876,'a',1,1653603959882142000
877,'.',0,1653603960410282000
878,'.',1,1653603960482055000
879,Key.space,0,1653603960490180000
880,Key.space,1,1653603960547435000
881,Key.shift,0,1653603960969562000
882,'I',0,1653603962202204000
883,'I',1,1653603962298165000
884,Key.shift,1,1653603962346161000
885,'t',0,1653603962506153000
886,'t',1,1653603962546115000
887," ""' """,0,1653603962762090000
888,'s',0,1653603962826295000
889," ""' """,1,1653603962841471000
890,'s',1,1653603962882068000
891,Key.space,0,1653603962930048000
892,Key.space,1,1653603962994115000
893,'s',0,1653603963042148000
894,'s',1,1653603963130021000
895,'a',0,1653603963202130000
896,'a',1,1653603963314008000
897,'g',0,1653603963458048000
898,'g',1,1653603963506525000
899,'e',0,1653603963602014000
900,'e',1,1653603963650122000
901,Key.space,0,1653603963706069000
902,Key.space,1,1653603963778109000
903,Key.backspace,0,1653603963978050000
904,Key.backspace,1,1653603964057955000
905,Key.backspace,0,1653603964105915000
906,Key.backspace,1,1653603964169971000
907,Key.backspace,0,1653603964259479000
908,Key.backspace,1,1653603964321960000
909,'f',0,1653603964602061000
910,'f',1,1653603964658038000
911,'e',0,1653603964754100000
912,'e',1,1653603964809951000
913,Key.space,0,1653603964866685000
914,Key.space,1,1653603964953999000
915,'t',0,1653603965001342000
916,'o',0,1653603965058157000
917,'t',1,1653603965058819000
918,Key.space,0,1653603965113932000
919,'o',1,1653603965146142000
920,Key.space,1,1653603965186038000
921,'s',0,1653603965226013000
922,'s',1,1653603965306023000
923,'a',0,1653603965378011000
924,'a',1,1653603965457934000
925,'y',0,1653603965537975000
926,'y',1,1653603965593922000
927,Key.space,0,1653603965617831000
928,Key.space,1,1653603965721690000
929,'a',0,1653603965929902000
930,'a',1,1653603966001932000
931,'t',0,1653603966105894000
932,'t',1,1653603966162119000
933,Key.space,0,1653603966257931000
934,Key.space,1,1653603966321834000
935,'t',0,1653603966377982000
936,'t',1,1653603966426037000
937,'h',0,1653603966441832000
938,'h',1,1653603966489858000
939,'i',0,1653603966609845000
940,'s',0,1653603966633912000
941,'i',1,1653603966681933000
942,'s',1,1653603966689591000
943,Key.space,0,1653603966753888000
944,Key.space,1,1653603966801766000
945,'p',0,1653603966881758000
946,'p',1,1653603966945648000
947,'o',0,1653603967049924000
948,'o',1,1653603967129835000
949,'i',0,1653603967217903000
950,'i',1,1653603967273902000
951,'n',0,1653603967369799000
952,'t',0,1653603967449884000
953,'n',1,1653603967482830000
954,'t',1,1653603967513843000
955,Key.space,0,1653603967561875000
956,Key.space,1,1653603967649837000
957,'h',0,1653603967705860000
958,'h',1,1653603967777860000
959,'e',0,1653603967825907000
960,'e',1,1653603967889864000
961,'s',0,1653603968145787000
962,'s',1,1653603968217824000
963,Key.backspace,0,1653603968441846000
964,Key.backspace,1,1653603968529666000
965," ""' """,0,1653603968705800000
966,'s',0,1653603968769714000
967," ""' """,1,1653603968785153000
968,'s',1,1653603968817605000
969,Key.space,0,1653603968881708000
970,Key.space,1,1653603968953690000
971,Key.shift,0,1653603969497953000
972,'W',0,1653603970049513000
973,'W',1,1653603970097662000
974,Key.shift,1,1653603970137754000
975,'i',0,1653603970233649000
976,'i',1,1653603970297537000
977,'l',0,1653603970537719000
978,'l',1,1653603970593569000
979,'l',0,1653603970666149000
980,'l',1,1653603970761596000
981,Key.space,0,1653603970769623000
982,Key.space,1,1653603970833573000
983,Key.shift,0,1653603970937695000
984,'P',0,1653603971009514000
985,Key.shift,1,1653603971089901000
986,'p',1,1653603971090526000
987,'i',0,1653603971241701000
988,'i',1,1653603971305710000
989,'n',0,1653603971425657000
990,'n',1,1653603971497576000
991,'k',0,1653603971593536000
992,'e',0,1653603971665636000
993,'k',1,1653603971673056000
994,'e',1,1653603971721567000
995,'t',0,1653603971833585000
996,'t',1,1653603971881506000
997,'t',0,1653603971969568000
998,'t',1,1653603972033092000
999,Key.space,0,1653603972105516000
1000,Key.space,1,1653603972185418000
1001,'a',0,1653603972273538000
1002,'n',0,1653603972337611000
1003,'a',1,1653603972369329000
1004,'n',1,1653603972409603000
1005,'d',0,1653603972441785000
1006,Key.space,0,1653603972513556000
1007,'d',1,1653603972546736000
1008,Key.space,1,1653603972617445000
1009,Key.backspace,0,1653603973825603000
1010,Key.backspace,1,1653603973897477000
1011,Key.backspace,0,1653603974121493000
1012,Key.backspace,1,1653603974193385000
1013,Key.backspace,0,1653603974265399000
1014,Key.backspace,1,1653603974313340000
1015,Key.backspace,0,1653603974401390000
1016,Key.backspace,1,1653603974457411000
1017,Key.backspace,0,1653603974553347000
1018,Key.backspace,1,1653603974617376000
1019,'.',0,1653603975137419000
1020,'.',1,1653603975225229000
1021,Key.space,0,1653603975233194000
1022,Key.space,1,1653603975313404000
1023,Key.shift,0,1653603975441577000
1024,'C',0,1653603975817334000
1025,'C',1,1653603975929321000
1026,Key.shift,1,1653603975945347000
1027,'a',0,1653603976064573000
1028,'n',0,1653603976144752000
1029,'a',1,1653603976152597000
1030,'n',1,1653603976193361000
1031,';',0,1653603976409321000
1032,';',1,1653603976497390000
1033,'t',0,1653603976537398000
1034,'t',1,1653603976561394000
1035,Key.backspace,0,1653603976833269000
1036,Key.backspace,1,1653603976905266000
1037,Key.backspace,0,1653603976977317000
1038,Key.backspace,1,1653603977025273000
1039," ""' """,0,1653603977177329000
1040,'t',0,1653603977249222000
1041," ""' """,1,1653603977256766000
1042,'t',1,1653603977297220000
1043,Key.space,0,1653603977353305000
1044,Key.space,1,1653603977441317000
1045,'b',0,1653603977481106000
1046,'b',1,1653603977537242000
1047,'e',0,1653603977568950000
1048,'e',1,1653603977625229000
1049,'l',0,1653603977745217000
1050,'l',1,1653603977833247000
1051,'i',0,1653603977929224000
1052,'i',1,1653603978001287000
1053,'e',0,1653603978009219000
1054,'e',1,1653603978057212000
1055,'v',0,1653603978193236000
1056,'v',1,1653603978233251000
1057,'e',0,1653603978321174000
1058,'e',1,1653603978385153000
1059,Key.space,0,1653603978449229000
1060,Key.space,1,1653603978513611000
1061,'t',0,1653603978593255000
1062,'t',1,1653603978649258000
1063,'h',0,1653603978689140000
1064,'h',1,1653603978745139000
1065,'a',0,1653603978761171000
1066,'a',1,1653603978849010000
1067,'t',0,1653603978929177000
1068,'t',1,1653603979001134000
1069,Key.space,0,1653603979041128000
1070,Key.space,1,1653603979105085000
1071,Key.shift,0,1653603979337277000
1072,Key.shift,1,1653603979449275000
1073,'m',0,1653603979657151000
1074,'m',1,1653603979721112000
1075,'a',0,1653603979736880000
1076,'a',1,1653603979817065000
1077,'n',0,1653603979849289000
1078,'n',1,1653603979913182000
1079,Key.space,0,1653603979920929000
1080,Key.space,1,1653603979976947000
1081,'w',0,1653603980185174000
1082,'a',0,1653603980281025000
1083,'w',1,1653603980329157000
1084,'a',1,1653603980449097000
1085,'s',0,1653603980465063000
1086,'s',1,1653603980601219000
1087,Key.space,0,1653603980602011000
1088,Key.space,1,1653603980672928000
1089,'h',0,1653603983392938000
1090,'h',1,1653603983457026000
1091,Key.backspace,0,1653603983736955000
1092,Key.backspace,1,1653603983824816000
1093,'w',0,1653603984000966000
1094,'w',1,1653603984048688000
1095,'h',0,1653603984104954000
1096,'h',1,1653603984160868000
1097,'i',0,1653603984352949000
1098,'i',1,1653603984448908000
1099,'t',0,1653603984496862000
1100,'t',1,1653603984552903000
1101,'e',0,1653603984648915000
1102,'e',1,1653603984712835000
1103,Key.space,0,1653603984776776000
1104,Key.space,1,1653603984856867000
1105,'k',0,1653603985064827000
1106,'k',1,1653603985152897000
1107,'n',0,1653603985320818000
1108,'n',1,1653603985384759000
1109,'i',0,1653603986120838000
1110,'i',1,1653603986208818000
1111,'h',0,1653603986424833000
1112,'h',1,1653603986496702000
1113,Key.backspace,0,1653603986912653000
1114,Key.backspace,1,1653603987008594000
1115,'g',0,1653603987208736000
1116,'g',1,1653603987272700000
1117,'h',0,1653603987304766000
1118,'h',1,1653603987352752000
1119,'t',0,1653604015767105000
1120,'t',1,1653604015823070000
1121,'i',0,1653604015879068000
1122,'i',1,1653604015943074000
1123,'n',0,1653604016063080000
1124,'g',0,1653604016135045000
1125,'n',1,1653604016158781000
1126,'g',1,1653604016231129000
1127,Key.space,0,1653604016238784000
1128,Key.space,1,1653604016318997000
1129,'o',0,1653604018590903000
1130,'o',1,1653604018718862000
1131,'n',0,1653604018887018000
1132,'n',1,1653604019014871000
1133,Key.space,0,1653604019062885000
1134,Key.space,1,1653604019142890000
1135,'t',0,1653604024022634000
1136,'t',1,1653604024126531000
1137,'h',0,1653604025166481000
1138,'h',1,1653604025262763000
1139,'i',0,1653604025430629000
1140,'s',0,1653604025526695000
1141,'i',1,1653604025534353000
1142,'s',1,1653604025598496000
1143,Key.space,0,1653604025846490000
1144,Key.space,1,1653604025910535000
1145,'w',0,1653604026078590000
1146,'w',1,1653604026126621000
1147,'o',0,1653604026206597000
1148,'o',1,1653604026294503000
1149,'r',0,1653604026430557000
1150,'r',1,1653604026494425000
1151,'l',0,1653604026558603000
1152,'l',1,1653604026654464000
1153,'d',0,1653604026694593000
1154,'d',1,1653604026766454000
1155,Key.space,0,1653604027790302000
1156,Key.space,1,1653604027910444000
1157,'s',0,1653604028798323000
1158,'s',1,1653604028870452000
1159,'t',0,1653604029014191000
1160,'t',1,1653604029047173000
1161,'a',0,1653604029149821000
1162,'a',1,1653604029230313000
1163,'g',0,1653604029382361000
1164,'g',1,1653604029430402000
1165,'e',0,1653604029550280000
1166,'e',1,1653604029606280000
1167,'.',0,1653604029670388000
1168,'.',1,1653604029790295000
1169,Key.space,0,1653604032190005000
1170,Key.space,1,1653604032302133000
1171,Key.shift,0,1653604078059697000
1172,'C',0,1653604078547549000
1173,'C',1,1653604078667437000
1174,Key.shift,1,1653604078675604000
1175,'h',0,1653604078867615000
1176,'h',1,1653604078931542000
1177,'r',0,1653604079091622000
1178,'r',1,1653604079179505000
1179,'i',0,1653604079235733000
1180,'i',1,1653604079315520000
1181,'s',0,1653604079323059000
1182,'s',1,1653604079411438000
1183,Key.space,0,1653604079483583000
1184,Key.space,1,1653604079555529000
1185,'w',0,1653604079691543000
1186,'a',0,1653604079787239000
1187,'w',1,1653604079819279000
1188,'a',1,1653604080043533000
1189,'s',0,1653604080731484000
1190,'s',1,1653604080811367000
1191,Key.space,0,1653604080883461000
1192,Key.space,1,1653604080955372000
1193,'r',0,1653604081515427000
1194,'r',1,1653604081579217000
1195,'a',0,1653604081811325000
1196,'a',1,1653604081866878000
1197,Key.backspace,0,1653604082139324000
1198,'e',0,1653604082178775000
1199,Key.backspace,1,1653604082218610000
1200,'e',1,1653604082234985000
1201,'a',0,1653604082323332000
1202,'a',1,1653604082411342000
1203,'l',0,1653604082459334000
1204,'l',1,1653604082539396000
1205,Key.space,0,1653604082563042000
1206,Key.space,1,1653604082627355000
1207,'f',0,1653604082763251000
1208,'f',1,1653604082819368000
1209,'o',0,1653604082851364000
1210,'r',0,1653604082907305000
1211,'o',1,1653604082922579000
1212,'r',1,1653604082963274000
1213,Key.space,0,1653604083059266000
1214,Key.space,1,1653604083123314000
1215,'h',0,1653604083235307000
1216,'h',1,1653604083291261000
1217,'o',0,1653604083467318000
1218,'o',1,1653604083539382000
1219,'l',0,1653604083651162000
1220,'l',1,1653604083747304000
1221,'d',0,1653604083835264000
1222,'d',1,1653604083883654000
1223,'i',0,1653604083899254000
1224,'i',1,1653604083963294000
1225,'n',0,1653604084059234000
1226,'g',0,1653604084139111000
1227,'n',1,1653604084154473000
1228,'g',1,1653604084211300000
1229,Key.space,0,1653604084227183000
1230,'i',0,1653604084315294000
1231,Key.space,1,1653604084322672000
1232,'t',0,1653604084379213000
1233,'i',1,1653604084394493000
1234,'t',1,1653604084443305000
1235,Key.space,0,1653604084491006000
1236,Key.space,1,1653604084563129000
1237,'d',0,1653604084691159000
1238,'d',1,1653604084755090000
1239,'o',0,1653604084763195000
1240,'o',1,1653604084819262000
1241,'w',0,1653604084851115000
1242,'w',1,1653604084907232000
1243,'n',0,1653604084939172000
1244,'n',1,1653604085003060000
1245,Key.space,0,1653604085035219000
1246,Key.space,1,1653604085083072000
1247,'l',0,1653604085171243000
1248,'l',1,1653604085235265000
1249,'i',0,1653604085347182000
1250,'i',1,1653604085395207000
1251,'k',0,1653604085483238000
1252,'e',0,1653604085587234000
1253,'k',1,1653604085594669000
1254,'e',1,1653604085635142000
1255,Key.space,0,1653604085739174000
1256,Key.space,1,1653604085795099000
1257,'t',0,1653604085859098000
1258,'t',1,1653604085923086000
1259,'h',0,1653604085955119000
1260,'h',1,1653604085970476000
1261,'a',0,1653604086491306000
1262,'a',1,1653604086587000000
1263,'t',0,1653604086723167000
1264,'t',1,1653604086795039000
1265,'.',0,1653604086963070000
1266,'.',1,1653604087042964000
1267,Key.space,0,1653604087059031000
1268,Key.space,1,1653604087123018000
1269,Key.shift,0,1653604087323129000
1270,'I',0,1653604087531047000
1271,'I',1,1653604087643027000
1272,Key.shift,1,1653604087715081000
1273,Key.space,0,1653604087979066000
1274,Key.space,1,1653604088034947000
1275,'d',0,1653604088859021000
1276,'d',1,1653604088915028000
1277,'o',0,1653604088930899000
1278,'o',1,1653604088986902000
1279,'n',0,1653604089123027000
1280,'n',1,1653604089178798000
1281,';',0,1653604089378837000
1282,'t',0,1653604089442948000
1283,';',1,1653604089458225000
1284,'t',1,1653604089491046000
1285,Key.space,0,1653604089554981000
1286,Key.space,1,1653604089642956000
1287,'c',0,1653604089754774000
1288,'c',1,1653604089802782000
1289,Key.backspace,0,1653604089954844000
1290,Key.backspace,1,1653604090162875000
1291,Key.backspace,0,1653604090226820000
1292,Key.backspace,1,1653604090282839000
1293,Key.backspace,0,1653604090370933000
1294,Key.backspace,1,1653604090410696000
1295,Key.backspace,0,1653604090498952000
1296,Key.backspace,1,1653604090554671000
1297," ""' """,0,1653604090922843000
1298,'t',0,1653604091002983000
1299," ""' """,1,1653604091003606000
1300,'t',1,1653604091050722000
1301,Key.space,0,1653604091106938000
1302,Key.space,1,1653604091234906000
1303,'c',0,1653604091299029000
1304,'c',1,1653604091362913000
1305,'a',0,1653604091474809000
1306,'a',1,1653604091546787000
1307,'r',0,1653604091650735000
1308,'r',1,1653604091714806000
1309,'e',0,1653604091818888000
1310,'e',1,1653604091882801000
1311,Key.space,0,1653604091954754000
1312,Key.space,1,1653604092018573000
1313,'w',0,1653604092178849000
1314,'w',1,1653604092234762000
1315,'h',0,1653604092242523000
1316,'h',1,1653604092298800000
1317,'a',0,1653604092370790000
1318,'a',1,1653604092410762000
1319,'t',0,1653604092458754000
1320,'t',1,1653604092522751000
1321,Key.space,0,1653604092530472000
1322,Key.space,1,1653604092586554000
1323,'a',0,1653604092698668000
1324,'n',0,1653604092770834000
1325,'a',1,1653604092786066000
1326,'n',1,1653604092834860000
1327,'y',0,1653604092970822000
1328,'y',1,1653604093018866000
1329,'o',0,1653604093042624000
1330,'o',1,1653604093114859000
1331,'n',0,1653604093210804000
1332,'e',0,1653604093266821000
1333,'n',1,1653604093298506000
1334,'e',1,1653604093322768000
1335,Key.space,0,1653604093378766000
1336,Key.space,1,1653604093474728000
1337,'e',0,1653604093714688000
1338,'e',1,1653604093770779000
1339,'l',0,1653604093826578000
1340,'s',0,1653604093874773000
1341,'l',1,1653604093898085000
1342,'e',0,1653604093986646000
1343,'s',1,1653604094002409000
1344,'e',1,1653604094074655000
1345,Key.space,0,1653604094466707000
1346,Key.space,1,1653604094523107000
1347,'s',0,1653604094594713000
1348,'s',1,1653604094674484000
1349,'a',0,1653604094754492000
1350,'y',0,1653604094810716000
1351,'a',1,1653604094825898000
1352,'y',1,1653604094882484000
1353,'s',0,1653604094922684000
1354,Key.space,0,1653604095042685000
1355,'s',1,1653604095050118000
1356,Key.space,1,1653604095130586000
1357,Key.shift,0,1653604095354020000
1358,'W',0,1653604095498589000
1359,'W',1,1653604095554643000
1360,Key.shift,1,1653604095570620000
1361,'i',0,1653604095642641000
1362,'i',1,1653604095658086000
1363,'l',0,1653604096002559000
1364,'l',1,1653604096057823000
1365,'l',0,1653604096130511000
1366,Key.space,0,1653604096194477000
1367,'l',1,1653604096210206000
1368,Key.space,1,1653604096242329000
1369,'w',0,1653604096442627000
1370,'a',0,1653604096546483000
1371,'w',1,1653604096602576000
1372,'a',1,1653604096666325000
1373,'s',0,1653604096690591000
1374,'s',1,1653604096850462000
1375,Key.space,0,1653604096882613000
1376,Key.space,1,1653604096962488000
1377,'w',0,1653604097114491000
1378,'w',1,1653604097162313000
1379,'r',0,1653604097346557000
1380,'r',1,1653604097426565000
1381,'o',0,1653604097906536000
1382,'o',1,1653604097988079000
1383,'n',0,1653604098122435000
1384,'g',0,1653604098210899000
1385,'n',1,1653604098217942000
1386,'g',1,1653604098266586000
1387,Key.shift,0,1653604099266439000
1388,'!',0,1653604099490358000
1389,'!',1,1653604099634439000
1390,Key.shift,1,1653604099746483000
1391,Key.ctrl,0,1653604290440115000
1392,'c',0,1653604291143714000
1393,Key.ctrl,1,1653604950341680000
1394,Key.shift,0,1653604958772716000
1395,'J',0,1653604959372978000
1396,'J',1,1653604959460635000
1397,Key.shift,1,1653604959485122000
1398,'u',0,1653604959637255000
1399,'u',1,1653604959749052000
1400,'s',0,1653604959757068000
1401,'s',1,1653604959845110000
1402,'t',0,1653604960325040000
1403,'t',1,1653604960389047000
1404,Key.space,0,1653604960509121000
1405,Key.space,1,1653604960604951000
1406,'s',0,1653604960925101000
1407,'s',1,1653604961021119000
1408,'a',0,1653604961093006000
1409,'a',1,1653604961228967000
1410,'w',0,1653604961613006000
1411,'w',1,1653604961668927000
1412,Key.space,0,1653604961796965000
1413,Key.space,1,1653604961876795000
1414,'t',0,1653604962564992000
1415,'t',1,1653604962621034000
1416,'h',0,1653604962948952000
1417,'h',1,1653604963029002000
1418,'e',0,1653604963036978000
1419,'e',1,1653604963092755000
1420,Key.space,0,1653604963197004000
1421,Key.space,1,1653604963252915000
1422,'s',0,1653604966300837000
1423,'s',1,1653604966404852000
1424,'p',0,1653604966412852000
1425,'p',1,1653604966476955000
1426,'e',0,1653604966604820000
1427,'e',1,1653604966644813000
1428,'e',0,1653604966732835000
1429,'e',1,1653604966780825000
1430,'c',0,1653604966972886000
1431,'c',1,1653604967028826000
1432,'h',0,1653604967044815000
1433,'h',1,1653604967124839000
1434,Key.space,0,1653604967140778000
1435,Key.space,1,1653604967188138000
1436,'a',0,1653604968316795000
1437,'a',1,1653604968412922000
1438,'b',0,1653604968580856000
1439,'b',1,1653604968644676000
1440,'o',0,1653604968700831000
1441,'o',1,1653604968772816000
1442,'u',0,1653604968908824000
1443,'t',0,1653604968964840000
1444,'u',1,1653604968980202000
1445,'t',1,1653604969020747000
1446,Key.space,0,1653604969060698000
1447,Key.space,1,1653604969164890000
1448,Key.shift,0,1653604969292934000
1449,'U',0,1653604969324690000
1450,'U',1,1653604969396827000
1451,Key.shift,1,1653604969412374000
1452,'k',0,1653604969596734000
1453,'k',1,1653604969676841000
1454,'r',0,1653604969708046000
1455,'r',1,1653604969756201000
1456,'a',0,1653604969852684000
1457,'i',0,1653604969908831000
1458,'a',1,1653604969940555000
1459,'i',1,1653604969972788000
1460,'n',0,1653604970068772000
1461,'e',0,1653604970140787000
1462,'e',1,1653604970188789000
1463,'n',1,1653604970204869000
1464,Key.space,0,1653604970276764000
1465,Key.space,1,1653604970332665000
1466,'f',0,1653604970436796000
1467,'f',1,1653604970484616000
1468,'r',0,1653604970580652000
1469,'r',1,1653604970668761000
1470,'o',0,1653604971004646000
1471,'o',1,1653604971068660000
1472,'m',0,1653604971172744000
1473,Key.space,0,1653604971261295000
1474,'m',1,1653604971284037000
1475,Key.space,1,1653604971308643000
1476,Key.shift,0,1653604971500724000
1477,'#',0,1653604971748657000
1478,'#',1,1653604971772495000
1479,Key.shift,1,1653604971868628000
1480,'s',0,1653604972116651000
1481,'s',1,1653604972188650000
1482,'l',0,1653604972228776000
1483,'l',1,1653604972316704000
1484,'e',0,1653604972380628000
1485,'e',1,1653604972540578000
1486,'e',0,1653604972612598000
1487,'e',1,1653604972692169000
1488,'p',0,1653604972756168000
1489,'p',1,1653604972854328000
1490,'u',0,1653604973044548000
1491,'u',1,1653604973084269000
1492,Key.backspace,0,1653604973684690000
1493,Key.backspace,1,1653604973804531000
1494,'y',0,1653604973812254000
1495,'y',1,1653604973900647000
1496,'j',0,1653604975356498000
1497,'j',1,1653604975444505000
1498,'o',0,1653604976292621000
1499,'o',1,1653604976388485000
1500,'e',0,1653604977388415000
1501,'e',1,1653604977444486000
1502,Key.backspace,0,1653604978092491000
1503,Key.backspace,1,1653604978148601000
1504,Key.backspace,0,1653604978244519000
1505,Key.backspace,1,1653604978316461000
1506,Key.backspace,0,1653604978396367000
1507,Key.backspace,0,1653604978897701000
1508,Key.backspace,0,1653604978981895000
1509,Key.backspace,0,1653604979065622000
1510,Key.backspace,0,1653604979149977000
1511,Key.backspace,1,1653604979155853000
1512,'e',0,1653604980100402000
1513,'e',1,1653604980123942000
1514,'e',0,1653604980212223000
1515,'e',1,1653604980276469000
1516,'p',0,1653604980348469000
1517,'p',1,1653604980428319000
1518,'y',0,1653604980516336000
1519,'y',1,1653604980580319000
1520,Key.space,0,1653604982492217000
1521,Key.space,1,1653604982556250000
1522,Key.shift,0,1653604983020378000
1523,'J',0,1653604983148278000
1524,Key.shift,1,1653604983212415000
1525,'j',1,1653604983220222000
1526,'o',0,1653604983364354000
1527,'e',0,1653604983444196000
1528,'o',1,1653604983469476000
1529,'e',1,1653604983492196000
1530,Key.space,0,1653604985076296000
1531,Key.space,1,1653604985132267000
1532,Key.backspace,0,1653604985508262000
1533,Key.backspace,1,1653604985596253000
1534,'.',0,1653604985836319000
1535,'.',1,1653604985916199000
1536,Key.space,0,1653604985948150000
1537,Key.space,1,1653604985979962000
1538,Key.shift,0,1653604986132351000
1539,'M',0,1653604986260188000
1540,Key.shift,1,1653604986308199000
1541,'m',1,1653604986332160000
1542,'a',0,1653604986452272000
1543,'a',1,1653604986524210000
1544,'n',0,1653604986548255000
1545,'n',1,1653604986612149000
1546,Key.space,0,1653604986692210000
1547,Key.space,1,1653604986756115000
1548,'w',0,1653604987091971000
1549,'a',0,1653604987236135000
1550,'w',1,1653604987251577000
1551,'a',1,1653604987356040000
1552,'s',0,1653604987372099000
1553,'s',1,1653604987508147000
1554,Key.space,0,1653604987524109000
1555,Key.space,1,1653604987588180000
1556,'i',0,1653604987684226000
1557,'i',1,1653604987780100000
1558,'s',0,1653604987788191000
1559,'s',1,1653604987852108000
1560,Key.backspace,0,1653604988060103000
1561,'t',0,1653604988140083000
1562,'t',1,1653604988196107000
1563,Key.backspace,1,1653604988204066000
1564,Key.space,0,1653604988284139000
1565,Key.space,1,1653604988412140000
1566,'t',0,1653604989316138000
1567,'t',1,1653604989372087000
1568,'e',0,1653604989492103000
1569,'e',1,1653604989556201000
1570,'l',0,1653604989580072000
1571,'l',1,1653604989636117000
1572,'l',0,1653604989716138000
1573,'l',1,1653604989812131000
1574,'i',0,1653604990044073000
1575,'i',1,1653604990092000000
1576,'n',0,1653604990212086000
1577,'g',0,1653604990284037000
1578,'n',1,1653604990309094000
1579,'g',1,1653604990340150000
1580,'g',0,1653604990356103000
1581,Key.space,0,1653604990363446000
1582,'g',1,1653604990379482000
1583,Key.space,1,1653604990460072000
1584,'o',0,1653604990604081000
1585,'o',1,1653604990684072000
1586,'f',0,1653604990708103000
1587,'f',1,1653604990764112000
1588,Key.backspace,0,1653604990956076000
1589,Key.backspace,1,1653604991027942000
1590,Key.backspace,0,1653604991091942000
1591,Key.backspace,1,1653604991147991000
1592,Key.backspace,0,1653604991219822000
1593,Key.backspace,1,1653604991283941000
1594,Key.backspace,0,1653604991355989000
1595,Key.backspace,1,1653604991395975000
1596,Key.space,0,1653604991652043000
1597,Key.space,1,1653604991740055000
1598,'o',0,1653604991795960000
1599,'o',1,1653604991892048000
1600,'f',0,1653604991900004000
1601,'f',1,1653604991995780000
1602,Key.space,0,1653604992003573000
1603,Key.space,1,1653604992076027000
1604,'t',0,1653604992372096000
1605,'t',1,1653604992411396000
1606,Key.backspace,0,1653604992716035000
1607,Key.backspace,1,1653604992787918000
1608,'h',0,1653604993060070000
1609,'h',1,1653604993131916000
1610,'o',0,1653604993292056000
1611,'w',0,1653604993387988000
1612,'o',1,1653604993403337000
1613,'w',1,1653604993435990000
1614,Key.space,0,1653604993699987000
1615,Key.space,1,1653604993788072000
1616,'t',0,1653604993923893000
1617,'t',1,1653604993963838000
1618,'h',0,1653604993979420000
1619,'h',1,1653604994035314000
1620,'i',0,1653604994163995000
1621,'i',1,1653604994243907000
1622,'s',0,1653604994275792000
1623,'s',1,1653604994339850000
1624,Key.space,0,1653604994635925000
1625,Key.space,1,1653604994667816000
1626,'c',0,1653604994771952000
1627,'o',0,1653604994835906000
1628,'c',1,1653604994851192000
1629,'o',1,1653604994907886000
1630,'u',0,1653604995019905000
1631,'u',1,1653604995067954000
1632,'n',0,1653604995187947000
1633,'t',0,1653604995259967000
1634,'n',1,1653604995267332000
1635,'t',1,1653604995316241000
1636,'r',0,1653604995419936000
1637,'r',1,1653604995491951000
1638,Key.backspace,0,1653604996043076000
1639,Key.backspace,1,1653604996131143000
1640,'y',0,1653604997115831000
1641,'y',1,1653604997195773000
1642,Key.backspace,0,1653604997483756000
1643,Key.backspace,1,1653604997579847000
1644,'r',0,1653604997755789000
1645,'r',1,1653604997811864000
1646,'y',0,1653604997835866000
1647,'y',1,1653604997907349000
1648," ""' """,0,1653604998195734000
1649,'s',0,1653604998291873000
1650," ""' """,1,1653604998307195000
1651,'s',1,1653604998355833000
1652,Key.space,0,1653604998443730000
1653,Key.space,1,1653604998499735000
1654,'g',0,1653604998819735000
1655,'g',1,1653604998859630000
1656,'o',0,1653604998907963000
1657,'o',1,1653604998963753000
1658,'i',0,1653604999083866000
1659,'i',1,1653604999123806000
1660,'n',0,1653604999227742000
1661,'g',0,1653604999299739000
1662,'n',1,1653604999347808000
1663,'g',1,1653604999355788000
1664,Key.space,0,1653604999371782000
1665,Key.space,1,1653604999467708000
1666,'f',0,1653604999539719000
1667,'f',1,1653604999587815000
1668,Key.backspace,0,1653604999827791000
1669,Key.backspace,1,1653604999923690000
1670,'d',0,1653604999979718000
1671,'d',1,1653605000019827000
1672,'o',0,1653605000051674000
1673,'o',1,1653605000147705000
1674,'w',0,1653605000227713000
1675,'w',1,1653605000307776000
1676,'n',0,1653605000403658000
1677,'n',1,1653605000491814000
1678,Key.space,0,1653605000507676000
1679,Key.space,1,1653605000563610000
1680,'t',0,1653605000651795000
1681,'h',0,1653605000676674000
1682,'t',1,1653605000715559000
1683,'h',1,1653605000747656000
1684,Key.space,0,1653605000915741000
1685,Key.space,1,1653605000971605000
1686,Key.backspace,0,1653605001131654000
1687,'e',0,1653605001203738000
1688,Key.backspace,1,1653605001243216000
1689,'e',1,1653605001251365000
1690,Key.space,0,1653605001331722000
1691,Key.space,1,1653605001435694000
1692,'t',0,1653605001547782000
1693,'u',0,1653605001595648000
1694,'t',1,1653605001602933000
1695,'u',1,1653605001651735000
1696,'b',0,1653605001771664000
1697,'e',0,1653605001835844000
1698,'b',1,1653605001850964000
1699,'s',0,1653605001939730000
1700,'e',1,1653605001979621000
1701,'s',1,1653605002051635000
1702,'.',0,1653605002099650000
1703,Key.space,0,1653605002155590000
1704,'.',1,1653605002170998000
1705,Key.space,1,1653605002227424000
1706,Key.shift,0,1653605002627693000
1707,'I',0,1653605003035528000
1708,'I',1,1653605003107811000
1709,Key.shift,1,1653605003163750000
1710,Key.backspace,0,1653605003867542000
1711,Key.backspace,1,1653605003963547000
1712,Key.shift,0,1653605004299607000
1713,'I',0,1653605004379649000
1714,Key.shift,1,1653605004443440000
1715,'i',1,1653605004459474000
1716,Key.space,0,1653605004571908000
1717,Key.space,1,1653605004659430000
1718,'f',0,1653605004763646000
1719,'f',1,1653605004811610000
1720,'e',0,1653605004915600000
1721,'e',1,1653605004971508000
1722,'e',0,1653605005003528000
1723,'e',1,1653605005018864000
1724,'e',0,1653605005099545000
1725,'e',1,1653605005163537000
1726,'l',0,1653605005267496000
1727,'l',1,1653605005347622000
1728,Key.backspace,0,1653605005523610000
1729,Key.backspace,1,1653605005595376000
1730,Key.backspace,0,1653605005675417000
1731,Key.backspace,1,1653605005763481000
1732,'l',0,1653605006035613000
1733,'l',1,1653605006107515000
1734,Key.space,0,1653605006123476000
1735,Key.space,1,1653605006163096000
1736,'b',0,1653605006339490000
1737,'b',1,1653605006395461000
1738,'a',0,1653605006467353000
1739,'a',1,1653605006547548000
1740,'d',0,1653605006643355000
1741,'d',1,1653605006699499000
1742,Key.space,0,1653605006771418000
1743,Key.space,1,1653605006819440000
1744,'a',0,1653605006891606000
1745,'a',1,1653605006971521000
1746,'b',0,1653605006979483000
1747,'b',1,1653605007035492000
1748,'o',0,1653605007203545000
1749,'o',1,1653605007267479000
1750,'u',0,1653605007363058000
1751,'u',1,1653605007442806000
1752,'t',0,1653605007450730000
1753,'t',1,1653605007490767000
1754,Key.space,0,1653605007555312000
1755,Key.space,1,1653605007619544000
1756,Key.shift,0,1653605007771547000
1757,'U',0,1653605007803435000
1758,Key.shift,1,1653605007843410000
1759,'u',1,1653605007859336000
1760,'k',0,1653605008019536000
1761,'k',1,1653605008091568000
1762,'r',0,1653605008092345000
1763,'r',1,1653605008139322000
1764,'a',0,1653605008227415000
1765,'i',0,1653605008291323000
1766,'a',1,1653605008306729000
1767,'i',1,1653605008347568000
1768,'n',0,1653605008443319000
1769,'e',0,1653605008507546000
1770,'e',1,1653605008555400000
1771,'n',1,1653605008579367000
1772,Key.space,0,1653605008643342000
1773,Key.space,1,1653605008707361000
1774,'j',0,1653605008995294000
1775,'j',1,1653605009067527000
1776,'u',0,1653605009163472000
1777,'s',0,1653605009259440000
1778,'u',1,1653605009283396000
1779,'s',1,1653605009323401000
1780,'t',0,1653605009403454000
1781,'t',1,1653605009451390000
1782,Key.space,0,1653605009523464000
1783,Key.space,1,1653605009611448000
1784,'a',0,1653605009707450000
1785,'a',1,1653605009803344000
1786,'s',0,1653605009819326000
1787,'s',1,1653605009923380000
1788,'m',0,1653605010011460000
1789,'m',1,1653605010091444000
1790,Key.backspace,0,1653605010435428000
1791,Key.backspace,1,1653605010507434000
1792,Key.space,0,1653605010859416000
1793,Key.space,1,1653605010915387000
1794,'m',0,1653605010963506000
1795,'m',1,1653605011019328000
1796,'u',0,1653605011123380000
1797,'u',1,1653605011195762000
1798,'c',0,1653605011379272000
1799,'c',1,1653605011434671000
1800,'h',0,1653605011442503000
1801,'h',1,1653605011538697000
1802,'a',0,1653605011659197000
1803,'a',1,1653605011771151000
1804,'s',0,1653605011827325000
1805,'s',1,1653605011931382000
1806,Key.backspace,0,1653605012131343000
1807,Key.backspace,1,1653605012195164000
1808,Key.backspace,0,1653605012259248000
1809,Key.backspace,1,1653605012339234000
1810,Key.space,0,1653605012595262000
1811,Key.space,1,1653605012675365000
1812,'a',0,1653605012771092000
1813,'a',1,1653605012859382000
1814,'s',0,1653605013187351000
1815,'s',1,1653605013251353000
1816,Key.space,0,1653605013315238000
1817,Key.space,1,1653605013403333000
1818,'t',0,1653605013459266000
1819,'t',1,1653605013507254000
1820,'h',0,1653605013531325000
1821,'h',1,1653605013611310000
1822,'e',0,1653605013619268000
1823,'e',1,1653605013667120000
1824,Key.space,0,1653605013739298000
1825,Key.space,1,1653605013811300000
1826,'n',0,1653605013819022000
1827,'e',0,1653605013899241000
1828,'n',1,1653605013899861000
1829,'e',1,1653605013955334000
1830,'x',0,1653605014083352000
1831,'x',1,1653605014139424000
1832,'t',0,1653605014259220000
1833,'t',1,1653605014307187000
1834,Key.space,0,1653605014395174000
1835,Key.space,1,1653605014507266000
1836,'g',0,1653605014699302000
1837,'g',1,1653605014739327000
1838,'u',0,1653605014787308000
1839,'u',1,1653605014851314000
1840,'y',0,1653605014947299000
1841,'y',1,1653605015019179000
1842,Key.space,0,1653605015051145000
1843,Key.space,1,1653605015115134000
1844,'b',0,1653605015283239000
1845,'b',1,1653605015339280000
1846,'u',0,1653605015371084000
1847,'u',1,1653605015467178000
1848,'t',0,1653605015674549000
1849,'t',1,1653605015746436000
1850,Key.space,0,1653605015818385000
1851,Key.space,1,1653605015906534000
1852,'t',0,1653605016291166000
1853,'t',1,1653605016355249000
1854,'a',0,1653605016467166000
1855,'k',0,1653605016531232000
1856,'a',1,1653605016578984000
1857,'k',1,1653605016587161000
1858,'i',0,1653605016667122000
1859,'i',1,1653605016731156000
1860,'n',0,1653605016875324000
1861,'g',0,1653605016955225000
1862,'n',1,1653605016962675000
1863,Key.space,0,1653605017042988000
1864,'g',1,1653605017058356000
1865,Key.space,1,1653605017147060000
1866,'i',0,1653605017171142000
1867,'i',1,1653605017219085000
1868,'n',0,1653605017315150000
1869,Key.space,0,1653605017387055000
1870,'n',1,1653605017427145000
1871,Key.space,1,1653605017443069000
1872,'1',0,1653605018819112000
1873,'1',1,1653605018915064000
1874,'0',0,1653605018947080000
1875,'0',1,1653605019003029000
1876,'0',0,1653605019091079000
1877,'0',1,1653605019171070000
1880,'0',0,1653605019803057000
1881,'0',1,1653605019858968000
1882,'0',0,1653605020051005000
1883,'0',1,1653605020115017000
1884,'0',0,1653605020235043000
1885,'0',1,1653605020323092000
1886,Key.space,0,1653605020539066000
1887,Key.space,1,1653605020594967000
1888,'r',0,1653605020739111000
1889,'r',1,1653605020802965000
1890,'e',0,1653605020866985000
1891,'e',1,1653605020922965000
1892,'f',0,1653605021075148000
1893,'f',1,1653605021123039000
1894,'u',0,1653605021147091000
1895,'u',1,1653605021227025000
1896,'g',0,1653605021386972000
1897,'g',1,1653605021434933000
1898,'e',0,1653605021579002000
1899,'e',1,1653605021610997000
1900,'e',0,1653605021675090000
1901,'e',1,1653605021730985000
1902,'s',0,1653605021802984000
1903,'s',1,1653605021907021000
1904,Key.space,0,1653605022011078000
1905,Key.space,1,1653605022075045000
1906,Key.backspace,0,1653605022402926000
1907,Key.backspace,1,1653605022474926000
1908,'.',0,1653605022611038000
1909,Key.space,0,1653605022690950000
1910,'.',1,1653605022706329000
1911,Key.space,1,1653605022730426000
1912,Key.shift,0,1653605022882989000
1913,'T',0,1653605023203048000
1914,'T',1,1653605023274946000
1915,Key.shift,1,1653605023282363000
1916,'a',0,1653605023442931000
1917,'a',1,1653605023506896000
1918,'l',0,1653605023538914000
1919,'l',1,1653605023594979000
1920,'k',0,1653605023690794000
1921,'s',0,1653605023763036000
1922,'k',1,1653605023770366000
1923,'s',1,1653605023834852000
1924,Key.space,0,1653605023899108000
1925,Key.space,1,1653605023962944000
1926,'a',0,1653605024147006000
1927,'a',1,1653605024187955000
1928,Key.backspace,0,1653605024418879000
1929,Key.backspace,1,1653605024474946000
1930,Key.backspace,0,1653605024554948000
1931,Key.backspace,1,1653605024626839000
1932,Key.backspace,0,1653605024698931000
1933,Key.backspace,1,1653605024762886000
1934,Key.space,0,1653605024850950000
1935,Key.space,1,1653605024898685000
1936,'a',0,1653605025018968000
1937,'a',1,1653605025098869000
1938,'b',0,1653605025291004000
1939,'b',1,1653605025330889000
1940,'o',0,1653605025346477000
1941,'o',1,1653605025410033000
1942,'u',0,1653605025530174000
1943,'t',0,1653605025586953000
1944,'u',1,1653605025602229000
1945,'t',1,1653605025634870000
1946,Key.space,0,1653605025714836000
1947,Key.space,1,1653605025802771000
1948,'o',0,1653605025818770000
1949,'o',1,1653605025874929000
1950,'v',0,1653605025922801000
1951,'v',1,1653605025978853000
1952,'e',0,1653605026098934000
1953,'e',1,1653605026178681000
1954,'r',0,1653605026202742000
1955,'r',1,1653605026298793000
1956,'k',0,1653605026354749000
1957,'k',1,1653605026410792000
1958,'i',0,1653605026530941000
1959,'i',1,1653605026579246000
1960,'l',0,1653605026754827000
1961,'l',1,1653605026770232000
1962,'l',0,1653605026842900000
1963,'l',1,1653605026922234000
1964,'.',0,1653605027323511000
1965,'.',1,1653605027426874000
1966,Key.space,0,1653605027522833000
1967,Key.space,1,1653605027578286000
1968,Key.shift,0,1653605027738960000
1969,'T',0,1653605027938880000
1970,'T',1,1653605028010763000
1971,Key.shift,1,1653605028050745000
1972,'h',0,1653605028194732000
1973,'h',1,1653605028258871000
1974,'i',0,1653605028370900000
1975,'s',0,1653605028450739000
1976,'i',1,1653605028466164000
1977,'s',1,1653605028514730000
1978,Key.space,0,1653605028586721000
1979,Key.space,1,1653605028666641000
1980,'g',0,1653605028978765000
1981,'g',1,1653605029026303000
1982,'u',0,1653605029098691000
1983,'u',1,1653605029162798000
1984,'y',0,1653605029306733000
1985,'y',1,1653605029362794000
1986,Key.space,0,1653605029434664000
1987,Key.space,1,1653605029474604000
1988,'i',0,1653605032098541000
1989,'i',1,1653605032186691000
1990,'s',0,1653605032250622000
1991,'s',1,1653605032314615000
1992,'n',0,1653605032362640000
1993,'n',1,1653605032442625000
1994,'t',0,1653605032770690000
1995,'t',1,1653605032810622000
1996,Key.backspace,0,1653605033066549000
1997,Key.backspace,1,1653605033170556000
1998," ""' """,0,1653605033482573000
1999,'t',0,1653605033538761000
2000," ""' """,1,1653605033539472000
2001,'t',1,1653605033586467000
2002,Key.space,0,1653605033674547000
2003,Key.space,1,1653605033778519000
2004,'t',0,1653605033922594000
2005,'t',1,1653605033986600000
2006,'a',0,1653605034090646000
2007,'k',0,1653605034146582000
2008,'k',1,1653605034202542000
2009,'a',1,1653605034210535000
2010,'i',0,1653605034298635000
2011,'i',1,1653605034354704000
2012,'g',0,1653605034506551000
2013,Key.space,0,1653605034602542000
2014,'g',1,1653605034631046000
2015,Key.space,1,1653605034746509000
2016,Key.backspace,0,1653605034866461000
2017,Key.backspace,1,1653605034922481000
2018,Key.backspace,0,1653605035002364000
2019,Key.backspace,1,1653605035066451000
2020,'n',0,1653605035242657000
2021,'n',1,1653605035298602000
2022,'g',0,1653605035306549000
2023,Key.space,0,1653605035386573000
2024,'g',1,1653605035401961000
2025,Key.space,1,1653605035482434000
2026,'o',0,1653605035530596000
2027,'o',1,1653605035610351000
2028,'u',0,1653605035762687000
2029,'u',1,1653605035834600000
2030,'t',0,1653605035850489000
2031,'t',1,1653605035890080000
2032,Key.space,0,1653605035978364000
2033,Key.space,1,1653605036050421000
2034,Key.backspace,0,1653605036218437000
2035,Key.backspace,1,1653605036282460000
2036,Key.backspace,0,1653605036346543000
2037,Key.backspace,1,1653605036434569000
2038,'r',0,1653605036450501000
2039,'r',1,1653605036498409000
2040,Key.space,0,1653605036562882000
2041,Key.space,1,1653605036626409000
2042,'o',0,1653605036658409000
2043,'o',1,1653605036738593000
2044,'w',0,1653605036786571000
2045,'w',1,1653605036834664000
2046,'n',0,1653605036874540000
2047,'n',1,1653605036946553000
2048,Key.space,0,1653605036970522000
2049,Key.space,1,1653605037018564000
2050,'a',0,1653605037210475000
2051,'a',1,1653605037282527000
2052,'f',0,1653605037458537000
2053,'f',1,1653605037491930000
2054,'f',0,1653605037570527000
2055,'f',1,1653605037618590000
2056,'a',0,1653605038042445000
2057,'a',1,1653605038114422000
2058,'i',0,1653605038154461000
2059,'i',1,1653605038242443000
2060,'r',0,1653605038346518000
2061,'r',1,1653605038394426000
2062,'s',0,1653605038442396000
2063,'s',1,1653605038530442000
2064,Key.space,0,1653605038578466000
2065,Key.space,1,1653605038643466000
2066,'i',0,1653605038786552000
2067,'i',1,1653605038842522000
2068,'n',0,1653605038946315000
2069,'n',1,1653605039018520000
2070,'t',0,1653605039042190000
2071,'t',1,1653605039098409000
2072,'o',0,1653605039138472000
2073,Key.space,0,1653605039194397000
2074,'o',1,1653605039218255000
2075,Key.space,1,1653605039266360000
2076,'a',0,1653605039378357000
2077,'a',1,1653605039434433000
2078,'c',0,1653605039594462000
2079,'c',1,1653605039650452000
2080,'c',0,1653605039706377000
2081,'c',1,1653605039762362000
2082,'o',0,1653605039826467000
2083,'o',1,1653605039906404000
2084,'u',0,1653605040018385000
2085,'u',1,1653605040066375000
2086,'n',0,1653605040178366000
2087,'t',0,1653605040258384000
2088,'n',1,1653605040265732000
2089,'t',1,1653605040298368000
2090,Key.space,0,1653605040514658000
2091,Key.space,1,1653605040578331000
2092,Key.backspace,0,1653605040754294000
2093,Key.backspace,1,1653605040826394000
2094,'.',0,1653605040978307000
2095,Key.space,0,1653605041050594000
2096,'.',1,1653605041080861000
2097,Key.space,1,1653605041114155000
2098,Key.shift,0,1653605041574594000
2099,'C',0,1653605045842257000
2100,'C',1,1653605045978135000
2101,Key.shift,1,1653605045985935000
2102,'r',0,1653605046234173000
2103,'r',1,1653605046266006000
2104,'a',0,1653605046402117000
2105,'a',1,1653605046466016000
2106,'z',0,1653605046690186000
2107,'z',1,1653605046746148000
2108,'y',0,1653605046890148000
2109,'y',1,1653605046994202000
2110,Key.shift,0,1653605047354216000
2111,'!',0,1653605047586216000
2112,'!',1,1653605047706122000
2113,Key.shift,1,1653605048106087000
2114,Key.ctrl,0,1653605055065957000
2115,'c',0,1653605056417942000
