P,Key.cmd,1654475315062689000
P,Key.tab,1654475315342538000
R,Key.cmd,1654475315542599000
R,Key.tab,1654475315543139000
P,'i',1654475318966315000
R,'i',1654475319102400000
P,'n',1654475319206442000
R,'n',1654475319318439000
P,'s',1654475319422364000
R,'s',1654475319566240000
P,'t',1654475319638330000
R,'t',1654475319742343000
P,Key.enter,1654475320558219000
R,Key.enter,1654475320653494000
P,Key.cmd,1654475325718121000
P,Key.tab,1654475325917988000
R,Key.cmd,1654475326117593000
R,Key.tab,1654475326133414000
P,Key.cmd,1654475329213203000
P,Key.tab,1654475329357859000
R,Key.cmd,1654475329517793000
R,Key.tab,1654475329529805000
P,'f',1654475330581906000
R,'f',1654475330685780000
P,'p',1654475330805659000
R,'p',1654475330917792000
P,'d',1654475331381638000
R,'d',1654475331485774000
P,'1',1654475333301435000
R,'1',1654475333429564000
P,'s',1654475334549600000
R,'s',1654475334653688000
P,'o',1654475334685522000
R,'o',1654475334789459000
P,'c',1654475334845427000
R,'c',1654475334957513000
P,'i',1654475335005585000
R,'i',1654475335085657000
P,'a',1654475335141475000
R,'a',1654475335277565000
P,'l',1654475335301476000
R,'l',1654475335413447000
P,Key.shift,1654475336165484000
R,Key.shift,1654475336319555000
P,Key.caps_lock,1654475336629520000
R,Key.caps_lock,1654475336629922000
P,Key.shift,1654475336797446000
P,'@',1654475337437504000
R,'@',1654475337573301000
R,Key.shift,1654475337613580000
P,'G',1654475338525289000
R,'G',1654475338613347000
P,'M',1654475338797367000
R,'M',1654475338885347000
P,'A',1654475338917348000
R,'A',1654475339029414000
P,'I',1654475339045247000
R,'I',1654475339109134000
P,'L',1654475339237239000
R,'L',1654475339317327000
P,'.',1654475339421354000
R,'.',1654475339565252000
P,'C',1654475339605341000
P,'O',1654475339709272000
R,'C',1654475339725142000
R,'O',1654475339797242000
P,'M',1654475339877348000
R,'M',1654475339973286000
P,Key.backspace,1654475340549079000
R,Key.backspace,1654475340612992000
P,Key.backspace,1654475340693295000
R,Key.backspace,1654475340781112000
P,Key.backspace,1654475340845005000
R,Key.backspace,1654475340933235000
P,Key.backspace,1654475340989224000
R,Key.backspace,1654475341077220000
P,Key.backspace,1654475341149163000
R,Key.backspace,1654475341213146000
P,Key.backspace,1654475341284789000
R,Key.backspace,1654475341333095000
P,Key.backspace,1654475341422125000
R,Key.backspace,1654475341493310000
P,Key.backspace,1654475341556999000
R,Key.backspace,1654475341661906000
P,Key.backspace,1654475341749157000
R,Key.backspace,1654475341861866000
P,Key.caps_lock,1654475342376023000
R,Key.caps_lock,1654475342376656000
P,'g',1654475342917174000
R,'g',1654475343013102000
P,'m',1654475343277181000
R,'m',1654475343357220000
P,'a',1654475343429141000
R,'a',1654475343525186000
P,'i',1654475343677248000
R,'i',1654475343757261000
P,'l',1654475343885132000
R,'l',1654475343957028000
P,'.',1654475344125033000
R,'.',1654475344229336000
P,'c',1654475344277164000
R,'c',1654475344381091000
P,'o',1654475344405143000
R,'o',1654475344500990000
P,'m',1654475344557141000
R,'m',1654475344628197000
P,Key.tab,1654475345333023000
P,Key.shift,1654475346924829000
R,Key.shift,1654475347356972000
P,Key.caps_lock,1654475348924289000
R,Key.caps_lock,1654475348924926000
P,'I',1654475355028554000
R,'I',1654475355140409000
P,'A',1654475355180413000
R,'A',1654475355276329000
P,'L',1654475355372603000
R,'L',1654475355460437000
P,Key.shift,1654475355948142000
P,'@',1654475356172543000
R,'@',1654475356276428000
R,Key.shift,1654475356333350000
P,Key.backspace,1654475357756340000
R,Key.backspace,1654475357828300000
P,Key.backspace,1654475357932298000
R,Key.backspace,1654475358012151000
P,Key.backspace,1654475358100378000
R,Key.backspace,1654475358196340000
P,Key.caps_lock,1654475358378720000
R,Key.caps_lock,1654475358379380000
P,Key.backspace,1654475358572361000
R,Key.backspace,1654475358652252000
P,Key.backspace,1654475358740146000
R,Key.backspace,1654475358828203000
P,Key.backspace,1654475358916349000
R,Key.backspace,1654475358996402000
P,'o',1654475360180345000
P,'c',1654475360292289000
R,'o',1654475360299859000
R,'c',1654475360403883000
P,'i',1654475361004173000
R,'i',1654475361100242000
P,'a',1654475361204337000
R,'a',1654475361300145000
P,'l',1654475361668185000
R,'l',1654475361780022000
P,Key.shift,1654475363964146000
P,'@',1654475364236043000
R,'@',1654475364324092000
R,Key.shift,1654475364364122000
P,'g',1654475364811993000
R,'g',1654475364892179000
P,'m',1654475365259972000
R,'m',1654475365355957000
P,'a',1654475365388096000
R,'a',1654475365436026000
P,'i',1654475365652034000
R,'i',1654475365723983000
P,'l',1654475365876015000
R,'l',1654475365971891000
P,Key.backspace,1654475368627730000
R,Key.backspace,1654475368715815000
P,Key.backspace,1654475368820353000
R,Key.backspace,1654475368891725000
P,Key.backspace,1654475368971828000
R,Key.backspace,1654475369051817000
P,Key.backspace,1654475369131855000
R,Key.backspace,1654475369195811000
P,Key.backspace,1654475369283503000
R,Key.backspace,1654475369339805000
P,Key.backspace,1654475369403672000
R,Key.backspace,1654475369587823000
P,'2',1654475370315888000
R,'2',1654475370451773000
P,'0',1654475370515800000
R,'0',1654475370603551000
P,Key.backspace,1654475371259657000
R,Key.backspace,1654475371371636000
P,Key.backspace,1654475371451502000
R,Key.backspace,1654475371571625000
P,Key.shift,1654475372404508000
R,Key.shift,1654475372499738000
P,'2',1654475372715605000
P,Key.shift,1654475372747694000
R,'@',1654475372787855000
R,Key.shift,1654475372804486000
P,'2',1654475374075652000
R,'2',1654475374259480000
P,'0',1654475374363503000
R,'0',1654475374435623000
P,'0',1654475374498679000
R,'0',1654475374611448000
P,Key.backspace,1654475375059351000
R,Key.backspace,1654475375131519000
P,Key.backspace,1654475375235285000
R,Key.backspace,1654475375346621000
P,Key.backspace,1654475375619474000
R,Key.backspace,1654475375707384000
P,'0',1654475376283375000
R,'0',1654475376395266000
P,'2',1654475376427321000
R,'2',1654475376531356000
P,'2',1654475376635506000
R,'2',1654475376739260000
P,Key.left,1654475381275295000
R,Key.left,1654475381379117000
P,Key.shift,1654475381954542000
P,'@',1654475382242858000
R,'@',1654475382378935000
R,Key.shift,1654475382515115000
P,Key.shift,1654475411465715000
P,'T',1654475411577635000
R,'T',1654475411657073000
R,Key.shift,1654475411673721000
P,'h',1654475411785617000
R,'h',1654475411857711000
P,'e',1654475411953690000
R,'e',1654475412089669000
P,Key.space,1654475412137621000
R,Key.space,1654475412233548000
P,'s',1654475412833544000
R,'s',1654475412929645000
P,'k',1654475413121627000
R,'k',1654475413233360000
P,'y',1654475413408857000
R,'y',1654475413497487000
P,Key.space,1654475413585463000
R,Key.space,1654475413705560000
P,'i',1654475414193423000
R,'i',1654475414273547000
P,'s',1654475414289471000
P,Key.space,1654475414401466000
R,'s',1654475414408955000
R,Key.space,1654475414497227000
P,'t',1654475414649474000
R,'t',1654475414737448000
P,'h',1654475414745556000
R,'h',1654475414817450000
P,Key.space,1654475415121368000
R,Key.space,1654475415209416000
P,Key.backspace,1654475415545521000
R,Key.backspace,1654475415641452000
P,'e',1654475416177515000
R,'e',1654475416305826000
P,Key.space,1654475416353454000
R,Key.space,1654475416449351000
P,'l',1654475416625209000
R,'l',1654475416713416000
P,'i',1654475416881190000
R,'i',1654475416985263000
P,'m',1654475417073560000
R,'m',1654475417177442000
P,'i',1654475418273367000
R,'i',1654475418353340000
P,'t',1654475418417296000
R,'t',1654475418505267000
P,'.',1654475419449473000
R,'.',1654475419561295000
P,Key.space,1654475419665083000
R,Key.space,1654475419777333000
P,Key.shift,1654475421401193000
P,"'""'",1654475421625198000
R,"'""'",1654475421721104000
R,Key.shift,1654475421769098000
P,Key.shift,1654475422225178000
P,'O',1654475422441097000
R,Key.shift,1654475422521231000
R,'o',1654475422537033000
P,'u',1654475422697071000
R,'u',1654475422777059000
P,'r',1654475422873148000
R,'r',1654475422993112000
P,Key.space,1654475423217000000
R,Key.space,1654475423321069000
P,'e',1654475423560766000
R,'e',1654475423664958000
P,'a',1654475424089003000
R,'a',1654475424264850000
P,'r',1654475424296974000
R,'r',1654475424393051000
P,Key.space,1654475424561026000
R,Key.space,1654475424648890000
P,Key.backspace,1654475429000730000
R,Key.backspace,1654475429072700000
P,Key.backspace,1654475429168701000
R,Key.backspace,1654475429248503000
P,Key.backspace,1654475429320714000
R,Key.backspace,1654475429400677000
P,Key.backspace,1654475429464651000
R,Key.backspace,1654475429544715000
P,'f',1654475430448731000
R,'f',1654475430544802000
P,'e',1654475430592750000
R,'e',1654475430680535000
P,'a',1654475430880682000
R,'a',1654475431024743000
P,'r',1654475431048735000
R,'r',1654475431144346000
P,Key.space,1654475431184607000
R,Key.space,1654475431328442000
P,'i',1654475431768599000
R,'i',1654475431856641000
P,'s',1654475431880599000
R,'s',1654475431984606000
P,Key.space,1654475431992568000
R,Key.space,1654475432096401000
P,Key.backspace,1654475432864612000
R,Key.backspace,1654475432968521000
P,Key.space,1654475433352503000
R,Key.space,1654475433472559000
P,'t',1654475433776600000
R,'t',1654475433864500000
P,'h',1654475433960450000
R,'h',1654475434047995000
P,'a',1654475434071901000
R,'a',1654475434184463000
P,'t',1654475434208470000
R,'t',1654475434312490000
P,Key.space,1654475434352441000
R,Key.space,1654475434456515000
P,'w',1654475434536468000
R,'w',1654475434624560000
P,'e',1654475434736420000
R,'e',1654475434824575000
P,Key.space,1654475434880921000
R,Key.space,1654475434976486000
P,'a',1654475435088490000
R,'a',1654475435232393000
P,'r',1654475435399614000
R,'r',1654475435496405000
P,'e',1654475435592398000
R,'e',1654475435696401000
P,Key.space,1654475436344430000
R,Key.space,1654475436464431000
P,'i',1654475437400259000
R,'i',1654475437496380000
P,'n',1654475437584153000
R,'n',1654475437664369000
P,'e',1654475437743627000
R,'e',1654475437847867000
P,'e',1654475437944363000
R,'e',1654475438080130000
P,Key.backspace,1654475438512310000
R,Key.backspace,1654475438632320000
P,'a',1654475439352245000
R,'a',1654475439472165000
P,'d',1654475439624314000
R,'d',1654475439736200000
P,'e',1654475439808044000
R,'e',1654475439895831000
P,'q',1654475440560231000
R,'q',1654475440680152000
P,'u',1654475440840140000
R,'u',1654475440919769000
P,'a',1654475440952124000
R,'a',1654475441128115000
P,'t',1654475441135888000
R,'t',1654475441192189000
P,'e',1654475441312199000
R,'e',1654475441408105000
P,"','",1654475442144168000
R,"','",1654475442256109000
P,Key.space,1654475442336031000
R,Key.space,1654475442464079000
P,'u',1654475442832018000
R,'u',1654475442936001000
P,Key.backspace,1654475443519979000
R,Key.backspace,1654475443640044000
P,'b',1654475444480039000
R,'b',1654475444551861000
P,'u',1654475445144009000
R,'u',1654475445239755000
P,'t',1654475445247948000
R,'t',1654475445335916000
P,Key.space,1654475445391949000
R,Key.space,1654475445471834000
P,'o',1654475445592011000
R,'o',1654475445679848000
P,'u',1654475445871854000
R,'u',1654475445967785000
P,'r',1654475446015881000
R,'r',1654475446111932000
P,Key.space,1654475446215844000
R,Key.space,1654475446319545000
P,'f',1654475446335658000
R,'f',1654475446447939000
P,'e',1654475446591940000
R,'e',1654475446687866000
P,'a',1654475446839923000
R,'a',1654475447031661000
P,'r',1654475447055769000
R,'r',1654475447143887000
P,Key.space,1654475447215866000
R,Key.space,1654475447327854000
P,'i',1654475447951636000
R,'i',1654475448063638000
P,'s',1654475448071782000
P,Key.space,1654475448215833000
R,'s',1654475448231835000
R,Key.space,1654475448375808000
P,'t',1654475448447974000
R,'t',1654475448511664000
P,'h',1654475448631722000
R,'h',1654475448719727000
P,'a',1654475448767735000
P,'t',1654475448928131000
R,'a',1654475448943332000
R,'t',1654475449015791000
P,Key.space,1654475449087759000
R,Key.space,1654475449199748000
P,'w',1654475449616273000
R,'w',1654475449767751000
P,'e',1654475449839776000
R,'e',1654475449983749000
P,Key.space,1654475450095780000
R,Key.space,1654475450191598000
P,'a',1654475451543776000
R,'a',1654475451647645000
P,'r',1654475451823590000
R,'r',1654475451919481000
P,'e',1654475452015253000
R,'e',1654475452111622000
P,Key.space,1654475452143728000
R,Key.space,1654475452231599000
P,'p',1654475452343630000
R,'p',1654475452431527000
P,'o',1654475452535397000
R,'o',1654475452623557000
P,'w',1654475452975585000
R,'w',1654475453087514000
P,'e',1654475453191375000
R,'e',1654475453287503000
P,'r',1654475453383588000
R,'r',1654475453463563000
P,'f',1654475453983499000
R,'f',1654475454079540000
P,'i',1654475454175676000
R,'i',1654475454223535000
P,Key.backspace,1654475454583586000
R,Key.backspace,1654475454687475000
P,'u',1654475455225220000
R,'u',1654475455303397000
P,'l',1654475457447376000
R,'l',1654475457535104000
P,Key.space,1654475457639262000
R,Key.space,1654475457767246000
P,'e',1654475458087284000
R,'e',1654475458167342000
P,Key.backspace,1654475459063090000
R,Key.backspace,1654475459191163000
P,'b',1654475459735258000
R,'b',1654475459847249000
P,'e',1654475460039181000
R,'e',1654475460190809000
P,'y',1654475460286727000
R,'y',1654475460383222000
P,'o',1654475460727011000
R,'o',1654475460831220000
P,'n',1654475460959249000
R,'n',1654475461055129000
P,'d',1654475461086881000
R,'d',1654475461207098000
P,Key.space,1654475461215089000
R,Key.space,1654475461319090000
P,'m',1654475462231161000
R,'m',1654475462367109000
P,'e',1654475462374748000
R,'e',1654475462479158000
P,'a',1654475462999098000
R,'a',1654475463183070000
P,'s',1654475463286847000
R,'s',1654475463431074000
P,'u',1654475463454997000
R,'u',1654475463543088000
P,'r',1654475463622877000
R,'r',1654475463703061000
P,'e',1654475463831074000
R,'e',1654475463958970000
P,Key.shift_r,1654475465030851000
P,"'""'",1654475465446985000
R,Key.shift_r,1654475465559129000
R,"""'""",1654475465566899000
P,Key.space,1654475465958958000
R,Key.space,1654475465982879000
P,Key.shift,1654475467774883000
P,'(',1654475468182977000
R,'(',1654475468279343000
R,Key.shift,1654475468302864000
P,Key.shift,1654475468446989000
P,'C',1654475468654315000
R,'C',1654475468734760000
R,Key.shift,1654475468790787000
P,'o',1654475469142805000
P,'a',1654475469238737000
R,'o',1654475469254508000
R,'a',1654475469334700000
P,'c',1654475469478799000
R,'c',1654475469606681000
P,'h',1654475469622477000
R,'h',1654475469734617000
P,Key.space,1654475470118798000
R,Key.space,1654475470254453000
P,Key.shift,1654475470390744000
P,'C',1654475470518743000
R,Key.shift,1654475470582722000
R,'c',1654475470622593000
P,'a',1654475470686514000
P,'r',1654475470798743000
R,'a',1654475470838624000
R,'r',1654475470894626000
P,'t',1654475470982557000
R,'t',1654475471078791000
P,'e',1654475471142807000
P,'r',1654475471310618000
R,'e',1654475471318080000
R,'r',1654475471414751000
P,Key.shift,1654475472118714000
P,')',1654475472294370000
R,')',1654475472398455000
R,Key.shift,1654475472430778000
P,Key.left,1654475478638099000
R,Key.left,1654475478790067000
P,Key.left,1654475479078270000
R,Key.left,1654475479173996000
P,Key.left,1654475479390183000
R,Key.left,1654475479518224000
P,Key.backspace,1654475480086236000
R,Key.backspace,1654475480182184000
P,Key.cmd,1654475490013440000
P,Key.tab,1654475490237611000
R,Key.tab,1654475490469681000
R,Key.cmd,1654475490493711000
P,Key.ctrl,1654475493461529000
P,'c',1654475493757360000
P,Key.cmd,1654475775118608000
P,Key.tab,1654475775381930000
R,Key.tab,1654475775589648000
R,Key.cmd,1654475775597903000
P,Key.shift,1654475822037024000
P,'T',1654475823548893000
R,'T',1654475823620926000
R,Key.shift,1654475823645052000
P,'h',1654475823748887000
R,'h',1654475823820904000
P,'i',1654475824108960000
R,'i',1654475824212846000
P,'s',1654475824276953000
P,Key.space,1654475824356867000
R,'s',1654475824396918000
R,Key.space,1654475824492813000
P,'i',1654475824660151000
P,'s',1654475824756179000
R,'i',1654475824764090000
P,Key.space,1654475824844876000
R,'s',1654475824870496000
R,Key.space,1654475824988781000
P,'w',1654475825908719000
R,'w',1654475825996814000
P,'h',1654475826460605000
R,'h',1654475826540697000
P,'a',1654475826588697000
R,'a',1654475826764677000
P,'t',1654475826788695000
R,'t',1654475826892733000
P,Key.space,1654475826972655000
R,Key.space,1654475827092707000
P,Key.shift,1654475827860776000
P,'C',1654475827972607000
R,'C',1654475828044775000
R,Key.shift,1654475828068740000
P,'g',1654475828324681000
R,'g',1654475828388573000
P,Key.backspace,1654475829412638000
R,Key.backspace,1654475829516523000
P,'h',1654475829916706000
R,'h',1654475830004222000
P,'r',1654475830196084000
R,'r',1654475830292339000
P,'i',1654475830692370000
R,'i',1654475830796282000
P,'s',1654475830908485000
R,'s',1654475831092460000
P,Key.space,1654475833148287000
R,Key.space,1654475833308309000
P,Key.shift,1654475833756497000
P,'R',1654475833948283000
R,Key.shift,1654475834004091000
R,'r',1654475834012015000
P,'o',1654475834452262000
R,'o',1654475834564149000
P,'c',1654475834860154000
R,'c',1654475834932381000
P,'k',1654475835356115000
R,'k',1654475835468165000
P,Key.space,1654475835627861000
R,Key.space,1654475835723535000
P,'w',1654475836531709000
R,'w',1654475836619856000
P,'a',1654475836691810000
P,'s',1654475836811844000
R,'a',1654475836851778000
R,'s',1654475836915947000
P,Key.space,1654475837043706000
R,Key.space,1654475837179796000
P,'t',1654475837275857000
R,'t',1654475837347830000
P,'h',1654475837596088000
R,'h',1654475837667903000
P,'i',1654475837948021000
R,'i',1654475838043936000
P,'n',1654475838171930000
R,'n',1654475838259913000
P,'k',1654475838355912000
R,'k',1654475838459863000
P,'i',1654475838580432000
R,'i',1654475838636016000
P,'n',1654475838731727000
R,'n',1654475838827892000
P,'g',1654475839027957000
R,'g',1654475839131913000
P,Key.space,1654475840675255000
R,Key.space,1654475840811801000
P,'o',1654475840971339000
R,'o',1654475841067809000
P,'f',1654475841195672000
R,'f',1654475841291678000
P,Key.space,1654475841355557000
R,Key.space,1654475841475728000
P,'w',1654475843787686000
P,'h',1654475843963569000
R,'w',1654475843987491000
R,'h',1654475844035786000
P,'i',1654475844163641000
R,'i',1654475844251507000
P,'l',1654475844395507000
R,'l',1654475844507530000
P,Key.space,1654475844683419000
R,Key.space,1654475844771385000
P,Key.backspace,1654475845179478000
R,Key.backspace,1654475845299445000
P,'e',1654475846163573000
R,'e',1654475846283500000
P,Key.space,1654475846387483000
R,Key.space,1654475846515436000
P,'d',1654475846611355000
R,'d',1654475846731460000
P,'e',1654475846763464000
R,'e',1654475846891363000
P,'b',1654475847059388000
R,'b',1654475847147363000
P,'a',1654475847315140000
R,'a',1654475847491345000
P,'t',1654475847571323000
R,'t',1654475847643448000
P,'i',1654475847955426000
R,'i',1654475848067339000
P,'n',1654475848155153000
R,'n',1654475848259294000
P,'g',1654475848419305000
R,'g',1654475848523254000
P,Key.space,1654475848691279000
R,Key.space,1654475848714756000
P,'i',1654475849059275000
R,'i',1654475849163276000
P,'n',1654475849235258000
R,'n',1654475849331070000
P,Key.space,1654475849386976000
R,Key.space,1654475849483277000
P,'h',1654475849531118000
R,'h',1654475849603294000
P,'i',1654475849722778000
R,'i',1654475849803269000
P,'s',1654475849979290000
R,'s',1654475850138967000
P,Key.space,1654475850179269000
R,Key.space,1654475850259158000
P,'h',1654475859346554000
R,'h',1654475859450689000
P,'e',1654475859562536000
R,'e',1654475859658641000
P,'a',1654475860115701000
R,'a',1654475860274577000
P,'d',1654475860386687000
R,'d',1654475860506486000
P,Key.space,1654475860578656000
R,Key.space,1654475860690356000
P,'w',1654475860802645000
R,'w',1654475860946550000
P,'h',1654475861202443000
R,'h',1654475861290449000
P,'e',1654475861370499000
R,'e',1654475861546420000
P,'t',1654475861666558000
R,'t',1654475861785844000
P,'e',1654475861817817000
R,'e',1654475861922941000
P,'r',1654475862082574000
R,'r',1654475862194478000
P,Key.space,1654475862586398000
R,Key.space,1654475862698541000
P,Key.backspace,1654475863250396000
R,Key.backspace,1654475863354382000
P,Key.backspace,1654475863442394000
R,Key.backspace,1654475863530550000
P,Key.backspace,1654475863842355000
R,Key.backspace,1654475863970418000
P,'h',1654475864682218000
R,'h',1654475864754336000
P,'e',1654475864770273000
R,'e',1654475864850419000
P,'r',1654475865370326000
R,'r',1654475865482375000
P,Key.space,1654475865522339000
R,Key.space,1654475865626216000
P,'o',1654475866130332000
R,'o',1654475866234262000
P,'r',1654475866258178000
P,Key.space,1654475866362322000
R,'r',1654475866369708000
R,Key.space,1654475866458202000
P,'n',1654475866546361000
R,'n',1654475866650326000
P,'o',1654475866714317000
R,'o',1654475866818305000
P,'t',1654475866962289000
R,'t',1654475867138291000
P,Key.space,1654475867194025000
R,Key.space,1654475867322152000
P,'t',1654475867994159000
R,'t',1654475868154226000
P,'o',1654475868162171000
R,'o',1654475868297983000
P,Key.space,1654475868490179000
R,Key.space,1654475868626099000
P,'s',1654475869330109000
R,'s',1654475869434080000
P,'l',1654475869530072000
R,'l',1654475869657881000
P,'a',1654475869762059000
R,'a',1654475869905803000
P,'p',1654475869954164000
R,'p',1654475870066063000
P,Key.space,1654475870730031000
R,Key.space,1654475870866063000
P,Key.shift,1654475872873936000
P,'W',1654475873345821000
R,'W',1654475873409839000
R,Key.shift,1654475873417918000
P,'i',1654475874082006000
R,'i',1654475874177687000
P,'l',1654475874305918000
R,'l',1654475874393795000
P,'l',1654475874457785000
R,'l',1654475874561818000
P,Key.space,1654475874905845000
R,Key.space,1654475875033790000
P,Key.shift,1654475875473859000
P,'S',1654475875593730000
R,'S',1654475875665887000
R,Key.shift,1654475875705962000
P,'m',1654475876145685000
R,'m',1654475876241760000
P,'i',1654475876321907000
R,'i',1654475876433541000
P,'h',1654475876785675000
R,'h',1654475876897733000
P,Key.backspace,1654475877617505000
R,Key.backspace,1654475877761560000
P,'t',1654475878289681000
R,'t',1654475878401628000
P,'h',1654475878505628000
R,'h',1654475878601410000
P,'.',1654475879017585000
R,'.',1654475879105692000
P,Key.space,1654475879249496000
R,Key.space,1654475879433328000
P,Key.cmd,1654475892369281000
P,Key.tab,1654475892584961000
R,Key.tab,1654475892896724000
R,Key.cmd,1654475893184790000
P,Key.ctrl,1654475898904605000
P,'c',1654475899336497000
R,Key.cmd,1654476300657999000
R,Key.tab,1654476300673538000
P,Key.shift,1654476338343915000
P,'I',1654476338591753000
R,'I',1654476338687805000
R,Key.shift,1654476338727870000
P,Key.space,1654476338927778000
R,Key.space,1654476339031829000
P,'w',1654476339263854000
R,'w',1654476339391762000
P,'a',1654476339599777000
R,'a',1654476339767448000
P,'n',1654476339767976000
R,'n',1654476339863806000
P,'t',1654476340679778000
R,'t',1654476340791569000
P,Key.space,1654476340863740000
R,Key.space,1654476340975467000
P,'a',1654476341079786000
R,'a',1654476341239632000
P,Key.space,1654476341327649000
R,Key.space,1654476341431772000
P,'p',1654476342055691000
R,'p',1654476342151143000
P,'r',1654476342287609000
R,'r',1654476342383670000
P,'e',1654476342495606000
R,'e',1654476342599712000
P,'s',1654476343111592000
R,'s',1654476343279552000
P,'i',1654476343327253000
R,'i',1654476343431522000
P,'d',1654476343463657000
R,'d',1654476343567493000
P,'e',1654476343703521000
R,'e',1654476343815584000
P,'n',1654476343855585000
R,'n',1654476343967273000
P,'t',1654476344735493000
R,'t',1654476344847454000
P,Key.space,1654476345071389000
R,Key.space,1654476345175314000
P,'e',1654476346375385000
R,'e',1654476346471439000
P,'l',1654476346503453000
P,'e',1654476346599446000
R,'l',1654476346606866000
R,'e',1654476346703413000
P,'c',1654476346807347000
R,'c',1654476346895309000
P,'t',1654476347055300000
P,'e',1654476347135417000
R,'t',1654476347150632000
R,'e',1654476347215189000
P,'d',1654476347335403000
R,'d',1654476347447481000
P,Key.space,1654476347479283000
R,Key.space,1654476347574977000
P,'b',1654476347735363000
R,'b',1654476347831382000
P,Key.space,1654476348071101000
R,Key.space,1654476348183204000
P,Key.backspace,1654476348655133000
R,Key.backspace,1654476348751199000
P,'y',1654476349247359000
R,'y',1654476349343205000
P,Key.space,1654476349383251000
R,Key.space,1654476349487247000
P,'t',1654476349567271000
R,'t',1654476349647059000
P,'h',1654476349751199000
R,'h',1654476349838956000
P,'e',1654476349879137000
P,Key.space,1654476349967290000
R,'e',1654476349982502000
R,Key.space,1654476350063065000
P,'p',1654476350263161000
R,'p',1654476350367225000
P,'e',1654476350374864000
P,'o',1654476350471296000
R,'e',1654476350478982000
R,'o',1654476350527171000
P,'p',1654476350639142000
R,'p',1654476350711123000
P,'l',1654476350807122000
R,'l',1654476350903232000
P,'e',1654476350926916000
P,Key.space,1654476351047179000
R,'e',1654476351054616000
R,Key.space,1654476351151061000
P,'t',1654476351742999000
R,'t',1654476351831140000
P,'o',1654476352358993000
R,'o',1654476352463112000
P,Key.space,1654476352511012000
R,Key.space,1654476352615004000
P,'r',1654476352671002000
R,'r',1654476352767102000
P,'e',1654476352887075000
R,'e',1654476352967075000
P,'a',1654476353246926000
R,'a',1654476353422970000
P,'l',1654476353751119000
R,'l',1654476353862954000
P,'l',1654476353934844000
R,'l',1654476354047014000
P,'y',1654476354535021000
R,'y',1654476354622877000
P,Key.space,1654476354654728000
R,Key.space,1654476354806867000
P,'m',1654476355062912000
R,'m',1654476355166659000
P,'a',1654476355231002000
P,'k',1654476355350835000
R,'a',1654476355384628000
R,'k',1654476355446788000
P,'e',1654476355590974000
R,'e',1654476355694913000
P,Key.space,1654476355734887000
R,Key.space,1654476355822970000
P,Key.shift,1654476357254957000
P,'A',1654476357710722000
R,'A',1654476357830732000
R,Key.shift,1654476357838794000
P,'m',1654476357982905000
R,'m',1654476358078732000
P,'e',1654476358102746000
R,'e',1654476358214674000
P,'r',1654476358318713000
R,'r',1654476358406700000
P,'i',1654476358502767000
P,'c',1654476358606937000
R,'i',1654476358607657000
R,'c',1654476358710744000
P,'a',1654476359206673000
R,'a',1654476359334720000
P,'n',1654476359342299000
R,'n',1654476359438727000
P,'s',1654476359598753000
R,'s',1654476359718640000
P,Key.space,1654476359766782000
R,Key.space,1654476359862595000
P,'s',1654476360134483000
R,'s',1654476360270721000
P,'e',1654476360374790000
R,'e',1654476360438636000
P,'e',1654476360518675000
R,'e',1654476360614505000
P,Key.space,1654476360678562000
R,Key.space,1654476360790698000
P,'t',1654476361054060000
R,'t',1654476361158265000
P,'h',1654476361302626000
R,'h',1654476361382443000
P,'i',1654476361502610000
R,'i',1654476361598377000
P,'s',1654476361622527000
R,'s',1654476361734591000
P,Key.space,1654476364125927000
R,Key.space,1654476364278337000
P,'l',1654476364358472000
R,'l',1654476364446536000
P,'i',1654476364590458000
R,'i',1654476364686228000
P,'k',1654476364790420000
R,'k',1654476364894254000
P,'e',1654476365094197000
R,'e',1654476365270286000
P,Key.space,1654476365429673000
R,Key.space,1654476365518325000
P,'r',1654476365734375000
R,'r',1654476365830284000
P,'e',1654476365958255000
R,'e',1654476366054122000
P,'f',1654476366166283000
R,'f',1654476366294252000
P,'u',1654476366334325000
R,'u',1654476366430169000
P,'g',1654476366606390000
R,'g',1654476366694089000
P,'e',1654476366750220000
R,'e',1654476366854336000
P,'s',1654476367086398000
R,'s',1654476367174174000
P,'s',1654476367253981000
R,'s',1654476367398207000
P,Key.backspace,1654476368014148000
R,Key.backspace,1654476368094142000
P,Key.backspace,1654476368174206000
R,Key.backspace,1654476368287911000
P,'e',1654476368358116000
R,'e',1654476368462142000
P,'s',1654476369085967000
R,'s',1654476369230095000
P,Key.space,1654476369510056000
R,Key.space,1654476369622011000
P,'a',1654476369886029000
R,'a',1654476370046050000
P,'n',1654476370054069000
R,'n',1654476370182010000
P,'d',1654476370214033000
R,'d',1654476370342239000
P,Key.space,1654476370349805000
R,Key.space,1654476370429994000
P,'i',1654476370645845000
R,'i',1654476370766013000
P,'m',1654476370886109000
R,'m',1654476370974075000
P,'m',1654476371045998000
R,'m',1654476371181987000
P,'i',1654476371645963000
R,'i',1654476371790032000
P,'g',1654476372070028000
R,'g',1654476372165868000
P,'r',1654476372366027000
R,'r',1654476372470002000
P,'a',1654476372533997000
R,'a',1654476372670007000
P,'n',1654476372741947000
R,'n',1654476372845900000
P,'t',1654476372997913000
P,'s',1654476373110041000
R,'t',1654476373110788000
R,'s',1654476373213832000
P,Key.space,1654476373286058000
R,Key.space,1654476373397840000
P,'s',1654476373526108000
R,'s',1654476373637906000
P,'e',1654476373885929000
R,'e',1654476374005574000
P,'e',1654476374117834000
R,'e',1654476374261649000
P,Key.space,1654476374317690000
R,Key.space,1654476374429725000
P,'t',1654476374565877000
R,'t',1654476374669790000
P,'h',1654476374773769000
R,'h',1654476374861622000
P,'e',1654476374877610000
R,'e',1654476374981787000
P,Key.space,1654476374997747000
R,Key.space,1654476375101512000
P,Key.shift,1654476375519266000
P,'U',1654476375669747000
R,Key.shift,1654476375757801000
R,'u',1654476375781714000
P,'n',1654476375829733000
R,'n',1654476375933646000
P,'i',1654476376005839000
R,'i',1654476376117789000
P,'t',1654476376333441000
R,'t',1654476376429711000
P,'e',1654476376453570000
R,'e',1654476376541744000
P,'d',1654476376661161000
R,'d',1654476376789893000
P,Key.space,1654476376790556000
R,Key.space,1654476376885714000
P,Key.shift,1654476377157763000
P,'S',1654476377365677000
R,'S',1654476377429644000
R,Key.shift,1654476377437706000
P,'t',1654476377701709000
P,'a',1654476377797854000
R,'t',1654476377798414000
R,'a',1654476377917692000
P,'t',1654476377925356000
R,'t',1654476377997604000
P,'e',1654476378061732000
R,'e',1654476378149567000
P,'s',1654476378301684000
R,'s',1654476378421584000
P,'.',1654476378869418000
R,'.',1654476378957530000
P,Key.space,1654476378989488000
R,Key.space,1654476379109727000
P,Key.shift,1654476389876935000
P,'A',1654476390132928000
R,Key.shift,1654476390221071000
R,'a',1654476390276998000
P,'m',1654476390412926000
R,'m',1654476390516936000
P,'e',1654476390564917000
R,'e',1654476390668883000
P,'r',1654476390764911000
R,'r',1654476390876836000
P,'i',1654476390884534000
R,'i',1654476390980879000
P,'c',1654476391029030000
R,'c',1654476391140888000
P,'a',1654476391276878000
R,'a',1654476391420908000
P,'n',1654476391468580000
R,'n',1654476391556854000
P,Key.space,1654476392364808000
R,Key.space,1654476392524584000
P,Key.shift,1654476404852035000
P,'I',1654476405052041000
R,'I',1654476405187946000
R,Key.shift,1654476405220316000
P,Key.space,1654476405907908000
R,Key.space,1654476405988120000
P,'d',1654476406684013000
R,'d',1654476406764086000
P,'o',1654476406828088000
R,'o',1654476406931883000
P,'n',1654476407060121000
R,'n',1654476407140045000
P,'t',1654476407284000000
R,'t',1654476407396225000
P,Key.space,1654476407451879000
R,Key.space,1654476407555999000
P,'v',1654476407772021000
R,'v',1654476407859933000
P,'i',1654476407980101000
R,'i',1654476408075987000
P,'s',1654476408147768000
R,'s',1654476408251888000
P,'u',1654476408355968000
R,'u',1654476408427908000
P,'a',1654476408483887000
R,'a',1654476408587949000
P,'l',1654476408643884000
R,'l',1654476408748201000
P,'i',1654476408891872000
R,'i',1654476408988041000
P,'z',1654476409043728000
R,'z',1654476409163810000
P,'e',1654476409363841000
R,'e',1654476409443912000
P,Key.space,1654476409523883000
R,Key.space,1654476409627698000
P,'t',1654476411011850000
R,'t',1654476411099764000
P,'h',1654476411275882000
R,'h',1654476411331321000
P,'i',1654476411475823000
R,'i',1654476411571806000
P,'s',1654476411587744000
R,'s',1654476411683713000
P,Key.space,1654476411739838000
R,Key.space,1654476411811765000
P,'w',1654476412019710000
R,'w',1654476412171688000
P,'i',1654476412299697000
R,'i',1654476412403709000
P,'t',1654476412595757000
R,'t',1654476412683672000
P,'h',1654476412771659000
R,'h',1654476412867636000
P,Key.space,1654476412995704000
R,Key.space,1654476413115509000
P,'o',1654476413299645000
R,'o',1654476413427604000
P,'t',1654476413883617000
R,'t',1654476413987592000
P,'h',1654476414059668000
R,'h',1654476414163606000
P,'e',1654476414171599000
R,'e',1654476414251592000
P,'r',1654476414379704000
R,'r',1654476414475637000
P,Key.space,1654476414515511000
R,Key.space,1654476414603534000
P,'c',1654476414683575000
P,'o',1654476414787571000
R,'c',1654476414795023000
R,'o',1654476414899372000
P,'u',1654476415027637000
R,'u',1654476415131633000
P,'n',1654476415227764000
R,'n',1654476415339589000
P,'t',1654476415555602000
R,'t',1654476415643505000
P,'r',1654476415707356000
R,'r',1654476415811675000
P,'i',1654476415955373000
R,'i',1654476416051538000
P,'e',1654476416083386000
R,'e',1654476416187296000
P,'s',1654476416355547000
R,'s',1654476416475302000
P,"','",1654476418003379000
R,"','",1654476418099528000
P,Key.space,1654476418635311000
R,Key.space,1654476418731226000
P,'j',1654476419099133000
R,'j',1654476419195375000
P,'u',1654476419291396000
R,'u',1654476419403263000
P,'s',1654476419459446000
R,'s',1654476419587297000
P,'t',1654476419715282000
R,'t',1654476419811343000
P,Key.space,1654476420051251000
R,Key.space,1654476420155277000
P,'w',1654476421963012000
R,'w',1654476422059211000
P,'a',1654476422187129000
P,'n',1654476422331224000
R,'a',1654476422354474000
R,'n',1654476422411202000
P,'t',1654476422627185000
R,'t',1654476422755177000
P,Key.space,1654476422819461000
R,Key.space,1654476422939092000
P,'t',1654476423539040000
R,'t',1654476423627032000
P,'o',1654476423963109000
R,'o',1654476424107105000
P,Key.space,1654476424122827000
R,Key.space,1654476424290813000
P,'k',1654476424483114000
R,'k',1654476424602262000
P,'n',1654476424674359000
R,'n',1654476424762813000
P,'o',1654476424866837000
R,'o',1654476424970989000
P,'w',1654476425010833000
R,'w',1654476425114907000
P,Key.space,1654476425147001000
R,Key.space,1654476425250940000
P,'w',1654476425307068000
R,'w',1654476425386956000
P,'h',1654476425410258000
R,'h',1654476425499026000
P,'a',1654476425570953000
P,'t',1654476425723031000
R,'a',1654476425730403000
R,'t',1654476425827123000
P,Key.space,1654476425866662000
R,Key.space,1654476425970848000
P,'f',1654476426074900000
R,'f',1654476426194825000
P,'r',1654476426314986000
R,'r',1654476426410968000
P,'e',1654476426531053000
R,'e',1654476426586897000
P,'e',1654476426666737000
R,'e',1654476426738850000
P,'d',1654476426866702000
R,'d',1654476427002867000
P,'o',1654476427026955000
R,'o',1654476427138937000
P,'m',1654476427226951000
R,'m',1654476427314957000
P,Key.space,1654476427394896000
R,Key.space,1654476427482901000
P,'t',1654476427634847000
R,'t',1654476427722863000
P,'r',1654476427770837000
R,'r',1654476427874871000
P,'u',1654476428066644000
R,'u',1654476428138879000
P,'l',1654476428330784000
R,'l',1654476428434841000
P,'y',1654476428682764000
R,'y',1654476428778849000
P,Key.space,1654476428850599000
R,Key.space,1654476428954846000
P,'f',1654476429674852000
R,'f',1654476429778609000
P,'e',1654476429906718000
R,'e',1654476429978650000
P,'e',1654476430058780000
R,'e',1654476430154692000
P,'l',1654476430202452000
R,'l',1654476430298834000
P,Key.space,1654476430514672000
R,Key.space,1654476430618639000
P,Key.backspace,1654476431370606000
R,Key.backspace,1654476431466431000
P,'s',1654476431962829000
R,'s',1654476432082648000
P,Key.space,1654476432234449000
R,Key.space,1654476432338522000
P,'a',1654476432362640000
R,'a',1654476432458779000
P,'n',1654476432459536000
R,'n',1654476432546436000
P,'d',1654476432618556000
R,'d',1654476432714385000
P,Key.space,1654476432738514000
R,Key.space,1654476432810605000
P,'l',1654476432978546000
R,'l',1654476433075178000
P,'o',1654476433178602000
R,'o',1654476433250461000
P,'o',1654476433322527000
R,'o',1654476433386505000
P,'k',1654476433482610000
R,'k',1654476433570455000
P,'s',1654476433594568000
R,'s',1654476433674220000
P,Key.space,1654476433738453000
R,Key.space,1654476433818287000
P,'l',1654476433970411000
R,'l',1654476434074435000
P,'i',1654476434178451000
R,'i',1654476434258532000
P,'k',1654476434346230000
R,'k',1654476434434098000
P,'e',1654476434466572000
R,'e',1654476434554404000
P,'.',1654476435562475000
R,'.',1654476435658495000
P,"""'""",1654476439722161000
R,"""'""",1654476439785986000
P,'n',1654476444865958000
R,'n',1654476444977947000
P,Key.cmd,1654476451971039000
P,Key.tab,1654476452201625000
R,Key.tab,1654476452400769000
R,Key.cmd,1654476452408666000
P,Key.ctrl,1654476454273629000
P,'c',1654476455033430000
P,Key.shift,1654476844483726000
P,'C',1654476844683553000
R,Key.shift,1654476844731478000
R,'c',1654476844747469000
P,'o',1654476845243469000
R,'o',1654476845355503000
P,'a',1654476845395307000
R,'a',1654476845491596000
P,'c',1654476845627366000
R,'c',1654476845731460000
P,'h',1654476845795290000
R,'h',1654476845899521000
P,Key.space,1654476846011379000
R,Key.space,1654476846083503000
P,Key.shift,1654476846843458000
P,'C',1654476846987483000
R,Key.shift,1654476847035653000
R,'c',1654476847083455000
P,'a',1654476847186676000
P,'r',1654476847298960000
R,'a',1654476847306690000
R,'r',1654476847395238000
P,'t',1654476847515412000
P,'e',1654476847603300000
R,'t',1654476847628453000
R,'e',1654476847747352000
P,'r',1654476848563309000
R,'r',1654476848731278000
P,Key.space,1654476851842435000
R,Key.space,1654476851979073000
P,'i',1654476852195179000
R,'i',1654476852323079000
P,'s',1654476852339072000
R,'s',1654476852459151000
P,Key.space,1654476852522932000
R,Key.space,1654476852603139000
P,'t',1654476854954961000
R,'t',1654476855050761000
P,'o',1654476855146771000
R,'o',1654476855298932000
P,'u',1654476855410917000
R,'u',1654476855506899000
P,'g',1654476855522764000
R,'g',1654476855634997000
P,'h',1654476855658923000
R,'h',1654476855770997000
P,Key.space,1654476855898734000
R,Key.space,1654476855954717000
P,'l',1654476856466827000
R,'l',1654476856586856000
P,'o',1654476856666848000
R,'o',1654476856787039000
P,'v',1654476856787808000
R,'v',1654476856874891000
P,'e',1654476857010900000
R,'e',1654476857098834000
P,"','",1654476857698824000
R,"','",1654476857826867000
P,Key.space,1654476857850951000
R,Key.space,1654476857930761000
P,'b',1654476858058906000
R,'b',1654476858178787000
P,'u',1654476858394881000
P,'t',1654476858498757000
R,'u',1654476858506209000
R,'t',1654476858602585000
P,Key.space,1654476858618679000
R,Key.space,1654476858722813000
P,'i',1654476859218714000
R,'i',1654476859306700000
P,'s',1654476859370699000
R,'s',1654476859466694000
P,'n',1654476859546582000
R,'n',1654476859618752000
P,"""'""",1654476860242710000
R,"""'""",1654476860346706000
P,'t',1654476860426716000
R,'t',1654476860530652000
P,Key.space,1654476860610613000
R,Key.space,1654476860738547000
P,'a',1654476861083010000
R,'a',1654476861226677000
P,'l',1654476861234357000
R,'l',1654476861322597000
P,'l',1654476861386657000
R,'l',1654476861506571000
P,Key.space,1654476861594524000
P,'t',1654476861706553000
R,Key.space,1654476861714002000
P,'o',1654476861818712000
R,'t',1654476861819421000
R,'o',1654476861922717000
P,'u',1654476862082558000
R,'u',1654476862178560000
P,'g',1654476862210602000
R,'g',1654476862298534000
P,'h',1654476862314385000
R,'h',1654476862402374000
P,Key.space,1654476862562621000
R,Key.space,1654476862666504000
P,'l',1654476863482473000
R,'l',1654476863594451000
P,'o',1654476863698496000
R,'o',1654476863818624000
P,'v',1654476863826468000
R,'v',1654476863914470000
P,'e',1654476864082466000
R,'e',1654476864210507000
P,Key.space,1654476864506386000
R,Key.space,1654476864634229000
P,'m',1654476868938197000
P,'e',1654476869042463000
R,'m',1654476869043214000
R,'e',1654476869122237000
P,'a',1654476869290146000
R,'a',1654476869458130000
P,'n',1654476869490181000
R,'n',1654476869570214000
P,'t',1654476869682137000
R,'t',1654476869794074000
P,Key.space,1654476869810056000
R,Key.space,1654476869906078000
P,'w',1654476870322087000
R,'w',1654476870442074000
P,'i',1654476870562173000
R,'i',1654476870658127000
P,'t',1654476870706071000
R,'t',1654476870810190000
P,'h',1654476870817796000
R,'h',1654476870897897000
P,Key.space,1654476870986105000
R,Key.space,1654476871106085000
P,'p',1654476871354033000
R,'p',1654476871474154000
P,'e',1654476871489980000
R,'e',1654476871570100000
P,'a',1654476871810086000
R,'a',1654476871945993000
P,'c',1654476872057992000
R,'c',1654476872162062000
P,'e',1654476872561957000
R,'e',1654476872705942000
P,'f',1654476872794046000
R,'f',1654476872897776000
P,'u',1654476872922016000
R,'u',1654476873010014000
P,'l',1654476873162019000
R,'l',1654476873265935000
P,Key.space,1654476874057940000
R,Key.space,1654476874185909000
P,'i',1654476874369937000
R,'i',1654476874497122000
P,'n',1654476874593852000
R,'n',1654476874681341000
P,'t',1654476874713145000
R,'t',1654476874801185000
P,'e',1654476874961919000
R,'e',1654476875081819000
P,'n',1654476875089507000
R,'n',1654476875177797000
P,'t',1654476875305824000
R,'t',1654476875394206000
P,'i',1654476875497725000
R,'i',1654476875593850000
P,'o',1654476875665793000
R,'o',1654476875761854000
P,'n',1654476875865795000
R,'n',1654476875953808000
P,'s',1654476876009860000
R,'s',1654476876113749000
P,Key.shift_r,1654476876513878000
R,Key.shift_r,1654476876969967000
P,Key.shift_r,1654476877833679000
P,'?',1654476878145803000
R,Key.shift_r,1654476878305764000
R,'/',1654476878321591000
P,Key.cmd,1654476883704950000
P,Key.tab,1654476883834283000
R,Key.cmd,1654476884025410000
R,Key.tab,1654476884066901000
P,Key.ctrl,1654476885865169000
P,'c',1654476886185300000
P,Key.shift,1654477197423139000
P,'W',1654477197751770000
R,Key.shift,1654477197855890000
R,'w',1654477197887814000
P,'i',1654477198047854000
R,'i',1654477198143890000
P,'l',1654477198287822000
R,'l',1654477198359817000
P,'l',1654477198431781000
R,'l',1654477198535713000
P,Key.space,1654477198687758000
R,Key.space,1654477198807692000
P,Key.shift,1654477199079792000
P,'S',1654477199327891000
R,Key.shift,1654477199375753000
P,'m',1654477199455976000
R,'s',1654477199456687000
R,'m',1654477199567684000
P,'i',1654477199631790000
R,'i',1654477199767658000
P,'t',1654477199815535000
R,'t',1654477199975728000
P,'h',1654477200015455000
R,'h',1654477200103635000
P,Key.space,1654477200199608000
R,Key.space,1654477200295657000
P,'i',1654477200423746000
R,'i',1654477200519676000
P,'s',1654477200551580000
R,'s',1654477200687649000
P,Key.space,1654477200735537000
R,Key.space,1654477200823626000
P,'i',1654477201087576000
R,'i',1654477201191630000
P,'n',1654477201279671000
R,'n',1654477201375615000
P,Key.space,1654477201471546000
R,Key.space,1654477201583498000
P,Key.shift,1654477201735625000
R,Key.shift,1654477201999545000
P,'r',1654477205016381000
R,'r',1654477205103340000
P,'e',1654477205199093000
R,'e',1654477205287313000
P,'h',1654477205511393000
R,'h',1654477205591426000
P,'a',1654477205663335000
R,'a',1654477205767321000
P,'b',1654477205783232000
R,'b',1654477205863384000
P,"','",1654477206623293000
R,"','",1654477206711345000
P,Key.space,1654477206959292000
R,Key.space,1654477207063282000
P,'t',1654477207623297000
R,'t',1654477207719193000
P,'h',1654477208087288000
R,'h',1654477208191185000
P,'i',1654477208343259000
R,'i',1654477208415303000
P,'s',1654477208463014000
R,'s',1654477208582967000
P,Key.backspace,1654477209191171000
R,Key.backspace,1654477209295151000
P,'n',1654477209512179000
R,'n',1654477209575070000
P,'k',1654477209679195000
R,'k',1654477209807163000
P,Key.space,1654477209895126000
R,Key.space,1654477209991139000
P,'o',1654477210127156000
R,'o',1654477210231163000
P,'f',1654477210375067000
R,'f',1654477210463103000
P,Key.space,1654477210519018000
R,Key.space,1654477210623010000
P,'a',1654477210783117000
R,'a',1654477210911134000
P,'l',1654477210911987000
R,'l',1654477210990875000
P,'l',1654477211055445000
R,'l',1654477211166842000
P,Key.space,1654477211215060000
R,Key.space,1654477211326802000
P,'t',1654477211679055000
R,'t',1654477211767387000
P,'h',1654477211855095000
R,'h',1654477211950898000
P,'e',1654477211983080000
R,'e',1654477212078971000
P,Key.space,1654477212094956000
R,Key.space,1654477212166799000
P,'y',1654477212215043000
R,'y',1654477212286932000
P,'o',1654477212463018000
R,'o',1654477212591013000
P,'u',1654477212734912000
R,'u',1654477212806935000
P,'n',1654477212902935000
R,'n',1654477213014811000
P,'g',1654477213158195000
R,'g',1654477213238203000
P,Key.space,1654477213350861000
R,Key.space,1654477213446973000
P,'b',1654477213887426000
R,'b',1654477213958872000
P,'l',1654477214695009000
P,'a',1654477214782834000
R,'l',1654477214790323000
R,'a',1654477214926752000
P,'c',1654477215094800000
R,'c',1654477215190767000
P,'k',1654477215206770000
R,'k',1654477215302774000
P,Key.space,1654477215374834000
R,Key.space,1654477215502728000
P,'b',1654477216014868000
R,'b',1654477216086727000
P,'o',1654477216422799000
R,'o',1654477216534605000
P,'y',1654477216742559000
R,'y',1654477216830636000
P,'s',1654477216854680000
R,'s',1654477216982822000
P,Key.space,1654477217590711000
R,Key.space,1654477217686690000
P,'w',1654477217918632000
R,'w',1654477218062276000
P,'h',1654477218078684000
R,'h',1654477218150176000
P,'o',1654477218302618000
R,'o',1654477218446702000
P,Key.space,1654477218510510000
R,Key.space,1654477218630407000
P,'d',1654477218886577000
R,'d',1654477219006569000
P,'o',1654477219022552000
R,'o',1654477219142626000
P,'n',1654477219350557000
R,'n',1654477219414707000
P,"""'""",1654477220038542000
R,"""'""",1654477220142604000
P,'t',1654477220422582000
R,'t',1654477220534591000
P,Key.space,1654477220590325000
R,Key.space,1654477220710469000
P,'h',1654477221102373000
R,'h',1654477221182216000
P,'a',1654477221190439000
R,'a',1654477221294517000
P,'v',1654477221350522000
R,'v',1654477221446419000
P,'e',1654477221502443000
R,'e',1654477221614379000
P,Key.space,1654477221694475000
R,Key.space,1654477221798451000
P,'f',1654477221934354000
R,'f',1654477222054397000
P,'a',1654477222910356000
R,'a',1654477223030530000
P,'m',1654477223158361000
R,'m',1654477223270693000
P,'e',1654477223302222000
R,'e',1654477223422319000
P,Key.space,1654477223542518000
R,Key.space,1654477223646308000
P,'n',1654477224158287000
R,'n',1654477224270270000
P,'d',1654477224510239000
R,'d',1654477224638254000
P,Key.space,1654477224726303000
R,Key.space,1654477224806308000
P,Key.backspace,1654477225102213000
R,Key.backspace,1654477225198272000
P,Key.backspace,1654477225294281000
R,Key.backspace,1654477225342161000
P,Key.backspace,1654477225430070000
R,Key.backspace,1654477225526137000
P,'a',1654477226038186000
R,'a',1654477226158182000
P,'n',1654477226262293000
R,'n',1654477226390237000
P,'d',1654477226430080000
R,'d',1654477226542157000
P,Key.space,1654477226550142000
R,Key.space,1654477226638087000
P,'w',1654477226677963000
R,'w',1654477226766167000
P,'e',1654477226870128000
R,'e',1654477226950309000
P,'a',1654477227101930000
R,'a',1654477227222120000
P,'l',1654477227326191000
R,'l',1654477227422120000
P,'t',1654477227510187000
R,'t',1654477227605938000
P,'h',1654477227630096000
R,'h',1654477227734073000
P,Key.space,1654477227822067000
R,Key.space,1654477227933875000
P,'b',1654477228038077000
R,'b',1654477228118009000
P,'e',1654477228150120000
R,'e',1654477228245760000
P,Key.space,1654477228334103000
R,Key.space,1654477228422115000
P,'t',1654477228662113000
R,'t',1654477228766020000
P,Key.backspace,1654477229405976000
R,Key.backspace,1654477229526021000
P,Key.backspace,1654477229613896000
R,Key.backspace,1654477229703709000
P,Key.backspace,1654477229829946000
R,Key.backspace,1654477229925994000
P,Key.backspace,1654477230014012000
R,Key.backspace,1654477230141946000
P,Key.backspace,1654477230221893000
R,Key.backspace,1654477230349877000
P,"','",1654477230877926000
R,"','",1654477230957980000
P,Key.space,1654477231077722000
R,Key.space,1654477231165866000
P,'t',1654477233229871000
R,'t',1654477233334193000
P,'h',1654477233349796000
R,'h',1654477233421767000
P,'e',1654477233597821000
R,'e',1654477233677831000
P,'r',1654477234605382000
R,'r',1654477234677030000
P,Key.backspace,1654477235109466000
R,Key.backspace,1654477235237630000
P,'i',1654477235621985000
R,'i',1654477235709408000
P,'r',1654477235741605000
P,Key.space,1654477235837603000
R,'r',1654477235845086000
R,Key.space,1654477235933660000
P,'l',1654477236045456000
R,'l',1654477236157650000
P,'o',1654477236269449000
R,'o',1654477236341676000
P,'o',1654477236405971000
R,'o',1654477236477664000
P,'k',1654477236589605000
R,'k',1654477236669547000
P,'i',1654477236749608000
R,'i',1654477236853569000
P,'n',1654477237117566000
R,'n',1654477237229514000
P,'g',1654477237277669000
P,Key.space,1654477237373527000
R,'g',1654477237388861000
R,Key.space,1654477237461585000
P,'u',1654477237684859000
R,'u',1654477237780981000
P,'p',1654477237941603000
R,'p',1654477238053327000
P,Key.space,1654477238157586000
R,Key.space,1654477238269541000
P,'s',1654477239021459000
R,'s',1654477239125454000
P,'i',1654477239189465000
R,'i',1654477239277531000
P,'x',1654477239517441000
R,'x',1654477239645298000
P,Key.space,1654477239693603000
R,Key.space,1654477239789373000
P,'f',1654477239877423000
R,'f',1654477239989395000
P,'e',1654477240277382000
R,'e',1654477240389465000
P,'e',1654477240525440000
R,'e',1654477240653330000
P,'t',1654477240837205000
R,'t',1654477240957344000
P,'.',1654477241573328000
R,'.',1654477241669183000
P,Key.space,1654477241708623000
R,Key.space,1654477241837138000
P,'.',1654477242853392000
R,'.',1654477242933351000
P,'.',1654477243053214000
R,'.',1654477243141296000
P,Key.backspace,1654477244789129000
R,Key.backspace,1654477244901162000
P,Key.backspace,1654477244957099000
R,Key.backspace,1654477245053056000
P,Key.backspace,1654477245141049000
R,Key.backspace,1654477245261145000
P,'.',1654477246078277000
R,'.',1654477246157045000
P,'.',1654477246260888000
R,'.',1654477246349141000
P,Key.cmd,1654477256820620000
P,Key.tab,1654477257044421000
R,Key.tab,1654477257214407000
R,Key.cmd,1654477257223740000
P,Key.ctrl,1654477264780061000
P,'c',1654477264987989000
P,Key.cmd,1654477586995140000
P,Key.tab,1654477587170830000
R,Key.cmd,1654477587274792000
R,Key.tab,1654477587306084000
P,Key.shift,1654477603746072000
P,'J',1654477604433882000
R,'J',1654477604513973000
R,Key.shift,1654477604562120000
P,'o',1654477605978320000
R,'o',1654477606081881000
P,'e',1654477606121668000
R,'e',1654477606241803000
P,Key.space,1654477606297863000
R,Key.space,1654477606385665000
P,'n',1654477606609651000
R,'n',1654477606721770000
P,'e',1654477606769817000
R,'e',1654477606841940000
P,'e',1654477606921848000
R,'e',1654477607041818000
P,'d',1654477607129711000
R,'d',1654477607241702000
P,'s',1654477607409773000
R,'s',1654477607553740000
P,Key.space,1654477607601715000
R,Key.space,1654477607705804000
P,'t',1654477608425802000
R,'t',1654477608529692000
P,'o',1654477608609555000
R,'o',1654477608713773000
P,Key.space,1654477608921730000
R,Key.space,1654477609025706000
P,'r',1654477622456988000
R,'r',1654477622545120000
P,'e',1654477622657118000
R,'e',1654477622745161000
P,'f',1654477622865147000
R,'f',1654477622944995000
P,'l',1654477623041087000
P,'e',1654477623137009000
R,'l',1654477623144432000
R,'e',1654477623233105000
P,'c',1654477623329102000
R,'c',1654477623409070000
P,'t',1654477623544992000
R,'t',1654477623624892000
P,Key.space,1654477623704911000
R,Key.space,1654477623809016000
P,'o',1654477623961044000
R,'o',1654477624065031000
P,'n',1654477624200967000
R,'n',1654477624281013000
P,Key.space,1654477624344895000
R,Key.space,1654477624424913000
P,'t',1654477624512985000
R,'t',1654477624600107000
P,'h',1654477624616166000
R,'h',1654477624704311000
P,'e',1654477625200819000
R,'e',1654477625304858000
P,Key.space,1654477625416947000
R,Key.space,1654477625552743000
P,'s',1654477625936878000
R,'s',1654477626024778000
P,'a',1654477626160949000
R,'a',1654477626304799000
P,'f',1654477626392933000
R,'f',1654477626472991000
P,'t',1654477626513041000
P,'e',1654477626576924000
R,'t',1654477626608622000
R,'e',1654477626656837000
P,'y',1654477626864834000
R,'y',1654477626960903000
P,Key.space,1654477627072786000
R,Key.space,1654477627192863000
P,'o',1654477627312896000
R,'o',1654477627408775000
P,'f',1654477627464880000
R,'f',1654477627576864000
P,Key.space,1654477628977029000
R,Key.space,1654477629136355000
P,'o',1654477629472412000
R,'o',1654477629576655000
P,'u',1654477629704700000
R,'u',1654477629784755000
P,'r',1654477629840687000
R,'r',1654477629952743000
P,Key.space,1654477629976590000
R,Key.space,1654477630080713000
P,Key.shift,1654477630432891000
P,'A',1654477630664515000
R,Key.shift,1654477630800888000
R,'a',1654477630808635000
P,'m',1654477630880658000
R,'m',1654477630992614000
P,'e',1654477631024583000
R,'e',1654477631136516000
P,'r',1654477631240642000
R,'r',1654477631336593000
P,'i',1654477631408679000
R,'i',1654477631504596000
P,'c',1654477631560672000
R,'c',1654477631656594000
P,'a',1654477631856574000
R,'a',1654477632000633000
P,'n',1654477632001448000
R,'n',1654477632088566000
P,Key.space,1654477632152608000
R,Key.space,1654477632256536000
P,'b',1654477634728522000
R,'b',1654477634816284000
P,'l',1654477635136513000
R,'l',1654477635232648000
P,'a',1654477635592273000
R,'a',1654477635712253000
P,'c',1654477635888070000
R,'c',1654477635976212000
P,'k',1654477636048214000
R,'k',1654477636144194000
P,Key.backspace,1654477636856306000
R,Key.backspace,1654477636920268000
P,Key.backspace,1654477637008196000
R,Key.backspace,1654477637080093000
P,Key.backspace,1654477637176114000
R,Key.backspace,1654477637240138000
P,Key.backspace,1654477637320223000
R,Key.backspace,1654477637392168000
P,Key.backspace,1654477637536100000
R,Key.backspace,1654477637648347000
P,'c',1654477641088006000
R,'c',1654477641208134000
P,'h',1654477641256138000
R,'h',1654477641344131000
P,'i',1654477641968098000
R,'i',1654477642056095000
P,'l',1654477642160096000
P,'d',1654477642232072000
R,'l',1654477642247373000
R,'d',1654477642352073000
P,'r',1654477642456079000
R,'r',1654477642536130000
P,'e',1654477642640059000
R,'e',1654477642744132000
P,'n',1654477642760017000
R,'n',1654477642856052000
P,Key.space,1654477642952109000
R,Key.space,1654477643039953000
P,'o',1654477643144065000
R,'o',1654477643232117000
P,'f',1654477643296119000
R,'f',1654477643408022000
P,Key.space,1654477643416014000
R,Key.space,1654477643528066000
P,'c',1654477643648115000
P,'o',1654477643744102000
R,'c',1654477643759301000
R,'o',1654477643832078000
P,'l',1654477643920116000
R,'l',1654477643999720000
P,'o',1654477644104087000
R,'o',1654477644192526000
P,'r',1654477644207702000
R,'r',1654477644303701000
P,'e',1654477644423984000
R,'e',1654477644488042000
P,'d',1654477644607563000
R,'d',1654477644704167000
P,Key.space,1654477644744012000
R,Key.space,1654477644879935000
P,Key.backspace,1654477645855909000
R,Key.backspace,1654477645943944000
P,Key.backspace,1654477646023881000
R,Key.backspace,1654477646103703000
P,Key.backspace,1654477646167946000
R,Key.backspace,1654477646297604000
P,Key.space,1654477646727739000
R,Key.space,1654477646855641000
P,'i',1654477646951932000
R,'i',1654477647063940000
P,'n',1654477647191849000
R,'n',1654477647295975000
P,Key.space,1654477647375920000
R,Key.space,1654477647471049000
P,'s',1654477648287921000
R,'s',1654477648407786000
P,'c',1654477648607635000
R,'c',1654477648727819000
P,'h',1654477648823784000
R,'h',1654477648895823000
P,'o',1654477649167831000
R,'o',1654477649231816000
P,'o',1654477649319843000
R,'o',1654477649407730000
P,'l',1654477649503713000
R,'l',1654477649583843000
P,'s',1654477649615694000
R,'s',1654477649727895000
P,'.',1654477649775731000
R,'.',1654477649863808000
P,Key.space,1654477650296121000
R,Key.space,1654477650391661000
P,Key.shift,1654477652775474000
P,'T',1654477652911420000
R,'T',1654477652991569000
R,Key.shift,1654477652999649000
P,'h',1654477653111585000
R,'h',1654477653207592000
P,Key.space,1654477653367603000
R,Key.space,1654477653463584000
P,Key.backspace,1654477653895585000
R,Key.backspace,1654477653991550000
P,'e',1654477654007516000
R,'e',1654477654119708000
P,Key.space,1654477654231595000
R,Key.space,1654477654335600000
P,'b',1654477654711501000
R,'b',1654477654807487000
P,'i',1654477654975478000
R,'i',1654477655071582000
P,'l',1654477655215561000
R,'l',1654477655294795000
P,'l',1654477655350803000
R,'l',1654477655447571000
P,'i',1654477655567572000
R,'i',1654477655639354000
P,'o',1654477655727526000
R,'o',1654477655815447000
P,'n',1654477655911510000
R,'n',1654477656007254000
P,'s',1654477656047535000
R,'s',1654477656159416000
P,Key.space,1654477656231501000
R,Key.space,1654477656311384000
P,'o',1654477656423421000
R,'o',1654477656511426000
P,'f',1654477656567467000
R,'f',1654477656663393000
P,Key.space,1654477656727437000
R,Key.space,1654477656815303000
P,'m',1654477656983253000
R,'m',1654477657079447000
P,'o',1654477657167673000
R,'o',1654477657255455000
P,'n',1654477657358714000
P,'e',1654477657446715000
R,'n',1654477657455240000
R,'e',1654477657558588000
P,'y',1654477657614866000
R,'y',1654477657694781000
P,Key.space,1654477657791014000
R,Key.space,1654477657895301000
P,'w',1654477658119348000
R,'w',1654477658199325000
P,'e',1654477658303315000
R,'e',1654477658391311000
P,Key.space,1654477658415179000
R,Key.space,1654477658519374000
P,'s',1654477658583378000
R,'s',1654477658679388000
P,'e',1654477658767289000
R,'e',1654477658871363000
P,'n',1654477658879306000
R,'n',1654477658975295000
P,'d',1654477659015284000
R,'d',1654477659127344000
P,Key.space,1654477659183339000
R,Key.space,1654477659303248000
P,'i',1654477659599463000
R,'i',1654477659679355000
P,'n',1654477659791256000
R,'n',1654477659895118000
P,Key.space,1654477659951286000
P,'a',1654477660063530000
R,Key.space,1654477660064064000
R,'a',1654477660199327000
P,'i',1654477660239223000
R,'i',1654477660343191000
P,'d',1654477660439279000
R,'d',1654477660535326000
P,Key.space,1654477660975476000
R,Key.space,1654477661111242000
P,'n',1654477661615297000
R,'n',1654477661710502000
P,'e',1654477661726475000
R,'e',1654477661822983000
P,'e',1654477661903233000
R,'e',1654477662007135000
P,'d',1654477662143133000
R,'d',1654477662262986000
P,Key.space,1654477662335186000
R,Key.space,1654477662406972000
P,'t',1654477662495132000
P,'o',1654477662599200000
R,'t',1654477662639438000
R,'o',1654477662687196000
P,Key.space,1654477662727130000
R,Key.space,1654477662823235000
P,'g',1654477662895189000
P,'o',1654477662999204000
R,'g',1654477663023131000
R,'o',1654477663087203000
P,Key.space,1654477663111150000
R,Key.space,1654477663239124000
P,'t',1654477663295181000
P,'o',1654477663422957000
R,'t',1654477663446741000
R,'o',1654477663503198000
P,Key.space,1654477663631027000
R,Key.space,1654477663655291000
P,'o',1654477663918828000
R,'o',1654477664046587000
P,'u',1654477664135134000
R,'u',1654477664222904000
P,'r',1654477664423184000
R,'r',1654477664535108000
P,Key.space,1654477664558981000
R,Key.space,1654477664695057000
P,'t',1654477664759045000
R,'t',1654477664871090000
P,'e',1654477665439095000
R,'e',1654477665550989000
P,'c',1654477666342957000
R,'c',1654477666423455000
P,Key.backspace,1654477667350743000
R,Key.backspace,1654477667462772000
P,'a',1654477667486962000
R,'a',1654477667638914000
P,'c',1654477668118499000
R,'c',1654477668238951000
P,'h',1654477668270868000
R,'h',1654477668350844000
P,'e',1654477668406925000
R,'e',1654477668518764000
P,'r',1654477668614825000
R,'r',1654477668694890000
P,'s',1654477668878893000
R,'s',1654477668990706000
P,'e',1654477687263023000
R,'e',1654477687429961000
P,Key.backspace,1654477689741787000
R,Key.backspace,1654477689861687000
P,"','",1654477705949152000
R,"','",1654477706077136000
P,Key.space,1654477712380729000
R,Key.space,1654477712556701000
P,'t',1654477713764701000
R,'t',1654477713852673000
P,'h',1654477713956669000
P,'e',1654477714052883000
R,'h',1654477714053467000
R,'e',1654477714148644000
P,'y',1654477714252706000
R,'y',1654477714340627000
P,Key.space,1654477714908393000
R,Key.space,1654477715044696000
P,'d',1654477715540679000
R,'d',1654477715644690000
P,'e',1654477715740429000
R,'e',1654477715828672000
P,'s',1654477715948583000
R,'s',1654477716060650000
P,'e',1654477716172547000
R,'e',1654477716260647000
P,'r',1654477716412584000
R,'r',1654477716516658000
P,'v',1654477716628658000
R,'v',1654477716716516000
P,'e',1654477716756522000
R,'e',1654477716844196000
P,Key.space,1654477717244674000
R,Key.space,1654477717332469000
P,'s',1654477723596321000
R,'s',1654477723732196000
P,'o',1654477723772202000
R,'o',1654477723884188000
P,Key.space,1654477723988260000
R,Key.space,1654477724124149000
P,'m',1654477724228293000
R,'m',1654477724340113000
P,'u',1654477724500018000
R,'u',1654477724596223000
P,'c',1654477724628268000
R,'c',1654477724724223000
P,'h',1654477724835549000
R,'h',1654477724932121000
P,Key.space,1654477725228112000
R,Key.space,1654477725332184000
P,'f',1654477726620052000
R,'f',1654477726747914000
P,'o',1654477726804150000
R,'o',1654477726883832000
P,'r',1654477726891776000
R,'r',1654477726971989000
P,Key.space,1654477727060095000
R,Key.space,1654477727148014000
P,'t',1654477727196047000
P,'h',1654477727316031000
R,'t',1654477727323506000
R,'h',1654477727396105000
P,'e',1654477727532030000
R,'e',1654477727643847000
P,'i',1654477727660017000
R,'i',1654477727756079000
P,'r',1654477727804491000
R,'r',1654477727915997000
P,Key.space,1654477727988050000
R,Key.space,1654477728076052000
P,'r',1654477729755884000
R,'r',1654477729843986000
P,'i',1654477730067913000
R,'i',1654477730147750000
P,'s',1654477730235883000
R,'s',1654477730363954000
P,'k',1654477730443955000
R,'k',1654477730515881000
P,'s',1654477730595965000
R,'s',1654477730699861000
P,Key.space,1654477730843919000
R,Key.space,1654477730947665000
P,'t',1654477731571720000
R,'t',1654477731675989000
P,'h',1654477731715810000
R,'h',1654477731795894000
P,'e',1654477731843887000
R,'e',1654477731971895000
P,'y',1654477732011582000
R,'y',1654477732091800000
P,Key.space,1654477732203850000
R,Key.space,1654477732307823000
P,'t',1654477732403866000
R,'t',1654477732475839000
P,'a',1654477732571734000
R,'a',1654477732723713000
P,'e',1654477732971730000
R,'e',1654477733035767000
P,Key.backspace,1654477733347824000
R,Key.backspace,1654477733451710000
P,'k',1654477733579817000
R,'k',1654477733699715000
P,'e',1654477733723840000
R,'e',1654477733859863000
P,Key.space,1654477733875686000
R,Key.space,1654477733995850000
P,'t',1654477734315601000
R,'t',1654477734459753000
P,'o',1654477734467103000
R,'o',1654477734571676000
P,Key.space,1654477734643744000
R,Key.space,1654477734723716000
P,'p',1654477734811753000
R,'p',1654477734907463000
P,'r',1654477734939868000
R,'r',1654477735059726000
P,'o',1654477735067686000
R,'o',1654477735155430000
P,'t',1654477735275834000
R,'t',1654477735387636000
P,'e',1654477735571644000
R,'e',1654477735667635000
P,'c',1654477735811640000
R,'c',1654477735931709000
P,'t',1654477735939636000
R,'t',1654477736035598000
P,Key.space,1654477736067579000
R,Key.space,1654477736147660000
P,'o',1654477736371665000
R,'o',1654477736467591000
P,'u',1654477736651445000
R,'u',1654477736763121000
P,'r',1654477736787646000
R,'r',1654477736883546000
P,Key.space,1654477737035537000
R,Key.space,1654477737115352000
P,'c',1654477737179650000
R,'c',1654477737275651000
P,'h',1654477737659293000
R,'h',1654477737755612000
P,'i',1654477738379530000
R,'i',1654477738459503000
P,'l',1654477738563617000
R,'l',1654477738659513000
P,'d',1654477738667003000
R,'d',1654477738747599000
P,'r',1654477738867490000
R,'r',1654477738971817000
P,'e',1654477739083198000
R,'e',1654477739195682000
P,'n',1654477739196687000
R,'n',1654477739275435000
P,'.',1654477739483457000
R,'.',1654477739587445000
P,Key.cmd,1654477746387158000
P,Key.tab,1654477746684158000
R,Key.tab,1654477746835192000
R,Key.cmd,1654477746845830000
P,Key.ctrl,1654477748515199000
P,'c',1654477748859039000
