P,'t',1655763444448710000
R,'t',1655763444544141000
P,'i',1655763444712619000
R,'i',1655763444784614000
P,Key.backspace,1655763445152523000
R,Key.backspace,1655763445232497000
P,Key.backspace,1655763445464473000
P,'w',1655763445536506000
R,Key.backspace,1655763445551711000
R,'w',1655763445648597000
P,'i',1655763445720511000
R,'i',1655763445792403000
P,Key.enter,1655763446000552000
R,Key.enter,1655763446047824000
P,'f',1655763453256265000
R,'f',1655763453384236000
P,'p',1655763453456297000
R,'p',1655763453600264000
P,'d',1655763453607980000
R,'d',1655763453712225000
P,Key.shift_r,1655763453856366000
P,'@',1655763453968222000
R,'@',1655763454104269000
R,Key.shift_r,1655763454143943000
P,'g',1655763454264189000
R,'g',1655763454335960000
P,'m',1655763454376201000
R,'m',1655763454488210000
P,'a',1655763454520086000
R,'a',1655763454624210000
P,'i',1655763454631959000
R,'i',1655763454728300000
P,'l',1655763454864204000
R,'l',1655763454912353000
P,'.',1655763455024304000
R,'.',1655763455120242000
P,'c',1655763455128004000
R,'c',1655763455216118000
P,'o',1655763455288223000
P,'m',1655763455376146000
R,'o',1655763455415813000
R,'m',1655763455464132000
P,Key.enter,1655763455624148000
R,Key.enter,1655763455696040000
P,'f',1655763457680074000
R,'f',1655763457792085000
P,'p',1655763457792867000
R,'p',1655763457928129000
P,'s',1655763458432092000
R,'s',1655763458536018000
P,Key.backspace,1655763458872056000
R,Key.backspace,1655763458928013000
P,'d',1655763459015393000
R,'d',1655763459088114000
P,'1',1655763459248053000
R,'1',1655763459375369000
P,'s',1655763459623981000
P,'o',1655763459728072000
R,'s',1655763459743348000
R,'o',1655763459824095000
P,'c',1655763459872031000
R,'c',1655763459887510000
P,'i',1655763460280063000
R,'i',1655763460359552000
P,'a',1655763460367981000
R,'a',1655763460511940000
P,'l',1655763460535955000
R,'l',1655763460623980000
P,Key.shift_r,1655763465247351000
P,'@',1655763465439688000
R,'@',1655763465551798000
R,Key.shift_r,1655763465559243000
P,'g',1655763465703674000
R,'g',1655763465807904000
P,'m',1655763465831636000
R,'m',1655763465943818000
P,'a',1655763465951255000
R,'a',1655763466039764000
P,'i',1655763466047832000
R,'i',1655763466159768000
P,'l',1655763466266265000
R,'l',1655763466335567000
P,'.',1655763466399792000
P,'c',1655763466527712000
R,'.',1655763466528344000
R,'c',1655763466631846000
P,'o',1655763466647744000
P,'m',1655763466767695000
R,'o',1655763466823658000
R,'m',1655763466871589000
P,Key.enter,1655763467015580000
R,Key.enter,1655763467087140000
P,Key.shift_r,1655763469439633000
R,Key.shift_r,1655763469631758000
P,Key.shift_r,1655763470295739000
R,Key.shift_r,1655763470519512000
R,Key.enter,1655763471991226000
P,Key.shift_r,1655763476511451000
R,Key.shift_r,1655763476935481000
P,Key.shift_r,1655763480415100000
R,Key.shift_r,1655763480543284000
P,Key.shift_r,1655763482679206000
R,Key.shift_r,1655763482823194000
P,'2',1655763487102744000
R,'2',1655763487198741000
P,Key.enter,1655763488510903000
R,Key.enter,1655763488590544000
P,'c',1655763510870170000
R,'c',1655763510990056000
P,'o',1655763511310090000
P,'a',1655763511502072000
R,'o',1655763511517383000
P,'x',1655763511590135000
R,'a',1655763511710062000
R,'x',1655763511734095000
P,'c',1655763511942031000
P,'h',1655763512134041000
R,'c',1655763512158634000
R,'h',1655763512326254000
P,'s',1655763512326961000
R,'s',1655763512381945000
P,'h',1655763512438020000
P,'e',1655763512710024000
P,'f',1655763512758078000
R,'h',1655763512758765000
R,'f',1655763512877825000
R,'e',1655763512885700000
P,'c',1655763513014035000
P,'h',1655763513165662000
R,'c',1655763513238018000
P,'a',1655763513270064000
R,'h',1655763513341797000
R,'a',1655763513477943000
P,'r',1655763513621982000
R,'r',1655763513765967000
P,'t',1655763513821986000
R,'t',1655763514109731000
P,'e',1655763514174210000
P,'r',1655763514285991000
R,'e',1655763514341924000
R,'r',1655763514509488000
P,'r',1655763514533956000
P,Key.space,1655763514749996000
R,'r',1655763514773920000
R,Key.space,1655763515029889000
P,'.',1655763521541675000
R,'.',1655763521781681000
P,Key.space,1655763525133510000
R,Key.space,1655763525285524000
P,'h',1655763527605515000
R,'h',1655763527685279000
P,'e',1655763527701453000
R,'e',1655763527805483000
P,Key.space,1655763527877403000
P,'w',1655763527957461000
R,Key.space,1655763527991377000
R,'w',1655763528037447000
P,'a',1655763528117622000
P,'s',1655763528205460000
R,'a',1655763528245418000
R,'s',1655763528317410000
P,Key.space,1655763528325549000
R,Key.space,1655763528405395000
P,'c',1655763528429456000
R,'c',1655763528500970000
P,'b',1655763528525453000
R,'b',1655763528621408000
P,'a',1655763528765506000
R,'a',1655763528853405000
P,Key.backspace,1655763528861013000
R,Key.backspace,1655763528957371000
P,'a',1655763529549619000
P,'l',1655763529645403000
R,'a',1655763529684596000
P,'d',1655763529773460000
R,'l',1655763529780882000
R,'d',1655763529861311000
P,'.',1655763530053353000
R,'.',1655763530141378000
P,Key.space,1655763530181343000
R,Key.space,1655763530301285000
P,'a',1655763530437328000
R,'a',1655763530525469000
P,'n',1655763530526256000
R,'n',1655763530629281000
P,'d',1655763530637122000
R,'d',1655763530717396000
P,Key.space,1655763530740869000
R,Key.space,1655763530820803000
P,'a',1655763530830989000
R,'a',1655763530933326000
P,'l',1655763530949288000
P,'s',1655763531037340000
R,'l',1655763531044723000
R,'s',1655763531141334000
P,'o',1655763531221381000
R,'o',1655763531293337000
P,Key.space,1655763531445346000
R,Key.space,1655763531541274000
P,'s',1655763537148991000
R,'s',1655763537237067000
P,'a',1655763537373051000
R,'a',1655763537469267000
P,'m',1655763537470056000
R,'m',1655763537565061000
P,'u',1655763537685169000
P,'e',1655763537749206000
R,'u',1655763537749820000
R,'e',1655763537861041000
P,'l',1655763537901075000
R,'l',1655763537997048000
P,Key.space,1655763538133020000
R,Key.space,1655763538188647000
P,'l',1655763538301131000
R,'l',1655763538357100000
P,Key.space,1655763538469001000
R,Key.space,1655763538540641000
P,'j',1655763538605045000
P,'a',1655763538669105000
R,'j',1655763538669714000
R,'a',1655763538764668000
P,'c',1655763538860961000
R,'c',1655763538949039000
P,'s',1655763539109035000
R,'s',1655763539142890000
P,'k',1655763539164908000
R,'k',1655763539228898000
P,Key.backspace,1655763539508975000
R,Key.backspace,1655763539564992000
P,Key.backspace,1655763539652934000
R,Key.backspace,1655763539701278000
P,'k',1655763539805083000
R,'k',1655763539876974000
P,'s',1655763539892753000
R,'s',1655763540020560000
P,'o',1655763540028365000
R,'o',1655763540148994000
P,Key.space,1655763540268771000
R,Key.space,1655763540340793000
P,Key.backspace,1655763540516818000
R,Key.backspace,1655763540581244000
P,'n',1655763540685026000
R,'n',1655763540757521000
P,Key.space,1655763540868983000
R,Key.space,1655763540884271000
P,'i',1655763540972930000
R,'i',1655763541052926000
P,'s',1655763541076999000
R,'s',1655763541132816000
P,Key.space,1655763541172920000
R,Key.space,1655763541261036000
P,'s',1655763541292993000
R,'s',1655763541364886000
P,'t',1655763541508950000
P,'i',1655763541580933000
R,'t',1655763541604461000
R,'i',1655763541644914000
P,'l',1655763541756912000
R,'l',1655763541804880000
P,'l',1655763541885019000
P,Key.space,1655763541948791000
R,'l',1655763541972418000
R,Key.space,1655763542092999000
P,'a',1655763542156380000
P,'l',1655763542244938000
R,'a',1655763542300982000
R,'l',1655763542332947000
P,'i',1655763542436999000
R,'i',1655763542548949000
P,'v',1655763542556695000
R,'v',1655763542620908000
P,'e',1655763542740974000
R,'e',1655763542820802000
P,Key.space,1655763542836868000
R,Key.space,1655763542900830000
P,'t',1655763542924859000
R,'t',1655763543012867000
P,'o',1655763543020646000
R,'o',1655763543092830000
P,Key.space,1655763543180869000
P,'t',1655763543252732000
R,Key.space,1655763543260220000
R,'t',1655763543372881000
P,'h',1655763543404856000
R,'h',1655763543460916000
P,'i',1655763543524922000
R,'i',1655763543612863000
P,'s',1655763543613606000
P,Key.space,1655763543724798000
R,'s',1655763543756436000
R,Key.space,1655763543796619000
P,'v',1655763543900841000
P,'e',1655763543980827000
R,'v',1655763544028860000
P,'r',1655763544092950000
P,'y',1655763544126680000
R,'e',1655763544132777000
R,'y',1655763544212838000
R,'r',1655763544244905000
P,Key.space,1655763544348883000
P,'d',1655763544460837000
R,Key.space,1655763544468304000
R,'d',1655763544540806000
P,'a',1655763544580878000
P,'y',1655763544684811000
R,'a',1655763544764855000
R,'y',1655763544772570000
P,'.',1655763545020964000
R,'.',1655763545075954000
P,Key.space,1655763545212737000
R,Key.space,1655763545428730000
P,'c',1655763561524209000
R,'c',1655763561628384000
P,'l',1655763561644168000
R,'l',1655763561692045000
P,'i',1655763561820203000
R,'i',1655763561884270000
P,'p',1655763562003473000
R,'p',1655763562076119000
P,'1',1655763562228182000
P,Key.shift_r,1655763562324170000
R,'!',1655763562355838000
P,Key.space,1655763562364145000
R,Key.shift_r,1655763562428635000
R,Key.space,1655763562500074000
P,Key.ctrl,1655763590083209000
P,'c',1655763590347212000
P,'w',1655763863760463000
R,'w',1655763863880909000
P,'i',1655763863888380000
R,'i',1655763863947522000
P,'l',1655763864073239000
R,'l',1655763864104291000
P,'l',1655763864184675000
R,'l',1655763864256729000
P,Key.space,1655763864363263000
R,Key.space,1655763864424788000
P,'s',1655763864473070000
P,'m',1655763864544870000
R,'s',1655763864576738000
R,'m',1655763864640395000
P,'i',1655763864752948000
R,'i',1655763864808794000
P,'t',1655763864833305000
P,'h',1655763864963377000
R,'t',1655763865001029000
R,'h',1655763865032752000
P,Key.space,1655763865208638000
R,Key.space,1655763865330133000
P,'.',1655763865384920000
R,'.',1655763865432113000
P,'.',1655763865544825000
R,'.',1655763865592678000
P,'.',1655763865680785000
R,'.',1655763866040522000
P,'.',1655763866240607000
R,'.',1655763866337193000
P,Key.space,1655763866544742000
R,Key.space,1655763866673036000
P,'i',1655763875112499000
R,'i',1655763875232332000
P,'f',1655763875256404000
R,'f',1655763875368730000
P,Key.space,1655763875392372000
R,Key.space,1655763875480381000
P,'t',1655763875488191000
R,'t',1655763875576470000
P,Key.backspace,1655763876384595000
P,Key.cmd,1655763876744494000
R,Key.backspace,1655763876824277000
P,'a',1655763876873029000
R,'a',1655763876968726000
R,Key.cmd,1655763877008809000
P,'t',1655763877160323000
R,'t',1655763877248381000
P,'a',1655763877392339000
P,'l',1655763877415688000
P,'k',1655763877528387000
R,'a',1655763877575944000
R,'l',1655763877623973000
R,'k',1655763877704971000
P,Key.space,1655763877831988000
R,Key.space,1655763877968793000
P,'s',1655763878136537000
P,'h',1655763878208545000
R,'s',1655763878240461000
R,'h',1655763878280296000
P,'i',1655763878336767000
P,'t',1655763878408803000
R,'i',1655763878415602000
R,'t',1655763878488473000
P,Key.space,1655763878528321000
P,'g',1655763878592277000
R,Key.space,1655763878656127000
R,'g',1655763878704689000
P,'e',1655763879031908000
R,'e',1655763879128304000
P,'e',1655763879224263000
R,'e',1655763879303600000
P,Key.backspace,1655763879688473000
R,Key.backspace,1655763879792206000
P,'t',1655763879865328000
P,Key.space,1655763880000173000
R,'t',1655763880039792000
P,'h',1655763880120233000
R,Key.space,1655763880151901000
R,'h',1655763880223874000
P,'i',1655763880344286000
P,'t',1655763880432309000
R,'i',1655763880439838000
R,'t',1655763880623750000
P,Key.space,1655763880912244000
R,Key.space,1655763881058601000
P,'.',1655763881384211000
R,'.',1655763881479782000
P,'.',1655763881568372000
P,'.',1655763882069684000
P,'.',1655763882153605000
P,'.',1655763882238063000
P,'.',1655763882321420000
P,'.',1655763882405463000
P,'.',1655763882489084000
R,'.',1655763882543707000
P,Key.space,1655763882624021000
R,Key.space,1655763882760089000
P,'c',1655763882865667000
R,'c',1655763882992103000
P,Key.backspace,1655763883615567000
R,Key.backspace,1655763883704278000
P,'n',1655763884815998000
P,'e',1655763884888204000
R,'n',1655763884936839000
R,'e',1655763884968171000
P,'v',1655763885056130000
R,'v',1655763885136662000
P,'e',1655763885255951000
R,'e',1655763885320001000
P,'r',1655763885368300000
P,Key.space,1655763885408433000
R,'r',1655763885431893000
R,Key.space,1655763885496011000
P,'t',1655763885992021000
P,'h',1655763886007316000
R,'t',1655763886079987000
R,'h',1655763886119993000
P,'o',1655763886576216000
P,'u',1655763886695995000
R,'o',1655763886727643000
R,'u',1655763886783585000
P,'h',1655763886943498000
R,'h',1655763886999983000
P,Key.backspace,1655763887368230000
R,Key.backspace,1655763887423894000
P,'g',1655763887447861000
R,'g',1655763887531777000
P,'h',1655763887559965000
R,'h',1655763887633009000
P,'t',1655763887647778000
R,'t',1655763887736341000
P,Key.space,1655763887759931000
R,Key.space,1655763887847432000
P,'t',1655763887904312000
P,'i',1655763887927318000
R,'i',1655763888008567000
R,'t',1655763888056039000
P,Key.space,1655763888111900000
R,Key.space,1655763888168047000
P,Key.backspace,1655763888368008000
R,Key.backspace,1655763888399519000
P,Key.backspace,1655763888487967000
R,Key.backspace,1655763888551868000
P,Key.backspace,1655763888615320000
R,Key.backspace,1655763888687653000
P,'i',1655763888791962000
P,'t',1655763888840781000
R,'i',1655763888855062000
R,'t',1655763888967837000
P,Key.space,1655763889023825000
R,Key.space,1655763889127886000
P,'w',1655763889695903000
R,'w',1655763889815457000
P,'o',1655763889927863000
P,'u',1655763890055876000
R,'o',1655763890095813000
R,'u',1655763890167777000
P,'l',1655763890272520000
R,'l',1655763890400052000
P,'d',1655763890433195000
R,'d',1655763890544229000
P,Key.space,1655763890559850000
R,Key.space,1655763890655741000
P,'b',1655763890727827000
P,'e',1655763890783835000
R,'b',1655763890816792000
R,'e',1655763890887958000
P,Key.space,1655763890936056000
R,Key.space,1655763891033238000
P,'t',1655763891063861000
R,'t',1655763891119872000
P,'r',1655763891256066000
R,'r',1655763891311363000
P,'u',1655763891319540000
R,'u',1655763891400034000
P,'e',1655763891415609000
R,'e',1655763891543611000
P,Key.space,1655763891551524000
P,'f',1655763891623229000
R,Key.space,1655763891632153000
R,'f',1655763891727729000
P,'o',1655763891751684000
R,'o',1655763891833367000
P,'r',1655763891847092000
R,'r',1655763891911777000
P,Key.space,1655763891935997000
R,Key.space,1655763892055860000
P,'e',1655763892408609000
R,'e',1655763892504283000
P,Key.backspace,1655763892727693000
R,Key.backspace,1655763892808650000
P,'c',1655763892823977000
R,'c',1655763892887085000
P,'e',1655763892991588000
R,'e',1655763893055922000
P,'l',1655763893079777000
R,'l',1655763893159686000
P,'e',1655763893200472000
R,'e',1655763893263777000
P,'b',1655763893311787000
R,'b',1655763893408386000
P,'r',1655763893423750000
R,'r',1655763893551723000
P,'i',1655763893833659000
R,'i',1655763893943902000
P,'t',1655763893944747000
P,'i',1655763894063849000
R,'t',1655763894066804000
R,'i',1655763894167580000
P,'e',1655763894191642000
R,'e',1655763894255653000
P,'s',1655763894391580000
R,'s',1655763894495710000
P,Key.space,1655763894511315000
R,Key.space,1655763894600563000
P,'b',1655763895143865000
R,'b',1655763895255839000
P,'u',1655763895279644000
P,'t',1655763895351673000
R,'u',1655763895366888000
R,'t',1655763895455632000
P,Key.space,1655763895495668000
R,Key.space,1655763895608122000
P,'w',1655763895623062000
P,'i',1655763895727653000
R,'w',1655763895735132000
R,'i',1655763895783610000
P,'l',1655763895895651000
R,'l',1655763895935996000
P,'l',1655763896015491000
P,Key.space,1655763896023134000
R,'l',1655763896079649000
R,Key.space,1655763896200845000
P,'m',1655763896240181000
R,'m',1655763896311488000
P,Key.backspace,1655763896527431000
R,Key.backspace,1655763896583537000
P,'s',1655763896591384000
R,'s',1655763896672099000
P,'m',1655763896703994000
R,'m',1655763896791466000
P,'i',1655763896863990000
P,'t',1655763896943823000
R,'i',1655763896958779000
P,'h',1655763897023872000
R,'t',1655763897063355000
R,'h',1655763897111546000
P,Key.space,1655763897200859000
R,Key.space,1655763897271864000
P,'i',1655763897351182000
P,'s',1655763897400902000
R,'i',1655763897422938000
R,'s',1655763897519594000
P,Key.space,1655763897527259000
R,Key.space,1655763897600884000
P,'t',1655763897623228000
R,'t',1655763897687600000
P,'a',1655763897791445000
P,'k',1655763897831480000
R,'a',1655763897903903000
R,'k',1655763897959484000
P,'i',1655763898008433000
P,'n',1655763898104384000
R,'i',1655763898111088000
R,'n',1655763898183229000
P,Key.space,1655763898287684000
R,Key.space,1655763898383521000
P,Key.backspace,1655763898576501000
P,'g',1655763898647730000
R,Key.backspace,1655763898648306000
R,'g',1655763898759431000
P,Key.space,1655763898783497000
P,'t',1655763898871855000
R,Key.space,1655763898886739000
P,'h',1655763898943898000
R,'t',1655763898966882000
R,'h',1655763898991468000
P,'i',1655763899063519000
P,'n',1655763899135445000
P,'g',1655763899143034000
R,'i',1655763899166858000
R,'n',1655763899231381000
R,'g',1655763899239322000
P,'s',1655763899335392000
P,Key.space,1655763899447582000
R,'s',1655763899471297000
R,Key.space,1655763899519500000
P,'i',1655763899608166000
P,'n',1655763899663485000
R,'i',1655763899711412000
P,'t',1655763899735826000
R,'n',1655763899743128000
P,'o',1655763899831507000
R,'t',1655763899838980000
R,'o',1655763899895488000
P,Key.space,1655763899967757000
R,Key.space,1655763900072054000
P,'h',1655763900144076000
R,'h',1655763900255510000
P,'i',1655763900286771000
P,'s',1655763900318987000
R,'i',1655763900367658000
P,Key.space,1655763900471796000
R,'s',1655763900511192000
R,Key.space,1655763900551426000
P,'o',1655763900647487000
R,'o',1655763900735422000
P,'w',1655763900742964000
P,'n',1655763900808595000
R,'w',1655763900847427000
R,'n',1655763900879048000
P,Key.space,1655763900968077000
R,Key.space,1655763901063302000
P,'h',1655763901103726000
R,'h',1655763901174922000
P,'a',1655763901215529000
P,'n',1655763901295472000
R,'a',1655763901310654000
R,'n',1655763901383299000
P,'d',1655763901439767000
P,'s',1655763901583287000
R,'d',1655763901615364000
R,'s',1655763901735307000
P,Key.ctrl,1655763909127555000
R,Key.ctrl,1655763909503128000
P,Key.ctrl,1655763909927095000
P,'c',1655763910639498000
P,'m',1655764252708492000
R,'m',1655764252895476000
P,'r',1655764252999527000
R,'r',1655764253143464000
P,Key.space,1655764253207504000
R,Key.space,1655764253414868000
P,'b',1655764255863354000
R,'b',1655764255975175000
P,'i',1655764256015459000
P,'d',1655764256111408000
R,'i',1655764256134983000
R,'d',1655764256207368000
P,'e',1655764256303613000
R,'e',1655764256407416000
P,'n',1655764256471273000
R,'n',1655764256591349000
P,Key.space,1655764256791310000
R,Key.space,1655764256887293000
P,'l',1655764257511316000
R,'l',1655764257599368000
P,'o',1655764257703303000
R,'o',1655764257759281000
P,'o',1655764257855302000
R,'o',1655764257991367000
P,Key.backspace,1655764259095228000
R,Key.backspace,1655764259159123000
P,Key.backspace,1655764259255217000
R,Key.backspace,1655764259327211000
P,Key.backspace,1655764259359272000
R,Key.backspace,1655764259447190000
P,Key.backspace,1655764259583261000
R,Key.backspace,1655764259655186000
P,Key.space,1655764260839174000
R,Key.space,1655764260966996000
P,'l',1655764292694037000
R,'l',1655764292781643000
P,'o',1655764292869772000
R,'o',1655764292925843000
P,'o',1655764292997709000
P,'k',1655764293061759000
R,'o',1655764293117805000
R,'k',1655764293173773000
P,'i',1655764293237774000
P,'n',1655764293333813000
R,'i',1655764293349037000
P,'g',1655764293413954000
R,'n',1655764293414710000
R,'g',1655764293485790000
P,Key.space,1655764293517902000
R,Key.space,1655764293621699000
P,'k',1655764294325385000
R,'k',1655764294422426000
P,'i',1655764294557653000
P,'n',1655764294598580000
R,'i',1655764294628905000
P,'d',1655764294669752000
R,'n',1655764294717651000
R,'d',1655764294749686000
P,'a',1655764294829680000
P,Key.space,1655764294925716000
R,'a',1655764294941013000
R,Key.space,1655764294989700000
P,'o',1655764295077686000
R,'o',1655764295141639000
P,'l',1655764295229712000
P,'d',1655764295285662000
R,'l',1655764295309227000
R,'d',1655764295373723000
P,Key.space,1655764295405748000
P,'a',1655764295509170000
R,Key.space,1655764295516961000
P,'s',1655764295573767000
R,'a',1655764295606539000
R,'s',1655764295677740000
P,Key.space,1655764295678567000
R,Key.space,1655764295766304000
P,'f',1655764295837255000
P,'u',1655764295901798000
R,'f',1655764295916915000
R,'u',1655764295981262000
P,'c',1655764296062651000
P,'k',1655764296141650000
R,'c',1655764296149210000
R,'k',1655764296213553000
P,'.',1655764297821608000
R,'.',1655764297909542000
P,Key.ctrl,1655764302388945000
R,Key.ctrl,1655764302637466000
P,Key.ctrl,1655764303181404000
P,'c',1655764303453447000
P,'c',1655764567257785000
R,'c',1655764567378135000
